================================================================================
Dispositivo de Treinamento: cuda (NVIDIA GeForce RTX 3050 Laptop GPU)
VRAM Total Disponível: 3767.6 MB
================================================================================
Configuração:
 - Épocas: 50000
 - Pesos: PDE=1.0, IC=20.0, Ext_BC=20.0, Holes_BC=40.0
 - Amostragem Total por Passo: 46,000 pontos
================================================================================
Colocação pronta:
  - PDE Interior + Camada Limite: 30,000
  - Condição Inicial (t=0):       6,000
  - Borda Externa (u=1):          4,000
  - Bordas dos Furos (u=0):       6,000
  - Conjunto Teste Independente:  50,000
[*] Encontrado checkpoint em ./paper2_heat_irregular_domain/models/pinn_heat_holes_checkpoint.pth. Carregando...
/home/warley/vault/research/eu/./paper2_heat_irregular_domain/src/train_heat_holes_2d.py:229: FutureWarning: You are using `torch.load` with `weights_only=False` (the current default value), which uses the default pickle module implicitly. It is possible to construct malicious pickle data which will execute arbitrary code during unpickling (See https://github.com/pytorch/pytorch/blob/main/SECURITY.md#untrusted-models for more details). In a future release, the default value for `weights_only` will be flipped to `True`. This limits the functions that could be executed during unpickling. Arbitrary objects will no longer be allowed to be loaded via this mode unless they are explicitly allowlisted by the user via `torch.serialization.add_safe_globals`. We recommend you start setting `weights_only=True` for any use case where you don't have full control of the loaded file. Please open an issue on GitHub for any issues related to this experimental feature.
  checkpoint = torch.load(checkpoint_path, map_location=device)
[*] Retomando treinamento a partir da época 2001!

================================================================================
INICIANDO TREINAMENTO DA PINN (50,000 ÉPOCAS) NA GPU...
================================================================================
/home/warley/.venv/pinn-gpu/lib/python3.11/site-packages/torch/autograd/graph.py:825: UserWarning: Attempting to run cuBLAS, but there was no current CUDA context! Attempting to set the primary context... (Triggered internally at ../aten/src/ATen/cuda/CublasHandlePool.cpp:135.)
  return Variable._execution_engine.run_backward(  # Calls into the C++ engine to run the backward pass
[ 2010/50000] Loss: 4.8660e-01 | PDE: 1.8007e-01 | Holes: 6.8515e-04 | Ext: 1.0475e-02 | ms/ep: 121.7 | LR: 9.96e-04 | ETA: 97.4min
[ 2020/50000] Loss: 4.7948e-01 | PDE: 1.7626e-01 | Holes: 6.6551e-04 | Ext: 1.0379e-02 | ms/ep: 105.7 | LR: 9.96e-04 | ETA: 84.5min
[ 2030/50000] Loss: 4.7254e-01 | PDE: 1.7254e-01 | Holes: 6.4660e-04 | Ext: 1.0284e-02 | ms/ep: 105.8 | LR: 9.96e-04 | ETA: 84.6min
[ 2040/50000] Loss: 4.6576e-01 | PDE: 1.6893e-01 | Holes: 6.2815e-04 | Ext: 1.0191e-02 | ms/ep: 105.4 | LR: 9.96e-04 | ETA: 84.3min
[ 2050/50000] Loss: 4.5917e-01 | PDE: 1.6543e-01 | Holes: 6.1032e-04 | Ext: 1.0100e-02 | ms/ep: 105.7 | LR: 9.96e-04 | ETA: 84.5min
[ 2060/50000] Loss: 4.5274e-01 | PDE: 1.6203e-01 | Holes: 5.9306e-04 | Ext: 1.0010e-02 | ms/ep: 105.6 | LR: 9.96e-04 | ETA: 84.4min
[ 2070/50000] Loss: 4.4650e-01 | PDE: 1.5874e-01 | Holes: 5.7637e-04 | Ext: 9.9229e-03 | ms/ep: 106.2 | LR: 9.96e-04 | ETA: 84.8min
[ 2080/50000] Loss: 4.4042e-01 | PDE: 1.5556e-01 | Holes: 5.6033e-04 | Ext: 9.8367e-03 | ms/ep: 105.7 | LR: 9.96e-04 | ETA: 84.4min
[ 2090/50000] Loss: 4.3452e-01 | PDE: 1.5249e-01 | Holes: 5.4548e-04 | Ext: 9.7490e-03 | ms/ep: 105.8 | LR: 9.96e-04 | ETA: 84.4min
[ 2100/50000] Loss: 4.2888e-01 | PDE: 1.4950e-01 | Holes: 5.4261e-04 | Ext: 9.6084e-03 | ms/ep: 105.7 | LR: 9.96e-04 | ETA: 84.4min
[ 2110/50000] Loss: 4.8966e-01 | PDE: 1.4961e-01 | Holes: 1.7141e-03 | Ext: 8.8670e-03 | ms/ep: 105.9 | LR: 9.96e-04 | ETA: 84.5min
[ 2120/50000] Loss: 6.9521e-01 | PDE: 1.5474e-01 | Holes: 3.2434e-03 | Ext: 1.6753e-02 | ms/ep: 105.6 | LR: 9.96e-04 | ETA: 84.3min
[ 2130/50000] Loss: 5.4671e-01 | PDE: 1.4244e-01 | Holes: 2.1840e-03 | Ext: 1.2688e-02 | ms/ep: 105.7 | LR: 9.96e-04 | ETA: 84.3min
[ 2140/50000] Loss: 4.3288e-01 | PDE: 1.4094e-01 | Holes: 7.6857e-04 | Ext: 1.0252e-02 | ms/ep: 105.8 | LR: 9.96e-04 | ETA: 84.4min
[ 2150/50000] Loss: 4.1500e-01 | PDE: 1.3820e-01 | Holes: 5.1251e-04 | Ext: 1.0080e-02 | ms/ep: 105.7 | LR: 9.95e-04 | ETA: 84.3min
[ 2160/50000] Loss: 4.0720e-01 | PDE: 1.3480e-01 | Holes: 4.9490e-04 | Ext: 9.8436e-03 | ms/ep: 105.8 | LR: 9.95e-04 | ETA: 84.4min
[ 2170/50000] Loss: 3.9855e-01 | PDE: 1.3295e-01 | Holes: 4.5204e-04 | Ext: 9.3175e-03 | ms/ep: 105.9 | LR: 9.95e-04 | ETA: 84.4min
[ 2180/50000] Loss: 3.9170e-01 | PDE: 1.3043e-01 | Holes: 4.1843e-04 | Ext: 9.2455e-03 | ms/ep: 105.8 | LR: 9.95e-04 | ETA: 84.3min
[ 2190/50000] Loss: 3.8722e-01 | PDE: 1.2813e-01 | Holes: 4.2957e-04 | Ext: 9.1199e-03 | ms/ep: 105.9 | LR: 9.95e-04 | ETA: 84.4min
[ 2200/50000] Loss: 3.8283e-01 | PDE: 1.2622e-01 | Holes: 4.2108e-04 | Ext: 8.9688e-03 | ms/ep: 105.9 | LR: 9.95e-04 | ETA: 84.4min
[ 2210/50000] Loss: 3.7869e-01 | PDE: 1.2415e-01 | Holes: 4.1492e-04 | Ext: 8.8898e-03 | ms/ep: 105.7 | LR: 9.95e-04 | ETA: 84.2min
[ 2220/50000] Loss: 3.7462e-01 | PDE: 1.2213e-01 | Holes: 4.0294e-04 | Ext: 8.8557e-03 | ms/ep: 106.1 | LR: 9.95e-04 | ETA: 84.5min
[ 2230/50000] Loss: 3.7067e-01 | PDE: 1.2022e-01 | Holes: 3.9253e-04 | Ext: 8.8087e-03 | ms/ep: 105.6 | LR: 9.95e-04 | ETA: 84.1min
[ 2240/50000] Loss: 3.6680e-01 | PDE: 1.1835e-01 | Holes: 3.8671e-04 | Ext: 8.7294e-03 | ms/ep: 105.8 | LR: 9.95e-04 | ETA: 84.2min
[ 2250/50000] Loss: 3.6301e-01 | PDE: 1.1655e-01 | Holes: 3.7859e-04 | Ext: 8.6657e-03 | ms/ep: 105.6 | LR: 9.95e-04 | ETA: 84.0min
[ 2260/50000] Loss: 3.5930e-01 | PDE: 1.1476e-01 | Holes: 3.7114e-04 | Ext: 8.6072e-03 | ms/ep: 106.1 | LR: 9.95e-04 | ETA: 84.4min
[ 2270/50000] Loss: 3.5566e-01 | PDE: 1.1302e-01 | Holes: 3.6467e-04 | Ext: 8.5438e-03 | ms/ep: 105.9 | LR: 9.95e-04 | ETA: 84.2min
[ 2280/50000] Loss: 3.5209e-01 | PDE: 1.1132e-01 | Holes: 3.5780e-04 | Ext: 8.4852e-03 | ms/ep: 106.3 | LR: 9.95e-04 | ETA: 84.6min
[ 2290/50000] Loss: 3.4859e-01 | PDE: 1.0966e-01 | Holes: 3.5144e-04 | Ext: 8.4255e-03 | ms/ep: 106.0 | LR: 9.95e-04 | ETA: 84.3min
[ 2300/50000] Loss: 3.4515e-01 | PDE: 1.0804e-01 | Holes: 3.4537e-04 | Ext: 8.3657e-03 | ms/ep: 106.0 | LR: 9.95e-04 | ETA: 84.3min
[ 2310/50000] Loss: 3.4177e-01 | PDE: 1.0646e-01 | Holes: 3.3950e-04 | Ext: 8.3070e-03 | ms/ep: 106.0 | LR: 9.95e-04 | ETA: 84.3min
[ 2320/50000] Loss: 3.3846e-01 | PDE: 1.0491e-01 | Holes: 3.3402e-04 | Ext: 8.2473e-03 | ms/ep: 106.0 | LR: 9.95e-04 | ETA: 84.3min
[ 2330/50000] Loss: 3.3522e-01 | PDE: 1.0341e-01 | Holes: 3.3070e-04 | Ext: 8.1739e-03 | ms/ep: 105.8 | LR: 9.95e-04 | ETA: 84.0min
[ 2340/50000] Loss: 3.3377e-01 | PDE: 1.0216e-01 | Holes: 3.7493e-04 | Ext: 7.9319e-03 | ms/ep: 105.7 | LR: 9.95e-04 | ETA: 84.0min
[ 2350/50000] Loss: 7.1789e-01 | PDE: 1.1674e-01 | Holes: 6.4563e-03 | Ext: 9.2792e-03 | ms/ep: 105.9 | LR: 9.95e-04 | ETA: 84.1min
[ 2360/50000] Loss: 5.4148e-01 | PDE: 1.0217e-01 | Holes: 3.1023e-03 | Ext: 1.3356e-02 | ms/ep: 105.8 | LR: 9.95e-04 | ETA: 84.0min
[ 2370/50000] Loss: 3.9898e-01 | PDE: 1.0133e-01 | Holes: 1.1951e-03 | Ext: 1.0309e-02 | ms/ep: 105.7 | LR: 9.95e-04 | ETA: 83.9min
[ 2380/50000] Loss: 3.3621e-01 | PDE: 9.9267e-02 | Holes: 4.7497e-04 | Ext: 8.3408e-03 | ms/ep: 106.0 | LR: 9.94e-04 | ETA: 84.1min
[ 2390/50000] Loss: 3.1920e-01 | PDE: 9.4982e-02 | Holes: 3.2586e-04 | Ext: 7.9008e-03 | ms/ep: 105.9 | LR: 9.94e-04 | ETA: 84.0min
[ 2400/50000] Loss: 3.2044e-01 | PDE: 9.5002e-02 | Holes: 4.0088e-04 | Ext: 7.6005e-03 | ms/ep: 105.7 | LR: 9.94e-04 | ETA: 83.9min
[ 2410/50000] Loss: 3.1368e-01 | PDE: 9.3251e-02 | Holes: 3.2390e-04 | Ext: 7.6713e-03 | ms/ep: 106.5 | LR: 9.94e-04 | ETA: 84.5min
[ 2420/50000] Loss: 3.1020e-01 | PDE: 9.1929e-02 | Holes: 2.7689e-04 | Ext: 7.8265e-03 | ms/ep: 105.8 | LR: 9.94e-04 | ETA: 83.9min
[ 2430/50000] Loss: 3.0751e-01 | PDE: 9.0735e-02 | Holes: 2.8128e-04 | Ext: 7.7367e-03 | ms/ep: 106.7 | LR: 9.94e-04 | ETA: 84.6min
[ 2440/50000] Loss: 3.0483e-01 | PDE: 8.9740e-02 | Holes: 2.8380e-04 | Ext: 7.6007e-03 | ms/ep: 106.6 | LR: 9.94e-04 | ETA: 84.5min
[ 2450/50000] Loss: 3.0222e-01 | PDE: 8.8601e-02 | Holes: 2.7442e-04 | Ext: 7.6040e-03 | ms/ep: 106.5 | LR: 9.94e-04 | ETA: 84.4min
[ 2460/50000] Loss: 2.9972e-01 | PDE: 8.7522e-02 | Holes: 2.7312e-04 | Ext: 7.5407e-03 | ms/ep: 111.1 | LR: 9.94e-04 | ETA: 88.1min
[ 2470/50000] Loss: 2.9727e-01 | PDE: 8.6500e-02 | Holes: 2.6890e-04 | Ext: 7.4963e-03 | ms/ep: 105.9 | LR: 9.94e-04 | ETA: 83.9min
[ 2480/50000] Loss: 2.9485e-01 | PDE: 8.5489e-02 | Holes: 2.6627e-04 | Ext: 7.4433e-03 | ms/ep: 105.7 | LR: 9.94e-04 | ETA: 83.7min
[ 2490/50000] Loss: 2.9247e-01 | PDE: 8.4496e-02 | Holes: 2.6217e-04 | Ext: 7.4037e-03 | ms/ep: 103.9 | LR: 9.94e-04 | ETA: 82.2min
[ 2500/50000] Loss: 2.9013e-01 | PDE: 8.3538e-02 | Holes: 2.5937e-04 | Ext: 7.3523e-03 | ms/ep: 104.1 | LR: 9.94e-04 | ETA: 82.4min
[ 2510/50000] Loss: 2.8783e-01 | PDE: 8.2599e-02 | Holes: 2.5646e-04 | Ext: 7.3031e-03 | ms/ep: 109.5 | LR: 9.94e-04 | ETA: 86.7min
[ 2520/50000] Loss: 2.8556e-01 | PDE: 8.1683e-02 | Holes: 2.5391e-04 | Ext: 7.2520e-03 | ms/ep: 112.1 | LR: 9.94e-04 | ETA: 88.7min
[ 2530/50000] Loss: 2.8337e-01 | PDE: 8.0823e-02 | Holes: 2.5470e-04 | Ext: 7.1740e-03 | ms/ep: 104.0 | LR: 9.94e-04 | ETA: 82.3min
[ 2540/50000] Loss: 2.8883e-01 | PDE: 8.0647e-02 | Holes: 3.9452e-04 | Ext: 6.8249e-03 | ms/ep: 104.2 | LR: 9.94e-04 | ETA: 82.4min
[ 2550/50000] Loss: 8.5277e-01 | PDE: 9.2881e-02 | Holes: 9.4454e-03 | Ext: 9.4024e-03 | ms/ep: 104.0 | LR: 9.94e-04 | ETA: 82.2min
[ 2560/50000] Loss: 2.8955e-01 | PDE: 7.9560e-02 | Holes: 4.3409e-04 | Ext: 6.9661e-03 | ms/ep: 104.2 | LR: 9.94e-04 | ETA: 82.4min
[ 2570/50000] Loss: 3.4013e-01 | PDE: 8.1788e-02 | Holes: 8.4969e-04 | Ext: 9.3367e-03 | ms/ep: 103.9 | LR: 9.94e-04 | ETA: 82.1min
[ 2580/50000] Loss: 3.0313e-01 | PDE: 7.6715e-02 | Holes: 5.4863e-04 | Ext: 8.3052e-03 | ms/ep: 104.1 | LR: 9.94e-04 | ETA: 82.3min
[ 2590/50000] Loss: 2.8221e-01 | PDE: 7.6281e-02 | Holes: 3.4920e-04 | Ext: 7.4635e-03 | ms/ep: 103.8 | LR: 9.93e-04 | ETA: 82.0min
[ 2600/50000] Loss: 2.7059e-01 | PDE: 7.5458e-02 | Holes: 2.4091e-04 | Ext: 7.0644e-03 | ms/ep: 104.2 | LR: 9.93e-04 | ETA: 82.3min
[ 2610/50000] Loss: 2.6903e-01 | PDE: 7.5050e-02 | Holes: 2.5652e-04 | Ext: 6.7684e-03 | ms/ep: 103.9 | LR: 9.93e-04 | ETA: 82.1min
[ 2620/50000] Loss: 2.6606e-01 | PDE: 7.4023e-02 | Holes: 2.3913e-04 | Ext: 6.7435e-03 | ms/ep: 104.3 | LR: 9.93e-04 | ETA: 82.3min
[ 2630/50000] Loss: 2.6412e-01 | PDE: 7.3167e-02 | Holes: 2.2037e-04 | Ext: 6.8739e-03 | ms/ep: 103.9 | LR: 9.93e-04 | ETA: 82.0min
[ 2640/50000] Loss: 2.6204e-01 | PDE: 7.2466e-02 | Holes: 2.2350e-04 | Ext: 6.7723e-03 | ms/ep: 104.1 | LR: 9.93e-04 | ETA: 82.2min
[ 2650/50000] Loss: 2.6019e-01 | PDE: 7.1898e-02 | Holes: 2.2192e-04 | Ext: 6.7000e-03 | ms/ep: 104.1 | LR: 9.93e-04 | ETA: 82.2min
[ 2660/50000] Loss: 2.5835e-01 | PDE: 7.1165e-02 | Holes: 2.1772e-04 | Ext: 6.6977e-03 | ms/ep: 104.2 | LR: 9.93e-04 | ETA: 82.2min
[ 2670/50000] Loss: 2.5654e-01 | PDE: 7.0552e-02 | Holes: 2.1678e-04 | Ext: 6.6365e-03 | ms/ep: 104.0 | LR: 9.93e-04 | ETA: 82.1min
[ 2680/50000] Loss: 2.5474e-01 | PDE: 6.9890e-02 | Holes: 2.1404e-04 | Ext: 6.6067e-03 | ms/ep: 103.9 | LR: 9.93e-04 | ETA: 82.0min
[ 2690/50000] Loss: 2.5297e-01 | PDE: 6.9260e-02 | Holes: 2.1204e-04 | Ext: 6.5651e-03 | ms/ep: 103.9 | LR: 9.93e-04 | ETA: 81.9min
[ 2700/50000] Loss: 2.5122e-01 | PDE: 6.8642e-02 | Holes: 2.1046e-04 | Ext: 6.5206e-03 | ms/ep: 104.1 | LR: 9.93e-04 | ETA: 82.1min
[ 2710/50000] Loss: 2.4948e-01 | PDE: 6.8032e-02 | Holes: 2.0863e-04 | Ext: 6.4794e-03 | ms/ep: 103.9 | LR: 9.93e-04 | ETA: 81.9min
[ 2720/50000] Loss: 2.4777e-01 | PDE: 6.7444e-02 | Holes: 2.0781e-04 | Ext: 6.4283e-03 | ms/ep: 104.0 | LR: 9.93e-04 | ETA: 82.0min
[ 2730/50000] Loss: 2.4669e-01 | PDE: 6.7010e-02 | Holes: 2.2181e-04 | Ext: 6.2973e-03 | ms/ep: 104.1 | LR: 9.93e-04 | ETA: 82.0min
[ 2740/50000] Loss: 3.2230e-01 | PDE: 6.9972e-02 | Holes: 1.4038e-03 | Ext: 6.0371e-03 | ms/ep: 104.1 | LR: 9.93e-04 | ETA: 82.0min
[ 2750/50000] Loss: 2.6261e-01 | PDE: 6.8320e-02 | Holes: 3.6563e-04 | Ext: 6.9875e-03 | ms/ep: 104.3 | LR: 9.93e-04 | ETA: 82.2min
[ 2760/50000] Loss: 3.3966e-01 | PDE: 6.9492e-02 | Holes: 1.7110e-03 | Ext: 6.3203e-03 | ms/ep: 103.9 | LR: 9.93e-04 | ETA: 81.8min
[ 2770/50000] Loss: 2.4716e-01 | PDE: 6.6320e-02 | Holes: 2.9858e-04 | Ext: 5.9646e-03 | ms/ep: 104.0 | LR: 9.93e-04 | ETA: 81.9min
[ 2780/50000] Loss: 2.4973e-01 | PDE: 6.3191e-02 | Holes: 3.2679e-04 | Ext: 6.8710e-03 | ms/ep: 104.1 | LR: 9.92e-04 | ETA: 81.9min
[ 2790/50000] Loss: 2.4052e-01 | PDE: 6.3704e-02 | Holes: 2.1300e-04 | Ext: 6.5314e-03 | ms/ep: 104.0 | LR: 9.92e-04 | ETA: 81.9min
[ 2800/50000] Loss: 2.3779e-01 | PDE: 6.3680e-02 | Holes: 2.4100e-04 | Ext: 6.0230e-03 | ms/ep: 104.1 | LR: 9.92e-04 | ETA: 81.9min
[ 2810/50000] Loss: 2.3414e-01 | PDE: 6.2859e-02 | Holes: 1.8777e-04 | Ext: 6.1515e-03 | ms/ep: 104.1 | LR: 9.92e-04 | ETA: 81.9min
[ 2820/50000] Loss: 2.3258e-01 | PDE: 6.2055e-02 | Holes: 1.9075e-04 | Ext: 6.1577e-03 | ms/ep: 104.1 | LR: 9.92e-04 | ETA: 81.9min
[ 2830/50000] Loss: 2.3100e-01 | PDE: 6.1765e-02 | Holes: 1.8996e-04 | Ext: 6.0308e-03 | ms/ep: 104.3 | LR: 9.92e-04 | ETA: 82.0min
[ 2840/50000] Loss: 2.2943e-01 | PDE: 6.1096e-02 | Holes: 1.8627e-04 | Ext: 6.0525e-03 | ms/ep: 103.9 | LR: 9.92e-04 | ETA: 81.7min
[ 2850/50000] Loss: 2.2791e-01 | PDE: 6.0698e-02 | Holes: 1.8459e-04 | Ext: 5.9882e-03 | ms/ep: 104.0 | LR: 9.92e-04 | ETA: 81.7min
[ 2860/50000] Loss: 2.2644e-01 | PDE: 6.0207e-02 | Holes: 1.8487e-04 | Ext: 5.9431e-03 | ms/ep: 104.1 | LR: 9.92e-04 | ETA: 81.8min
[ 2870/50000] Loss: 2.2496e-01 | PDE: 5.9715e-02 | Holes: 1.8224e-04 | Ext: 5.9210e-03 | ms/ep: 104.2 | LR: 9.92e-04 | ETA: 81.8min
[ 2880/50000] Loss: 2.2351e-01 | PDE: 5.9227e-02 | Holes: 1.8055e-04 | Ext: 5.8940e-03 | ms/ep: 104.0 | LR: 9.92e-04 | ETA: 81.7min
[ 2890/50000] Loss: 2.2210e-01 | PDE: 5.8723e-02 | Holes: 1.7843e-04 | Ext: 5.8816e-03 | ms/ep: 104.1 | LR: 9.92e-04 | ETA: 81.7min
[ 2900/50000] Loss: 2.2319e-01 | PDE: 5.8008e-02 | Holes: 1.9888e-04 | Ext: 6.0749e-03 | ms/ep: 104.4 | LR: 9.92e-04 | ETA: 81.9min
[ 2910/50000] Loss: 4.9507e-01 | PDE: 6.1400e-02 | Holes: 3.5954e-03 | Ext: 1.2026e-02 | ms/ep: 103.9 | LR: 9.92e-04 | ETA: 81.6min
[ 2920/50000] Loss: 4.1723e-01 | PDE: 6.0804e-02 | Holes: 3.1651e-03 | Ext: 6.5685e-03 | ms/ep: 104.2 | LR: 9.92e-04 | ETA: 81.8min
[ 2930/50000] Loss: 2.4360e-01 | PDE: 5.7912e-02 | Holes: 5.1079e-04 | Ext: 6.5783e-03 | ms/ep: 104.0 | LR: 9.92e-04 | ETA: 81.6min
[ 2940/50000] Loss: 2.3048e-01 | PDE: 5.6752e-02 | Holes: 3.3518e-04 | Ext: 6.3104e-03 | ms/ep: 104.2 | LR: 9.92e-04 | ETA: 81.7min
[ 2950/50000] Loss: 2.2051e-01 | PDE: 5.6985e-02 | Holes: 2.7818e-04 | Ext: 5.4193e-03 | ms/ep: 104.1 | LR: 9.92e-04 | ETA: 81.7min
[ 2960/50000] Loss: 2.1342e-01 | PDE: 5.5873e-02 | Holes: 1.7680e-04 | Ext: 5.6324e-03 | ms/ep: 104.1 | LR: 9.91e-04 | ETA: 81.6min
[ 2970/50000] Loss: 2.1198e-01 | PDE: 5.5129e-02 | Holes: 1.6925e-04 | Ext: 5.6939e-03 | ms/ep: 104.0 | LR: 9.91e-04 | ETA: 81.5min
[ 2980/50000] Loss: 2.1051e-01 | PDE: 5.5072e-02 | Holes: 1.7534e-04 | Ext: 5.5224e-03 | ms/ep: 104.2 | LR: 9.91e-04 | ETA: 81.6min
[ 2990/50000] Loss: 2.0906e-01 | PDE: 5.4569e-02 | Holes: 1.6655e-04 | Ext: 5.5752e-03 | ms/ep: 104.1 | LR: 9.91e-04 | ETA: 81.5min
[ 3000/50000] Loss: 2.0769e-01 | PDE: 5.4171e-02 | Holes: 1.6695e-04 | Ext: 5.5200e-03 | ms/ep: 104.2 | LR: 9.91e-04 | ETA: 81.6min
[ 3010/50000] Loss: 2.0641e-01 | PDE: 5.3819e-02 | Holes: 1.6806e-04 | Ext: 5.4559e-03 | ms/ep: 103.8 | LR: 9.91e-04 | ETA: 81.3min
[ 3020/50000] Loss: 2.0510e-01 | PDE: 5.3373e-02 | Holes: 1.6610e-04 | Ext: 5.4374e-03 | ms/ep: 104.2 | LR: 9.91e-04 | ETA: 81.6min
[ 3030/50000] Loss: 2.0381e-01 | PDE: 5.2978e-02 | Holes: 1.6530e-04 | Ext: 5.4064e-03 | ms/ep: 104.0 | LR: 9.91e-04 | ETA: 81.4min
[ 3040/50000] Loss: 2.0270e-01 | PDE: 5.2667e-02 | Holes: 1.6893e-04 | Ext: 5.3351e-03 | ms/ep: 104.2 | LR: 9.91e-04 | ETA: 81.6min
[ 3050/50000] Loss: 2.1287e-01 | PDE: 5.3298e-02 | Holes: 3.4904e-04 | Ext: 5.0578e-03 | ms/ep: 104.0 | LR: 9.91e-04 | ETA: 81.4min
[ 3060/50000] Loss: 5.1007e-01 | PDE: 5.9354e-02 | Holes: 5.1087e-03 | Ext: 6.4525e-03 | ms/ep: 104.1 | LR: 9.91e-04 | ETA: 81.5min
[ 3070/50000] Loss: 2.6016e-01 | PDE: 5.0937e-02 | Holes: 8.9233e-04 | Ext: 7.1656e-03 | ms/ep: 104.2 | LR: 9.91e-04 | ETA: 81.5min
[ 3080/50000] Loss: 2.1001e-01 | PDE: 5.2860e-02 | Holes: 3.6112e-04 | Ext: 5.3527e-03 | ms/ep: 104.3 | LR: 9.91e-04 | ETA: 81.5min
[ 3090/50000] Loss: 2.0555e-01 | PDE: 5.2125e-02 | Holes: 2.9368e-04 | Ext: 5.1721e-03 | ms/ep: 104.2 | LR: 9.91e-04 | ETA: 81.5min
[ 3100/50000] Loss: 2.0026e-01 | PDE: 5.0043e-02 | Holes: 2.0257e-04 | Ext: 5.5635e-03 | ms/ep: 104.2 | LR: 9.91e-04 | ETA: 81.5min
[ 3110/50000] Loss: 1.9630e-01 | PDE: 5.0177e-02 | Holes: 1.9204e-04 | Ext: 5.0573e-03 | ms/ep: 104.1 | LR: 9.91e-04 | ETA: 81.3min
[ 3120/50000] Loss: 1.9399e-01 | PDE: 4.9561e-02 | Holes: 1.5983e-04 | Ext: 5.2616e-03 | ms/ep: 104.2 | LR: 9.91e-04 | ETA: 81.4min
[ 3130/50000] Loss: 1.9207e-01 | PDE: 4.9363e-02 | Holes: 1.5652e-04 | Ext: 5.1270e-03 | ms/ep: 104.1 | LR: 9.90e-04 | ETA: 81.3min
[ 3140/50000] Loss: 1.9108e-01 | PDE: 4.9075e-02 | Holes: 1.6086e-04 | Ext: 5.0518e-03 | ms/ep: 104.3 | LR: 9.90e-04 | ETA: 81.5min
[ 3150/50000] Loss: 1.8976e-01 | PDE: 4.8660e-02 | Holes: 1.5641e-04 | Ext: 5.0463e-03 | ms/ep: 104.4 | LR: 9.90e-04 | ETA: 81.5min
[ 3160/50000] Loss: 1.8868e-01 | PDE: 4.8322e-02 | Holes: 1.5807e-04 | Ext: 5.0004e-03 | ms/ep: 104.2 | LR: 9.90e-04 | ETA: 81.3min
[ 3170/50000] Loss: 1.9074e-01 | PDE: 4.8432e-02 | Holes: 2.1151e-04 | Ext: 4.8298e-03 | ms/ep: 104.2 | LR: 9.90e-04 | ETA: 81.4min
[ 3180/50000] Loss: 3.5003e-01 | PDE: 5.3867e-02 | Holes: 2.6582e-03 | Ext: 5.4098e-03 | ms/ep: 104.2 | LR: 9.90e-04 | ETA: 81.3min
[ 3190/50000] Loss: 2.2828e-01 | PDE: 4.7063e-02 | Holes: 6.8674e-04 | Ext: 6.3414e-03 | ms/ep: 104.4 | LR: 9.90e-04 | ETA: 81.5min
[ 3200/50000] Loss: 2.0819e-01 | PDE: 4.8224e-02 | Holes: 5.2136e-04 | Ext: 4.6688e-03 | ms/ep: 104.1 | LR: 9.90e-04 | ETA: 81.2min
[ 3210/50000] Loss: 1.9264e-01 | PDE: 4.6462e-02 | Holes: 2.5819e-04 | Ext: 5.3820e-03 | ms/ep: 104.2 | LR: 9.90e-04 | ETA: 81.3min
[ 3220/50000] Loss: 1.8498e-01 | PDE: 4.7046e-02 | Holes: 1.9296e-04 | Ext: 4.7763e-03 | ms/ep: 104.1 | LR: 9.90e-04 | ETA: 81.1min
[ 3230/50000] Loss: 1.8138e-01 | PDE: 4.5976e-02 | Holes: 1.5378e-04 | Ext: 4.8538e-03 | ms/ep: 104.2 | LR: 9.90e-04 | ETA: 81.3min
[ 3240/50000] Loss: 1.8153e-01 | PDE: 4.5373e-02 | Holes: 1.6140e-04 | Ext: 5.0040e-03 | ms/ep: 104.0 | LR: 9.90e-04 | ETA: 81.1min
[ 3250/50000] Loss: 1.7892e-01 | PDE: 4.5229e-02 | Holes: 1.4739e-04 | Ext: 4.8333e-03 | ms/ep: 104.3 | LR: 9.90e-04 | ETA: 81.3min
[ 3260/50000] Loss: 1.7789e-01 | PDE: 4.5023e-02 | Holes: 1.4980e-04 | Ext: 4.7507e-03 | ms/ep: 104.1 | LR: 9.90e-04 | ETA: 81.1min
[ 3270/50000] Loss: 1.7836e-01 | PDE: 4.5007e-02 | Holes: 1.7653e-04 | Ext: 4.6147e-03 | ms/ep: 104.4 | LR: 9.90e-04 | ETA: 81.3min
[ 3280/50000] Loss: 2.5153e-01 | PDE: 4.8246e-02 | Holes: 1.2897e-03 | Ext: 4.6314e-03 | ms/ep: 107.0 | LR: 9.90e-04 | ETA: 83.3min
[ 3290/50000] Loss: 1.8956e-01 | PDE: 4.5347e-02 | Holes: 3.6707e-04 | Ext: 4.6226e-03 | ms/ep: 111.9 | LR: 9.89e-04 | ETA: 87.1min
[ 3300/50000] Loss: 1.7982e-01 | PDE: 4.3660e-02 | Holes: 2.1655e-04 | Ext: 4.9325e-03 | ms/ep: 106.0 | LR: 9.89e-04 | ETA: 82.5min
[ 3310/50000] Loss: 1.8172e-01 | PDE: 4.4694e-02 | Holes: 2.8470e-04 | Ext: 4.6206e-03 | ms/ep: 105.4 | LR: 9.89e-04 | ETA: 82.0min
[ 3320/50000] Loss: 1.7657e-01 | PDE: 4.2878e-02 | Holes: 1.8977e-04 | Ext: 4.9821e-03 | ms/ep: 104.8 | LR: 9.89e-04 | ETA: 81.5min
[ 3330/50000] Loss: 1.7441e-01 | PDE: 4.3247e-02 | Holes: 2.0524e-04 | Ext: 4.4210e-03 | ms/ep: 105.5 | LR: 9.89e-04 | ETA: 82.0min
[ 3340/50000] Loss: 1.7040e-01 | PDE: 4.2825e-02 | Holes: 1.5304e-04 | Ext: 4.5255e-03 | ms/ep: 105.4 | LR: 9.89e-04 | ETA: 82.0min
[ 3350/50000] Loss: 1.6900e-01 | PDE: 4.2248e-02 | Holes: 1.4174e-04 | Ext: 4.6052e-03 | ms/ep: 105.3 | LR: 9.89e-04 | ETA: 81.9min
[ 3360/50000] Loss: 1.7041e-01 | PDE: 4.1723e-02 | Holes: 1.6573e-04 | Ext: 4.7604e-03 | ms/ep: 105.3 | LR: 9.89e-04 | ETA: 81.9min
[ 3370/50000] Loss: 2.2997e-01 | PDE: 4.1686e-02 | Holes: 9.1418e-04 | Ext: 6.3841e-03 | ms/ep: 106.0 | LR: 9.89e-04 | ETA: 82.4min
[ 3380/50000] Loss: 1.9178e-01 | PDE: 4.1602e-02 | Holes: 4.7891e-04 | Ext: 5.2827e-03 | ms/ep: 106.5 | LR: 9.89e-04 | ETA: 82.7min
[ 3390/50000] Loss: 2.0350e-01 | PDE: 4.3758e-02 | Holes: 7.2680e-04 | Ext: 4.1989e-03 | ms/ep: 106.1 | LR: 9.89e-04 | ETA: 82.4min
[ 3400/50000] Loss: 1.7373e-01 | PDE: 4.0476e-02 | Holes: 2.4918e-04 | Ext: 4.9349e-03 | ms/ep: 106.5 | LR: 9.89e-04 | ETA: 82.7min
[ 3410/50000] Loss: 1.6532e-01 | PDE: 4.0643e-02 | Holes: 1.5919e-04 | Ext: 4.6036e-03 | ms/ep: 106.1 | LR: 9.89e-04 | ETA: 82.4min
[ 3420/50000] Loss: 1.6525e-01 | PDE: 4.0837e-02 | Holes: 1.8931e-04 | Ext: 4.2145e-03 | ms/ep: 106.3 | LR: 9.89e-04 | ETA: 82.5min
[ 3430/50000] Loss: 1.7405e-01 | PDE: 4.1539e-02 | Holes: 3.3404e-04 | Ext: 4.1191e-03 | ms/ep: 107.6 | LR: 9.89e-04 | ETA: 83.6min
[ 3440/50000] Loss: 2.1503e-01 | PDE: 4.2572e-02 | Holes: 9.6795e-04 | Ext: 4.1472e-03 | ms/ep: 121.5 | LR: 9.88e-04 | ETA: 94.3min
[ 3450/50000] Loss: 1.7344e-01 | PDE: 4.0666e-02 | Holes: 3.5298e-04 | Ext: 4.0524e-03 | ms/ep: 114.7 | LR: 9.88e-04 | ETA: 89.0min
[ 3460/50000] Loss: 1.6381e-01 | PDE: 3.9119e-02 | Holes: 1.9588e-04 | Ext: 4.6228e-03 | ms/ep: 104.0 | LR: 9.88e-04 | ETA: 80.6min
[ 3470/50000] Loss: 1.8861e-01 | PDE: 3.8693e-02 | Holes: 5.0677e-04 | Ext: 5.3818e-03 | ms/ep: 104.1 | LR: 9.88e-04 | ETA: 80.7min
[ 3480/50000] Loss: 1.8916e-01 | PDE: 3.8315e-02 | Holes: 5.5163e-04 | Ext: 5.2980e-03 | ms/ep: 104.4 | LR: 9.88e-04 | ETA: 80.9min
[ 3490/50000] Loss: 1.6286e-01 | PDE: 3.8269e-02 | Holes: 2.1254e-04 | Ext: 4.6223e-03 | ms/ep: 104.2 | LR: 9.88e-04 | ETA: 80.8min
[ 3500/50000] Loss: 1.5982e-01 | PDE: 3.8051e-02 | Holes: 1.8539e-04 | Ext: 4.5249e-03 | ms/ep: 115.2 | LR: 9.88e-04 | ETA: 89.3min
[ 3510/50000] Loss: 1.9451e-01 | PDE: 3.7667e-02 | Holes: 6.4014e-04 | Ext: 5.4634e-03 | ms/ep: 126.7 | LR: 9.88e-04 | ETA: 98.2min
[ 3520/50000] Loss: 2.1466e-01 | PDE: 3.7511e-02 | Holes: 9.4284e-04 | Ext: 5.7600e-03 | ms/ep: 126.0 | LR: 9.88e-04 | ETA: 97.6min
[ 3530/50000] Loss: 1.8131e-01 | PDE: 3.9647e-02 | Holes: 5.6767e-04 | Ext: 3.8609e-03 | ms/ep: 107.2 | LR: 9.88e-04 | ETA: 83.0min
[ 3540/50000] Loss: 1.5510e-01 | PDE: 3.8279e-02 | Holes: 1.8479e-04 | Ext: 4.0202e-03 | ms/ep: 104.1 | LR: 9.88e-04 | ETA: 80.6min
[ 3550/50000] Loss: 1.5742e-01 | PDE: 3.6945e-02 | Holes: 2.0646e-04 | Ext: 4.4783e-03 | ms/ep: 104.3 | LR: 9.88e-04 | ETA: 80.7min
[ 3560/50000] Loss: 1.6823e-01 | PDE: 3.6741e-02 | Holes: 3.4819e-04 | Ext: 4.8017e-03 | ms/ep: 104.5 | LR: 9.88e-04 | ETA: 80.9min
[ 3570/50000] Loss: 1.6971e-01 | PDE: 3.6304e-02 | Holes: 3.8983e-04 | Ext: 4.8204e-03 | ms/ep: 107.2 | LR: 9.88e-04 | ETA: 83.0min
[ 3580/50000] Loss: 1.8999e-01 | PDE: 3.6107e-02 | Holes: 6.5750e-04 | Ext: 5.3188e-03 | ms/ep: 104.1 | LR: 9.88e-04 | ETA: 80.5min
[ 3590/50000] Loss: 1.6145e-01 | PDE: 3.5906e-02 | Holes: 2.9324e-04 | Ext: 4.6332e-03 | ms/ep: 104.5 | LR: 9.87e-04 | ETA: 80.8min
[ 3600/50000] Loss: 1.4683e-01 | PDE: 3.6472e-02 | Holes: 1.3262e-04 | Ext: 3.9225e-03 | ms/ep: 104.0 | LR: 9.87e-04 | ETA: 80.4min
[ 3610/50000] Loss: 1.5750e-01 | PDE: 3.7311e-02 | Holes: 3.0418e-04 | Ext: 3.7220e-03 | ms/ep: 104.2 | LR: 9.87e-04 | ETA: 80.5min
[ 3620/50000] Loss: 2.3600e-01 | PDE: 3.9430e-02 | Holes: 1.5322e-03 | Ext: 3.9973e-03 | ms/ep: 104.1 | LR: 9.87e-04 | ETA: 80.5min
[ 3630/50000] Loss: 1.7132e-01 | PDE: 3.6185e-02 | Holes: 5.5859e-04 | Ext: 4.2008e-03 | ms/ep: 104.0 | LR: 9.87e-04 | ETA: 80.4min
[ 3640/50000] Loss: 1.7161e-01 | PDE: 3.4971e-02 | Holes: 5.0580e-04 | Ext: 4.7597e-03 | ms/ep: 104.3 | LR: 9.87e-04 | ETA: 80.6min
[ 3650/50000] Loss: 1.4862e-01 | PDE: 3.5202e-02 | Holes: 2.2134e-04 | Ext: 3.9131e-03 | ms/ep: 104.0 | LR: 9.87e-04 | ETA: 80.3min
[ 3660/50000] Loss: 1.4500e-01 | PDE: 3.5724e-02 | Holes: 1.7548e-04 | Ext: 3.8148e-03 | ms/ep: 104.2 | LR: 9.87e-04 | ETA: 80.5min
[ 3670/50000] Loss: 1.5691e-01 | PDE: 3.6403e-02 | Holes: 3.6055e-04 | Ext: 3.5879e-03 | ms/ep: 104.0 | LR: 9.87e-04 | ETA: 80.3min
[ 3680/50000] Loss: 2.2118e-01 | PDE: 3.8025e-02 | Holes: 1.3725e-03 | Ext: 3.8317e-03 | ms/ep: 104.0 | LR: 9.87e-04 | ETA: 80.3min
[ 3690/50000] Loss: 1.4618e-01 | PDE: 3.4113e-02 | Holes: 2.0017e-04 | Ext: 4.1529e-03 | ms/ep: 104.0 | LR: 9.87e-04 | ETA: 80.3min
[ 3700/50000] Loss: 1.7029e-01 | PDE: 3.3790e-02 | Holes: 5.0765e-04 | Ext: 4.8452e-03 | ms/ep: 104.7 | LR: 9.87e-04 | ETA: 80.8min
[ 3710/50000] Loss: 1.3833e-01 | PDE: 3.4112e-02 | Holes: 1.2676e-04 | Ext: 3.7376e-03 | ms/ep: 105.2 | LR: 9.87e-04 | ETA: 81.2min
[ 3720/50000] Loss: 1.4751e-01 | PDE: 3.5142e-02 | Holes: 2.7356e-04 | Ext: 3.5083e-03 | ms/ep: 104.0 | LR: 9.87e-04 | ETA: 80.2min
[ 3730/50000] Loss: 1.8447e-01 | PDE: 3.6481e-02 | Holes: 8.4765e-04 | Ext: 3.5799e-03 | ms/ep: 104.9 | LR: 9.86e-04 | ETA: 80.9min
[ 3740/50000] Loss: 1.6091e-01 | PDE: 3.4319e-02 | Holes: 5.1749e-04 | Ext: 3.5245e-03 | ms/ep: 104.0 | LR: 9.86e-04 | ETA: 80.2min
[ 3750/50000] Loss: 1.3617e-01 | PDE: 3.3848e-02 | Holes: 1.3694e-04 | Ext: 3.6059e-03 | ms/ep: 103.9 | LR: 9.86e-04 | ETA: 80.1min
[ 3760/50000] Loss: 1.4050e-01 | PDE: 3.4251e-02 | Holes: 2.1608e-04 | Ext: 3.5814e-03 | ms/ep: 104.3 | LR: 9.86e-04 | ETA: 80.4min
[ 3770/50000] Loss: 1.9125e-01 | PDE: 3.6084e-02 | Holes: 9.7874e-04 | Ext: 3.5472e-03 | ms/ep: 103.9 | LR: 9.86e-04 | ETA: 80.1min
[ 3780/50000] Loss: 1.7948e-01 | PDE: 3.4251e-02 | Holes: 8.4094e-04 | Ext: 3.5106e-03 | ms/ep: 118.7 | LR: 9.86e-04 | ETA: 91.5min
[ 3790/50000] Loss: 1.7381e-01 | PDE: 3.2202e-02 | Holes: 6.6074e-04 | Ext: 4.8007e-03 | ms/ep: 104.1 | LR: 9.86e-04 | ETA: 80.2min
[ 3800/50000] Loss: 1.3837e-01 | PDE: 3.2534e-02 | Holes: 2.2203e-04 | Ext: 3.6363e-03 | ms/ep: 104.1 | LR: 9.86e-04 | ETA: 80.1min
[ 3810/50000] Loss: 1.4185e-01 | PDE: 3.3914e-02 | Holes: 2.8665e-04 | Ext: 3.4681e-03 | ms/ep: 104.1 | LR: 9.86e-04 | ETA: 80.1min
[ 3820/50000] Loss: 1.4988e-01 | PDE: 3.3689e-02 | Holes: 4.0461e-04 | Ext: 3.2974e-03 | ms/ep: 104.0 | LR: 9.86e-04 | ETA: 80.1min
[ 3830/50000] Loss: 1.4831e-01 | PDE: 3.3692e-02 | Holes: 3.9426e-04 | Ext: 3.3026e-03 | ms/ep: 104.0 | LR: 9.86e-04 | ETA: 80.0min
[ 3840/50000] Loss: 1.4485e-01 | PDE: 3.3302e-02 | Holes: 3.5232e-04 | Ext: 3.2777e-03 | ms/ep: 104.2 | LR: 9.86e-04 | ETA: 80.1min
[ 3850/50000] Loss: 1.5154e-01 | PDE: 3.3241e-02 | Holes: 4.5897e-04 | Ext: 3.2413e-03 | ms/ep: 104.2 | LR: 9.86e-04 | ETA: 80.1min
[ 3860/50000] Loss: 1.6146e-01 | PDE: 3.3479e-02 | Holes: 6.1926e-04 | Ext: 3.2704e-03 | ms/ep: 104.0 | LR: 9.86e-04 | ETA: 80.0min
[ 3870/50000] Loss: 1.3435e-01 | PDE: 3.2108e-02 | Holes: 2.2739e-04 | Ext: 3.2319e-03 | ms/ep: 103.9 | LR: 9.85e-04 | ETA: 79.9min
[ 3880/50000] Loss: 1.3400e-01 | PDE: 3.2312e-02 | Holes: 2.2970e-04 | Ext: 3.2466e-03 | ms/ep: 104.1 | LR: 9.85e-04 | ETA: 80.0min
[ 3890/50000] Loss: 1.7275e-01 | PDE: 3.3953e-02 | Holes: 8.2128e-04 | Ext: 3.3105e-03 | ms/ep: 104.1 | LR: 9.85e-04 | ETA: 80.0min
[ 3900/50000] Loss: 1.7603e-01 | PDE: 3.2045e-02 | Holes: 9.1314e-04 | Ext: 3.3873e-03 | ms/ep: 104.1 | LR: 9.85e-04 | ETA: 80.0min
[ 3910/50000] Loss: 1.3154e-01 | PDE: 3.2125e-02 | Holes: 2.1975e-04 | Ext: 3.2869e-03 | ms/ep: 104.2 | LR: 9.85e-04 | ETA: 80.0min
[ 3920/50000] Loss: 1.3212e-01 | PDE: 3.1460e-02 | Holes: 2.4061e-04 | Ext: 3.2018e-03 | ms/ep: 104.2 | LR: 9.85e-04 | ETA: 80.1min
[ 3930/50000] Loss: 1.7084e-01 | PDE: 3.3895e-02 | Holes: 7.8410e-04 | Ext: 3.1176e-03 | ms/ep: 104.1 | LR: 9.85e-04 | ETA: 80.0min
[ 3940/50000] Loss: 1.3242e-01 | PDE: 3.0224e-02 | Holes: 1.9761e-04 | Ext: 3.6372e-03 | ms/ep: 104.1 | LR: 9.85e-04 | ETA: 79.9min
[ 3950/50000] Loss: 1.2425e-01 | PDE: 3.0740e-02 | Holes: 1.3458e-04 | Ext: 3.0921e-03 | ms/ep: 104.1 | LR: 9.85e-04 | ETA: 79.9min
[ 3960/50000] Loss: 1.2891e-01 | PDE: 3.0407e-02 | Holes: 2.3099e-04 | Ext: 3.3234e-03 | ms/ep: 104.0 | LR: 9.85e-04 | ETA: 79.8min
[ 3970/50000] Loss: 2.1065e-01 | PDE: 3.8721e-02 | Holes: 1.1735e-03 | Ext: 2.9018e-03 | ms/ep: 103.9 | LR: 9.85e-04 | ETA: 79.7min
[ 3980/50000] Loss: 3.5363e-01 | PDE: 3.5497e-02 | Holes: 3.4278e-03 | Ext: 5.7907e-03 | ms/ep: 104.2 | LR: 9.85e-04 | ETA: 80.0min
[ 3990/50000] Loss: 1.6228e-01 | PDE: 2.9104e-02 | Holes: 6.4153e-04 | Ext: 4.4029e-03 | ms/ep: 104.3 | LR: 9.85e-04 | ETA: 79.9min
[ 4000/50000] Loss: 1.2838e-01 | PDE: 3.0205e-02 | Holes: 2.2303e-04 | Ext: 3.0532e-03 | ms/ep: 104.0 | LR: 9.84e-04 | ETA: 79.7min
[ 4010/50000] Loss: 1.3299e-01 | PDE: 2.9634e-02 | Holes: 3.2665e-04 | Ext: 3.3484e-03 | ms/ep: 104.0 | LR: 9.84e-04 | ETA: 79.7min
[ 4020/50000] Loss: 1.2101e-01 | PDE: 2.8884e-02 | Holes: 1.5271e-04 | Ext: 3.3095e-03 | ms/ep: 104.0 | LR: 9.84e-04 | ETA: 79.7min
[ 4030/50000] Loss: 1.1752e-01 | PDE: 2.8556e-02 | Holes: 1.0635e-04 | Ext: 3.2884e-03 | ms/ep: 104.0 | LR: 9.84e-04 | ETA: 79.7min
[ 4040/50000] Loss: 1.1701e-01 | PDE: 2.8829e-02 | Holes: 1.1123e-04 | Ext: 3.1457e-03 | ms/ep: 104.1 | LR: 9.84e-04 | ETA: 79.7min
[ 4050/50000] Loss: 1.1671e-01 | PDE: 2.8903e-02 | Holes: 1.1642e-04 | Ext: 3.0725e-03 | ms/ep: 104.0 | LR: 9.84e-04 | ETA: 79.7min
[ 4060/50000] Loss: 1.2434e-01 | PDE: 2.9473e-02 | Holes: 2.4030e-04 | Ext: 3.0279e-03 | ms/ep: 104.1 | LR: 9.84e-04 | ETA: 79.7min
[ 4070/50000] Loss: 1.8823e-01 | PDE: 3.3026e-02 | Holes: 1.2089e-03 | Ext: 3.1548e-03 | ms/ep: 104.0 | LR: 9.84e-04 | ETA: 79.6min
[ 4080/50000] Loss: 1.4319e-01 | PDE: 2.8617e-02 | Holes: 5.3507e-04 | Ext: 3.4837e-03 | ms/ep: 104.2 | LR: 9.84e-04 | ETA: 79.7min
[ 4090/50000] Loss: 1.3014e-01 | PDE: 3.0091e-02 | Holes: 3.1275e-04 | Ext: 3.0175e-03 | ms/ep: 104.2 | LR: 9.84e-04 | ETA: 79.7min
[ 4100/50000] Loss: 1.4634e-01 | PDE: 2.8456e-02 | Holes: 6.1392e-04 | Ext: 3.1793e-03 | ms/ep: 104.1 | LR: 9.84e-04 | ETA: 79.6min
[ 4110/50000] Loss: 1.6025e-01 | PDE: 3.6581e-02 | Holes: 3.5463e-04 | Ext: 2.2929e-03 | ms/ep: 104.1 | LR: 9.84e-04 | ETA: 79.6min
[ 4120/50000] Loss: 2.6153e-01 | PDE: 3.1155e-02 | Holes: 2.2189e-03 | Ext: 4.6415e-03 | ms/ep: 104.2 | LR: 9.84e-04 | ETA: 79.7min
[ 4130/50000] Loss: 1.1833e-01 | PDE: 2.8197e-02 | Holes: 1.5647e-04 | Ext: 2.9196e-03 | ms/ep: 104.1 | LR: 9.83e-04 | ETA: 79.6min
[ 4140/50000] Loss: 1.2789e-01 | PDE: 2.7002e-02 | Holes: 2.6943e-04 | Ext: 3.7665e-03 | ms/ep: 104.1 | LR: 9.83e-04 | ETA: 79.5min
[ 4150/50000] Loss: 1.1287e-01 | PDE: 2.6816e-02 | Holes: 1.2156e-04 | Ext: 3.2269e-03 | ms/ep: 104.1 | LR: 9.83e-04 | ETA: 79.5min
[ 4160/50000] Loss: 1.1313e-01 | PDE: 2.6807e-02 | Holes: 1.3856e-04 | Ext: 3.1585e-03 | ms/ep: 104.0 | LR: 9.83e-04 | ETA: 79.5min
[ 4170/50000] Loss: 1.1559e-01 | PDE: 2.6506e-02 | Holes: 1.6494e-04 | Ext: 3.3498e-03 | ms/ep: 104.0 | LR: 9.83e-04 | ETA: 79.5min
[ 4180/50000] Loss: 1.4173e-01 | PDE: 2.6560e-02 | Holes: 5.2005e-04 | Ext: 3.9795e-03 | ms/ep: 104.1 | LR: 9.83e-04 | ETA: 79.5min
[ 4190/50000] Loss: 1.5198e-01 | PDE: 2.6432e-02 | Holes: 6.9436e-04 | Ext: 4.0937e-03 | ms/ep: 104.0 | LR: 9.83e-04 | ETA: 79.4min
[ 4200/50000] Loss: 1.0909e-01 | PDE: 2.6576e-02 | Holes: 1.0764e-04 | Ext: 3.0067e-03 | ms/ep: 104.1 | LR: 9.83e-04 | ETA: 79.4min
[ 4210/50000] Loss: 1.1164e-01 | PDE: 2.7009e-02 | Holes: 1.5676e-04 | Ext: 2.8236e-03 | ms/ep: 104.0 | LR: 9.83e-04 | ETA: 79.3min
[ 4220/50000] Loss: 1.5035e-01 | PDE: 2.9625e-02 | Holes: 7.4945e-04 | Ext: 2.9763e-03 | ms/ep: 104.0 | LR: 9.83e-04 | ETA: 79.4min
[ 4230/50000] Loss: 1.3725e-01 | PDE: 2.7302e-02 | Holes: 5.7376e-04 | Ext: 2.9137e-03 | ms/ep: 104.2 | LR: 9.83e-04 | ETA: 79.5min
[ 4240/50000] Loss: 1.0817e-01 | PDE: 2.6819e-02 | Holes: 1.2104e-04 | Ext: 2.8019e-03 | ms/ep: 104.1 | LR: 9.83e-04 | ETA: 79.4min
[ 4250/50000] Loss: 1.2033e-01 | PDE: 2.7515e-02 | Holes: 3.1456e-04 | Ext: 2.8177e-03 | ms/ep: 104.0 | LR: 9.82e-04 | ETA: 79.3min
[ 4260/50000] Loss: 1.8695e-01 | PDE: 3.0205e-02 | Holes: 1.3073e-03 | Ext: 2.9813e-03 | ms/ep: 104.1 | LR: 9.82e-04 | ETA: 79.3min
[ 4270/50000] Loss: 1.1427e-01 | PDE: 2.6123e-02 | Holes: 1.5715e-04 | Ext: 3.3882e-03 | ms/ep: 104.1 | LR: 9.82e-04 | ETA: 79.3min
[ 4280/50000] Loss: 1.1023e-01 | PDE: 2.7647e-02 | Holes: 1.2222e-04 | Ext: 2.5007e-03 | ms/ep: 104.1 | LR: 9.82e-04 | ETA: 79.3min
[ 4290/50000] Loss: 1.7052e-01 | PDE: 2.6759e-02 | Holes: 1.0303e-03 | Ext: 3.7837e-03 | ms/ep: 104.0 | LR: 9.82e-04 | ETA: 79.3min
[ 4300/50000] Loss: 1.9439e-01 | PDE: 3.3729e-02 | Holes: 8.3424e-04 | Ext: 2.5028e-03 | ms/ep: 104.0 | LR: 9.82e-04 | ETA: 79.2min
[ 4310/50000] Loss: 1.1666e-01 | PDE: 2.5863e-02 | Holes: 1.9213e-04 | Ext: 3.5975e-03 | ms/ep: 104.1 | LR: 9.82e-04 | ETA: 79.3min
[ 4320/50000] Loss: 1.2309e-01 | PDE: 2.4913e-02 | Holes: 3.6554e-04 | Ext: 3.4093e-03 | ms/ep: 104.0 | LR: 9.82e-04 | ETA: 79.2min
[ 4330/50000] Loss: 1.2617e-01 | PDE: 2.4927e-02 | Holes: 2.8881e-04 | Ext: 3.8898e-03 | ms/ep: 104.0 | LR: 9.82e-04 | ETA: 79.1min
[ 4340/50000] Loss: 1.3079e-01 | PDE: 2.4325e-02 | Holes: 4.4353e-04 | Ext: 3.7296e-03 | ms/ep: 104.0 | LR: 9.82e-04 | ETA: 79.1min
[ 4350/50000] Loss: 1.1446e-01 | PDE: 2.4121e-02 | Holes: 2.4212e-04 | Ext: 3.3362e-03 | ms/ep: 104.0 | LR: 9.82e-04 | ETA: 79.1min
[ 4360/50000] Loss: 1.0550e-01 | PDE: 2.4225e-02 | Holes: 1.2651e-04 | Ext: 3.1052e-03 | ms/ep: 104.0 | LR: 9.82e-04 | ETA: 79.1min
[ 4370/50000] Loss: 1.0177e-01 | PDE: 2.4512e-02 | Holes: 1.0046e-04 | Ext: 2.8169e-03 | ms/ep: 104.1 | LR: 9.81e-04 | ETA: 79.2min
[ 4380/50000] Loss: 1.0148e-01 | PDE: 2.4306e-02 | Holes: 9.6227e-05 | Ext: 2.9019e-03 | ms/ep: 104.1 | LR: 9.81e-04 | ETA: 79.2min
[ 4390/50000] Loss: 1.0888e-01 | PDE: 2.4024e-02 | Holes: 2.0304e-04 | Ext: 3.1316e-03 | ms/ep: 104.0 | LR: 9.81e-04 | ETA: 79.0min
[ 4400/50000] Loss: 2.0339e-01 | PDE: 2.5226e-02 | Holes: 1.5378e-03 | Ext: 4.9769e-03 | ms/ep: 104.1 | LR: 9.81e-04 | ETA: 79.1min
[ 4410/50000] Loss: 9.9704e-02 | PDE: 2.4486e-02 | Holes: 9.1998e-05 | Ext: 2.7162e-03 | ms/ep: 104.1 | LR: 9.81e-04 | ETA: 79.1min
[ 4420/50000] Loss: 1.1698e-01 | PDE: 2.6043e-02 | Holes: 3.5582e-04 | Ext: 2.6721e-03 | ms/ep: 104.0 | LR: 9.81e-04 | ETA: 79.0min
[ 4430/50000] Loss: 9.9925e-02 | PDE: 2.4345e-02 | Holes: 1.1132e-04 | Ext: 2.6391e-03 | ms/ep: 104.1 | LR: 9.81e-04 | ETA: 79.1min
[ 4440/50000] Loss: 1.0110e-01 | PDE: 2.3736e-02 | Holes: 1.2214e-04 | Ext: 2.9079e-03 | ms/ep: 104.1 | LR: 9.81e-04 | ETA: 79.0min
[ 4450/50000] Loss: 1.3350e-01 | PDE: 2.4561e-02 | Holes: 5.2382e-04 | Ext: 3.7668e-03 | ms/ep: 104.2 | LR: 9.81e-04 | ETA: 79.1min
[ 4460/50000] Loss: 1.0539e-01 | PDE: 2.3541e-02 | Holes: 1.8884e-04 | Ext: 3.0300e-03 | ms/ep: 104.0 | LR: 9.81e-04 | ETA: 78.9min
[ 4470/50000] Loss: 9.8064e-02 | PDE: 2.3958e-02 | Holes: 1.0569e-04 | Ext: 2.5937e-03 | ms/ep: 104.1 | LR: 9.81e-04 | ETA: 79.0min
[ 4480/50000] Loss: 1.3431e-01 | PDE: 2.6160e-02 | Holes: 6.4101e-04 | Ext: 2.6410e-03 | ms/ep: 104.1 | LR: 9.81e-04 | ETA: 78.9min
[ 4490/50000] Loss: 1.2123e-01 | PDE: 2.4538e-02 | Holes: 4.5225e-04 | Ext: 2.5523e-03 | ms/ep: 104.0 | LR: 9.80e-04 | ETA: 78.9min
[ 4500/50000] Loss: 1.0430e-01 | PDE: 2.3106e-02 | Holes: 1.9312e-04 | Ext: 3.0204e-03 | ms/ep: 104.1 | LR: 9.80e-04 | ETA: 78.9min
[ 4510/50000] Loss: 1.4364e-01 | PDE: 2.3900e-02 | Holes: 6.9253e-04 | Ext: 3.9429e-03 | ms/ep: 104.0 | LR: 9.80e-04 | ETA: 78.9min
[ 4520/50000] Loss: 9.5283e-02 | PDE: 2.3114e-02 | Holes: 8.5568e-05 | Ext: 2.6964e-03 | ms/ep: 103.9 | LR: 9.80e-04 | ETA: 78.8min
[ 4530/50000] Loss: 1.0486e-01 | PDE: 2.4376e-02 | Holes: 2.2393e-04 | Ext: 2.4388e-03 | ms/ep: 104.1 | LR: 9.80e-04 | ETA: 78.9min
[ 4540/50000] Loss: 1.3655e-01 | PDE: 2.4374e-02 | Holes: 7.5150e-04 | Ext: 2.7159e-03 | ms/ep: 103.9 | LR: 9.80e-04 | ETA: 78.7min
[ 4550/50000] Loss: 1.0621e-01 | PDE: 2.3434e-02 | Holes: 2.8430e-04 | Ext: 2.6499e-03 | ms/ep: 104.2 | LR: 9.80e-04 | ETA: 78.9min
[ 4560/50000] Loss: 1.2508e-01 | PDE: 2.2799e-02 | Holes: 5.2143e-04 | Ext: 3.2803e-03 | ms/ep: 104.1 | LR: 9.80e-04 | ETA: 78.8min
[ 4570/50000] Loss: 1.4747e-01 | PDE: 2.7210e-02 | Holes: 4.5646e-04 | Ext: 4.6023e-03 | ms/ep: 104.0 | LR: 9.80e-04 | ETA: 78.8min
[ 4580/50000] Loss: 1.2520e-01 | PDE: 2.8476e-02 | Holes: 3.2315e-04 | Ext: 3.6618e-03 | ms/ep: 104.1 | LR: 9.80e-04 | ETA: 78.8min
[ 4590/50000] Loss: 1.3538e-01 | PDE: 2.9574e-02 | Holes: 3.9425e-04 | Ext: 2.1974e-03 | ms/ep: 104.0 | LR: 9.80e-04 | ETA: 78.7min
[ 4600/50000] Loss: 1.3575e-01 | PDE: 2.5679e-02 | Holes: 5.9629e-04 | Ext: 3.4320e-03 | ms/ep: 104.1 | LR: 9.79e-04 | ETA: 78.8min
[ 4610/50000] Loss: 1.0011e-01 | PDE: 2.3964e-02 | Holes: 1.2386e-04 | Ext: 2.2786e-03 | ms/ep: 104.1 | LR: 9.79e-04 | ETA: 78.7min
[ 4620/50000] Loss: 9.4755e-02 | PDE: 2.2428e-02 | Holes: 1.0154e-04 | Ext: 2.6150e-03 | ms/ep: 103.9 | LR: 9.79e-04 | ETA: 78.6min
[ 4630/50000] Loss: 9.3499e-02 | PDE: 2.2589e-02 | Holes: 9.8536e-05 | Ext: 2.3966e-03 | ms/ep: 104.1 | LR: 9.79e-04 | ETA: 78.7min
[ 4640/50000] Loss: 9.9503e-02 | PDE: 2.2566e-02 | Holes: 2.1424e-04 | Ext: 2.4866e-03 | ms/ep: 104.1 | LR: 9.79e-04 | ETA: 78.7min
[ 4650/50000] Loss: 1.3531e-01 | PDE: 2.7256e-02 | Holes: 6.7746e-04 | Ext: 2.3854e-03 | ms/ep: 104.1 | LR: 9.79e-04 | ETA: 78.7min
[ 4660/50000] Loss: 1.9722e-01 | PDE: 2.6705e-02 | Holes: 1.2416e-03 | Ext: 4.1490e-03 | ms/ep: 104.0 | LR: 9.79e-04 | ETA: 78.6min
[ 4670/50000] Loss: 1.4353e-01 | PDE: 2.8175e-02 | Holes: 9.1642e-04 | Ext: 3.2228e-03 | ms/ep: 104.1 | LR: 9.79e-04 | ETA: 78.7min
[ 4680/50000] Loss: 1.1472e-01 | PDE: 2.5098e-02 | Holes: 3.5077e-04 | Ext: 2.3573e-03 | ms/ep: 109.3 | LR: 9.79e-04 | ETA: 82.6min
[ 4690/50000] Loss: 1.0557e-01 | PDE: 2.3821e-02 | Holes: 2.7144e-04 | Ext: 2.7809e-03 | ms/ep: 110.4 | LR: 9.79e-04 | ETA: 83.3min
[ 4700/50000] Loss: 9.6587e-02 | PDE: 2.2972e-02 | Holes: 1.3085e-04 | Ext: 2.2426e-03 | ms/ep: 105.0 | LR: 9.79e-04 | ETA: 79.2min
[ 4710/50000] Loss: 9.6347e-02 | PDE: 2.2188e-02 | Holes: 1.9531e-04 | Ext: 2.5765e-03 | ms/ep: 105.0 | LR: 9.78e-04 | ETA: 79.3min
[ 4720/50000] Loss: 9.2862e-02 | PDE: 2.2311e-02 | Holes: 1.2579e-04 | Ext: 2.2785e-03 | ms/ep: 104.9 | LR: 9.78e-04 | ETA: 79.2min
[ 4730/50000] Loss: 9.8149e-02 | PDE: 2.1558e-02 | Holes: 2.3329e-04 | Ext: 2.4904e-03 | ms/ep: 104.4 | LR: 9.78e-04 | ETA: 78.7min
[ 4740/50000] Loss: 1.2348e-01 | PDE: 2.6186e-02 | Holes: 5.0687e-04 | Ext: 2.2062e-03 | ms/ep: 105.0 | LR: 9.78e-04 | ETA: 79.2min
[ 4750/50000] Loss: 2.8086e-01 | PDE: 2.9885e-02 | Holes: 2.3070e-03 | Ext: 5.1033e-03 | ms/ep: 106.0 | LR: 9.78e-04 | ETA: 80.0min
[ 4760/50000] Loss: 1.2047e-01 | PDE: 2.2304e-02 | Holes: 5.3898e-04 | Ext: 3.1888e-03 | ms/ep: 105.9 | LR: 9.78e-04 | ETA: 79.8min
[ 4770/50000] Loss: 1.1200e-01 | PDE: 2.1521e-02 | Holes: 2.6931e-04 | Ext: 3.3647e-03 | ms/ep: 105.8 | LR: 9.78e-04 | ETA: 79.8min
[ 4780/50000] Loss: 9.2321e-02 | PDE: 2.0414e-02 | Holes: 1.1334e-04 | Ext: 2.8205e-03 | ms/ep: 106.1 | LR: 9.78e-04 | ETA: 79.9min
[ 4790/50000] Loss: 8.7877e-02 | PDE: 2.0822e-02 | Holes: 9.0343e-05 | Ext: 2.3873e-03 | ms/ep: 106.2 | LR: 9.78e-04 | ETA: 80.0min
[ 4800/50000] Loss: 8.7070e-02 | PDE: 2.0425e-02 | Holes: 8.3227e-05 | Ext: 2.4439e-03 | ms/ep: 106.0 | LR: 9.78e-04 | ETA: 79.9min
[ 4810/50000] Loss: 8.7085e-02 | PDE: 2.0852e-02 | Holes: 8.6867e-05 | Ext: 2.3260e-03 | ms/ep: 106.8 | LR: 9.78e-04 | ETA: 80.5min
[ 4820/50000] Loss: 9.8471e-02 | PDE: 2.1445e-02 | Holes: 2.6949e-04 | Ext: 2.3401e-03 | ms/ep: 106.0 | LR: 9.77e-04 | ETA: 79.8min
[ 4830/50000] Loss: 1.5478e-01 | PDE: 2.7556e-02 | Holes: 1.0626e-03 | Ext: 2.4796e-03 | ms/ep: 106.1 | LR: 9.77e-04 | ETA: 79.9min
[ 4840/50000] Loss: 1.7909e-01 | PDE: 2.5967e-02 | Holes: 1.1145e-03 | Ext: 4.0872e-03 | ms/ep: 106.1 | LR: 9.77e-04 | ETA: 79.9min
[ 4850/50000] Loss: 1.0949e-01 | PDE: 2.3960e-02 | Holes: 4.2766e-04 | Ext: 2.3649e-03 | ms/ep: 106.0 | LR: 9.77e-04 | ETA: 79.8min
[ 4860/50000] Loss: 1.2452e-01 | PDE: 2.1126e-02 | Holes: 5.0414e-04 | Ext: 3.7033e-03 | ms/ep: 105.9 | LR: 9.77e-04 | ETA: 79.7min
[ 4870/50000] Loss: 9.4741e-02 | PDE: 2.0549e-02 | Holes: 1.4298e-04 | Ext: 2.9382e-03 | ms/ep: 106.0 | LR: 9.77e-04 | ETA: 79.7min
[ 4880/50000] Loss: 8.6804e-02 | PDE: 1.9943e-02 | Holes: 1.0240e-04 | Ext: 2.3964e-03 | ms/ep: 106.0 | LR: 9.77e-04 | ETA: 79.7min
[ 4890/50000] Loss: 8.4830e-02 | PDE: 1.9933e-02 | Holes: 8.0737e-05 | Ext: 2.4553e-03 | ms/ep: 106.0 | LR: 9.77e-04 | ETA: 79.7min
[ 4900/50000] Loss: 8.5453e-02 | PDE: 2.0335e-02 | Holes: 9.5120e-05 | Ext: 2.2430e-03 | ms/ep: 106.1 | LR: 9.77e-04 | ETA: 79.8min
[ 4910/50000] Loss: 9.8005e-02 | PDE: 2.0650e-02 | Holes: 3.0256e-04 | Ext: 2.3261e-03 | ms/ep: 106.2 | LR: 9.77e-04 | ETA: 79.8min
[ 4920/50000] Loss: 1.4639e-01 | PDE: 2.7021e-02 | Holes: 9.3051e-04 | Ext: 2.3587e-03 | ms/ep: 106.5 | LR: 9.77e-04 | ETA: 80.0min
[ 4930/50000] Loss: 2.2266e-01 | PDE: 2.7671e-02 | Holes: 1.6918e-03 | Ext: 4.5392e-03 | ms/ep: 106.3 | LR: 9.76e-04 | ETA: 79.8min
[ 4940/50000] Loss: 1.0228e-01 | PDE: 2.0978e-02 | Holes: 3.7815e-04 | Ext: 2.6893e-03 | ms/ep: 106.1 | LR: 9.76e-04 | ETA: 79.7min
[ 4950/50000] Loss: 1.1743e-01 | PDE: 2.0481e-02 | Holes: 3.4957e-04 | Ext: 3.5500e-03 | ms/ep: 105.8 | LR: 9.76e-04 | ETA: 79.4min
[ 4960/50000] Loss: 9.1905e-02 | PDE: 1.9596e-02 | Holes: 1.4374e-04 | Ext: 2.8031e-03 | ms/ep: 106.2 | LR: 9.76e-04 | ETA: 79.7min
[ 4970/50000] Loss: 8.3450e-02 | PDE: 1.9175e-02 | Holes: 8.2307e-05 | Ext: 2.3801e-03 | ms/ep: 106.1 | LR: 9.76e-04 | ETA: 79.7min
[ 4980/50000] Loss: 8.3324e-02 | PDE: 1.8986e-02 | Holes: 8.5436e-05 | Ext: 2.4418e-03 | ms/ep: 106.0 | LR: 9.76e-04 | ETA: 79.5min
[ 4990/50000] Loss: 8.7952e-02 | PDE: 1.9017e-02 | Holes: 1.4431e-04 | Ext: 2.6165e-03 | ms/ep: 106.1 | LR: 9.76e-04 | ETA: 79.6min
[ 5000/50000] Loss: 1.1693e-01 | PDE: 1.9205e-02 | Holes: 5.9554e-04 | Ext: 3.0740e-03 | ms/ep: 106.4 | LR: 9.76e-04 | ETA: 79.8min
[ 5010/50000] Loss: 1.4243e-01 | PDE: 2.2614e-02 | Holes: 6.8880e-04 | Ext: 4.1590e-03 | ms/ep: 106.1 | LR: 9.76e-04 | ETA: 79.6min
[ 5020/50000] Loss: 1.1113e-01 | PDE: 2.1673e-02 | Holes: 3.4505e-04 | Ext: 3.4257e-03 | ms/ep: 106.3 | LR: 9.76e-04 | ETA: 79.7min
[ 5030/50000] Loss: 9.2722e-02 | PDE: 2.1767e-02 | Holes: 1.6725e-04 | Ext: 2.0203e-03 | ms/ep: 106.0 | LR: 9.75e-04 | ETA: 79.5min
[ 5040/50000] Loss: 1.1089e-01 | PDE: 2.0014e-02 | Holes: 4.3167e-04 | Ext: 2.8651e-03 | ms/ep: 106.0 | LR: 9.75e-04 | ETA: 79.4min
[ 5050/50000] Loss: 1.3184e-01 | PDE: 2.7109e-02 | Holes: 3.8105e-04 | Ext: 1.8180e-03 | ms/ep: 106.2 | LR: 9.75e-04 | ETA: 79.6min
[ 5060/50000] Loss: 9.2964e-02 | PDE: 1.9932e-02 | Holes: 2.6813e-04 | Ext: 2.4967e-03 | ms/ep: 106.1 | LR: 9.75e-04 | ETA: 79.5min
[ 5070/50000] Loss: 8.2705e-02 | PDE: 1.9447e-02 | Holes: 8.7265e-05 | Ext: 2.1900e-03 | ms/ep: 105.8 | LR: 9.75e-04 | ETA: 79.2min
[ 5080/50000] Loss: 8.0160e-02 | PDE: 1.8664e-02 | Holes: 7.3580e-05 | Ext: 2.3174e-03 | ms/ep: 106.4 | LR: 9.75e-04 | ETA: 79.6min
[ 5090/50000] Loss: 7.9464e-02 | PDE: 1.8447e-02 | Holes: 7.3557e-05 | Ext: 2.2588e-03 | ms/ep: 106.2 | LR: 9.75e-04 | ETA: 79.5min
[ 5100/50000] Loss: 8.3912e-02 | PDE: 1.8329e-02 | Holes: 1.2624e-04 | Ext: 2.4834e-03 | ms/ep: 113.0 | LR: 9.75e-04 | ETA: 84.5min
[ 5110/50000] Loss: 1.4843e-01 | PDE: 2.0247e-02 | Holes: 1.0322e-03 | Ext: 3.7994e-03 | ms/ep: 119.0 | LR: 9.75e-04 | ETA: 89.0min
[ 5120/50000] Loss: 1.5881e-01 | PDE: 2.1534e-02 | Holes: 1.1324e-03 | Ext: 4.0572e-03 | ms/ep: 106.3 | LR: 9.75e-04 | ETA: 79.5min
[ 5130/50000] Loss: 8.7446e-02 | PDE: 1.8292e-02 | Holes: 1.5562e-04 | Ext: 2.3191e-03 | ms/ep: 106.1 | LR: 9.75e-04 | ETA: 79.3min
[ 5140/50000] Loss: 9.9760e-02 | PDE: 2.0468e-02 | Holes: 1.1172e-04 | Ext: 1.8248e-03 | ms/ep: 106.0 | LR: 9.74e-04 | ETA: 79.3min
[ 5150/50000] Loss: 1.6676e-01 | PDE: 2.8308e-02 | Holes: 7.7412e-04 | Ext: 4.8137e-03 | ms/ep: 106.1 | LR: 9.74e-04 | ETA: 79.3min
[ 5160/50000] Loss: 1.0943e-01 | PDE: 2.1976e-02 | Holes: 3.9286e-04 | Ext: 2.9532e-03 | ms/ep: 106.2 | LR: 9.74e-04 | ETA: 79.3min
[ 5170/50000] Loss: 9.2286e-02 | PDE: 2.0733e-02 | Holes: 2.5420e-04 | Ext: 2.0423e-03 | ms/ep: 105.8 | LR: 9.74e-04 | ETA: 79.1min
[ 5180/50000] Loss: 8.5126e-02 | PDE: 1.7704e-02 | Holes: 1.5765e-04 | Ext: 2.2687e-03 | ms/ep: 106.2 | LR: 9.74e-04 | ETA: 79.3min
[ 5190/50000] Loss: 7.8363e-02 | PDE: 1.8047e-02 | Holes: 8.5972e-05 | Ext: 2.1541e-03 | ms/ep: 106.3 | LR: 9.74e-04 | ETA: 79.4min
[ 5200/50000] Loss: 7.7664e-02 | PDE: 1.7593e-02 | Holes: 7.5951e-05 | Ext: 2.2770e-03 | ms/ep: 106.1 | LR: 9.74e-04 | ETA: 79.2min
[ 5210/50000] Loss: 7.6729e-02 | PDE: 1.7817e-02 | Holes: 6.8639e-05 | Ext: 2.1599e-03 | ms/ep: 106.2 | LR: 9.74e-04 | ETA: 79.3min
[ 5220/50000] Loss: 7.6703e-02 | PDE: 1.7812e-02 | Holes: 7.1435e-05 | Ext: 2.1430e-03 | ms/ep: 106.2 | LR: 9.74e-04 | ETA: 79.2min
[ 5230/50000] Loss: 8.8137e-02 | PDE: 1.8905e-02 | Holes: 2.3211e-04 | Ext: 2.0647e-03 | ms/ep: 105.8 | LR: 9.74e-04 | ETA: 78.9min
[ 5240/50000] Loss: 1.3302e-01 | PDE: 1.8741e-02 | Holes: 9.8843e-04 | Ext: 2.5587e-03 | ms/ep: 106.3 | LR: 9.73e-04 | ETA: 79.3min
[ 5250/50000] Loss: 8.2051e-02 | PDE: 1.8945e-02 | Holes: 1.0556e-04 | Ext: 1.9347e-03 | ms/ep: 106.2 | LR: 9.73e-04 | ETA: 79.2min
[ 5260/50000] Loss: 8.1059e-02 | PDE: 1.7542e-02 | Holes: 1.0657e-04 | Ext: 2.5106e-03 | ms/ep: 105.9 | LR: 9.73e-04 | ETA: 79.0min
[ 5270/50000] Loss: 1.2538e-01 | PDE: 1.9243e-02 | Holes: 6.5678e-04 | Ext: 3.5017e-03 | ms/ep: 106.4 | LR: 9.73e-04 | ETA: 79.3min
[ 5280/50000] Loss: 8.6537e-02 | PDE: 1.7897e-02 | Holes: 2.0126e-04 | Ext: 2.0779e-03 | ms/ep: 106.2 | LR: 9.73e-04 | ETA: 79.1min
[ 5290/50000] Loss: 1.6877e-01 | PDE: 2.2701e-02 | Holes: 8.0721e-04 | Ext: 5.0505e-03 | ms/ep: 106.0 | LR: 9.73e-04 | ETA: 79.0min
[ 5300/50000] Loss: 9.1207e-02 | PDE: 2.0917e-02 | Holes: 1.9658e-04 | Ext: 2.6426e-03 | ms/ep: 106.4 | LR: 9.73e-04 | ETA: 79.3min
[ 5310/50000] Loss: 9.6019e-02 | PDE: 2.3492e-02 | Holes: 1.9067e-04 | Ext: 1.8123e-03 | ms/ep: 106.0 | LR: 9.73e-04 | ETA: 78.9min
[ 5320/50000] Loss: 1.7195e-01 | PDE: 2.1254e-02 | Holes: 1.2936e-03 | Ext: 3.6183e-03 | ms/ep: 106.2 | LR: 9.73e-04 | ETA: 79.1min
[ 5330/50000] Loss: 9.3197e-02 | PDE: 2.1962e-02 | Holes: 1.7046e-04 | Ext: 1.7525e-03 | ms/ep: 114.5 | LR: 9.73e-04 | ETA: 85.3min
[ 5340/50000] Loss: 8.2748e-02 | PDE: 1.6886e-02 | Holes: 1.6344e-04 | Ext: 2.2757e-03 | ms/ep: 112.8 | LR: 9.72e-04 | ETA: 84.0min
[ 5350/50000] Loss: 7.9245e-02 | PDE: 1.8971e-02 | Holes: 9.5007e-05 | Ext: 1.8855e-03 | ms/ep: 106.0 | LR: 9.72e-04 | ETA: 78.9min
[ 5360/50000] Loss: 8.5562e-02 | PDE: 1.6933e-02 | Holes: 2.3854e-04 | Ext: 2.2963e-03 | ms/ep: 106.1 | LR: 9.72e-04 | ETA: 79.0min
[ 5370/50000] Loss: 1.0136e-01 | PDE: 2.5078e-02 | Holes: 1.8213e-04 | Ext: 1.6466e-03 | ms/ep: 106.3 | LR: 9.72e-04 | ETA: 79.1min
[ 5380/50000] Loss: 1.3744e-01 | PDE: 2.3403e-02 | Holes: 1.0621e-03 | Ext: 2.8702e-03 | ms/ep: 105.9 | LR: 9.72e-04 | ETA: 78.8min
[ 5390/50000] Loss: 1.0664e-01 | PDE: 1.7022e-02 | Holes: 5.1763e-04 | Ext: 2.7757e-03 | ms/ep: 106.2 | LR: 9.72e-04 | ETA: 79.0min
[ 5400/50000] Loss: 8.4734e-02 | PDE: 1.7603e-02 | Holes: 1.2642e-04 | Ext: 2.7139e-03 | ms/ep: 106.0 | LR: 9.72e-04 | ETA: 78.8min
[ 5410/50000] Loss: 9.6474e-02 | PDE: 1.6997e-02 | Holes: 3.8964e-04 | Ext: 2.7637e-03 | ms/ep: 105.9 | LR: 9.72e-04 | ETA: 78.7min
[ 5420/50000] Loss: 7.7107e-02 | PDE: 1.6406e-02 | Holes: 1.1257e-04 | Ext: 2.2155e-03 | ms/ep: 106.4 | LR: 9.72e-04 | ETA: 79.0min
[ 5430/50000] Loss: 7.8436e-02 | PDE: 1.6429e-02 | Holes: 1.3563e-04 | Ext: 2.3108e-03 | ms/ep: 106.3 | LR: 9.71e-04 | ETA: 79.0min
[ 5440/50000] Loss: 7.9404e-02 | PDE: 1.6837e-02 | Holes: 1.1257e-04 | Ext: 2.4919e-03 | ms/ep: 106.0 | LR: 9.71e-04 | ETA: 78.7min
[ 5450/50000] Loss: 8.4200e-02 | PDE: 1.6385e-02 | Holes: 2.4445e-04 | Ext: 2.1859e-03 | ms/ep: 106.0 | LR: 9.71e-04 | ETA: 78.7min
[ 5460/50000] Loss: 1.5585e-01 | PDE: 2.1486e-02 | Holes: 7.4240e-04 | Ext: 4.7095e-03 | ms/ep: 106.5 | LR: 9.71e-04 | ETA: 79.1min
[ 5470/50000] Loss: 8.2722e-02 | PDE: 1.8211e-02 | Holes: 8.8610e-05 | Ext: 2.6641e-03 | ms/ep: 106.6 | LR: 9.71e-04 | ETA: 79.1min
[ 5480/50000] Loss: 8.8949e-02 | PDE: 2.0130e-02 | Holes: 2.6016e-04 | Ext: 1.9626e-03 | ms/ep: 106.6 | LR: 9.71e-04 | ETA: 79.1min
[ 5490/50000] Loss: 8.6519e-02 | PDE: 1.7358e-02 | Holes: 2.0189e-04 | Ext: 2.5044e-03 | ms/ep: 106.7 | LR: 9.71e-04 | ETA: 79.2min
[ 5500/50000] Loss: 1.3481e-01 | PDE: 2.5746e-02 | Holes: 5.0485e-04 | Ext: 1.7793e-03 | ms/ep: 106.4 | LR: 9.71e-04 | ETA: 78.9min
[ 5510/50000] Loss: 8.6206e-02 | PDE: 1.8238e-02 | Holes: 2.9102e-04 | Ext: 2.3438e-03 | ms/ep: 104.1 | LR: 9.71e-04 | ETA: 77.2min
[ 5520/50000] Loss: 7.3297e-02 | PDE: 1.6834e-02 | Holes: 7.3400e-05 | Ext: 1.9682e-03 | ms/ep: 104.1 | LR: 9.71e-04 | ETA: 77.2min
[ 5530/50000] Loss: 7.3542e-02 | PDE: 1.6194e-02 | Holes: 1.0281e-04 | Ext: 2.0573e-03 | ms/ep: 104.0 | LR: 9.70e-04 | ETA: 77.1min
[ 5540/50000] Loss: 9.4461e-02 | PDE: 1.8367e-02 | Holes: 3.9758e-04 | Ext: 2.0178e-03 | ms/ep: 104.1 | LR: 9.70e-04 | ETA: 77.1min
[ 5550/50000] Loss: 1.2104e-01 | PDE: 1.7601e-02 | Holes: 7.1415e-04 | Ext: 2.8137e-03 | ms/ep: 104.1 | LR: 9.70e-04 | ETA: 77.1min
[ 5560/50000] Loss: 1.2171e-01 | PDE: 2.3373e-02 | Holes: 4.8343e-04 | Ext: 1.8703e-03 | ms/ep: 104.0 | LR: 9.70e-04 | ETA: 77.0min
[ 5570/50000] Loss: 7.8237e-02 | PDE: 1.6884e-02 | Holes: 8.8415e-05 | Ext: 2.4968e-03 | ms/ep: 104.1 | LR: 9.70e-04 | ETA: 77.1min
[ 5580/50000] Loss: 8.1646e-02 | PDE: 1.6047e-02 | Holes: 1.9231e-04 | Ext: 2.2062e-03 | ms/ep: 104.0 | LR: 9.70e-04 | ETA: 77.0min
[ 5590/50000] Loss: 1.2283e-01 | PDE: 1.8498e-02 | Holes: 5.2655e-04 | Ext: 3.7361e-03 | ms/ep: 104.1 | LR: 9.70e-04 | ETA: 77.1min
[ 5600/50000] Loss: 7.9135e-02 | PDE: 1.6221e-02 | Holes: 1.2664e-04 | Ext: 2.5052e-03 | ms/ep: 104.1 | LR: 9.70e-04 | ETA: 77.0min
[ 5610/50000] Loss: 8.0869e-02 | PDE: 1.7745e-02 | Holes: 1.9251e-04 | Ext: 1.9301e-03 | ms/ep: 104.0 | LR: 9.70e-04 | ETA: 76.9min
[ 5620/50000] Loss: 8.5080e-02 | PDE: 1.6120e-02 | Holes: 2.6005e-04 | Ext: 2.3793e-03 | ms/ep: 103.9 | LR: 9.69e-04 | ETA: 76.9min
[ 5630/50000] Loss: 1.3413e-01 | PDE: 2.7387e-02 | Holes: 4.8583e-04 | Ext: 1.7074e-03 | ms/ep: 104.0 | LR: 9.69e-04 | ETA: 76.9min
[ 5640/50000] Loss: 8.9215e-02 | PDE: 1.7730e-02 | Holes: 3.2396e-04 | Ext: 2.2858e-03 | ms/ep: 104.2 | LR: 9.69e-04 | ETA: 77.0min
[ 5650/50000] Loss: 7.2840e-02 | PDE: 1.5828e-02 | Holes: 1.0177e-04 | Ext: 1.9739e-03 | ms/ep: 104.1 | LR: 9.69e-04 | ETA: 77.0min
[ 5660/50000] Loss: 7.2160e-02 | PDE: 1.5355e-02 | Holes: 8.4959e-05 | Ext: 2.2001e-03 | ms/ep: 104.2 | LR: 9.69e-04 | ETA: 77.0min
[ 5670/50000] Loss: 7.7246e-02 | PDE: 1.5164e-02 | Holes: 2.0065e-04 | Ext: 2.1067e-03 | ms/ep: 104.1 | LR: 9.69e-04 | ETA: 76.9min
[ 5680/50000] Loss: 1.2904e-01 | PDE: 2.1292e-02 | Holes: 4.8443e-04 | Ext: 4.0376e-03 | ms/ep: 104.0 | LR: 9.69e-04 | ETA: 76.8min
[ 5690/50000] Loss: 1.2901e-01 | PDE: 1.8481e-02 | Holes: 8.4315e-04 | Ext: 3.4321e-03 | ms/ep: 104.2 | LR: 9.69e-04 | ETA: 77.0min
[ 5700/50000] Loss: 8.1818e-02 | PDE: 1.7329e-02 | Holes: 2.2618e-04 | Ext: 1.9297e-03 | ms/ep: 104.0 | LR: 9.69e-04 | ETA: 76.8min
[ 5710/50000] Loss: 8.2876e-02 | PDE: 1.5698e-02 | Holes: 2.5305e-04 | Ext: 2.3051e-03 | ms/ep: 104.1 | LR: 9.68e-04 | ETA: 76.8min
[ 5720/50000] Loss: 1.1436e-01 | PDE: 2.6020e-02 | Holes: 2.6832e-04 | Ext: 1.5303e-03 | ms/ep: 104.0 | LR: 9.68e-04 | ETA: 76.8min
[ 5730/50000] Loss: 8.8900e-02 | PDE: 1.7005e-02 | Holes: 3.0506e-04 | Ext: 2.2379e-03 | ms/ep: 104.0 | LR: 9.68e-04 | ETA: 76.7min
[ 5740/50000] Loss: 7.1299e-02 | PDE: 1.5558e-02 | Holes: 1.0478e-04 | Ext: 1.9150e-03 | ms/ep: 104.1 | LR: 9.68e-04 | ETA: 76.8min
[ 5750/50000] Loss: 7.1491e-02 | PDE: 1.5158e-02 | Holes: 9.1860e-05 | Ext: 2.1898e-03 | ms/ep: 104.0 | LR: 9.68e-04 | ETA: 76.7min
[ 5760/50000] Loss: 8.2525e-02 | PDE: 1.5030e-02 | Holes: 2.8400e-04 | Ext: 2.1863e-03 | ms/ep: 104.3 | LR: 9.68e-04 | ETA: 76.9min
[ 5770/50000] Loss: 1.4381e-01 | PDE: 2.0497e-02 | Holes: 6.6440e-04 | Ext: 4.3921e-03 | ms/ep: 104.0 | LR: 9.68e-04 | ETA: 76.7min
[ 5780/50000] Loss: 8.7228e-02 | PDE: 1.6285e-02 | Holes: 2.3078e-04 | Ext: 2.6920e-03 | ms/ep: 104.0 | LR: 9.68e-04 | ETA: 76.6min
[ 5790/50000] Loss: 8.7274e-02 | PDE: 1.8715e-02 | Holes: 3.0944e-04 | Ext: 1.9877e-03 | ms/ep: 104.2 | LR: 9.68e-04 | ETA: 76.8min
[ 5800/50000] Loss: 9.9521e-02 | PDE: 1.7293e-02 | Holes: 4.4648e-04 | Ext: 2.7244e-03 | ms/ep: 104.0 | LR: 9.67e-04 | ETA: 76.6min
[ 5810/50000] Loss: 9.6710e-02 | PDE: 2.0265e-02 | Holes: 3.8574e-04 | Ext: 1.8860e-03 | ms/ep: 104.1 | LR: 9.67e-04 | ETA: 76.7min
[ 5820/50000] Loss: 7.1273e-02 | PDE: 1.5767e-02 | Holes: 8.8499e-05 | Ext: 2.1454e-03 | ms/ep: 104.0 | LR: 9.67e-04 | ETA: 76.6min
[ 5830/50000] Loss: 7.8138e-02 | PDE: 1.5093e-02 | Holes: 1.9103e-04 | Ext: 2.2064e-03 | ms/ep: 104.1 | LR: 9.67e-04 | ETA: 76.6min
[ 5840/50000] Loss: 9.9505e-02 | PDE: 1.8737e-02 | Holes: 2.3704e-04 | Ext: 3.2225e-03 | ms/ep: 104.2 | LR: 9.67e-04 | ETA: 76.7min
[ 5850/50000] Loss: 1.3578e-01 | PDE: 1.7745e-02 | Holes: 1.0137e-03 | Ext: 3.4728e-03 | ms/ep: 104.0 | LR: 9.67e-04 | ETA: 76.5min
[ 5860/50000] Loss: 7.4936e-02 | PDE: 1.5959e-02 | Holes: 1.6011e-04 | Ext: 1.8118e-03 | ms/ep: 104.0 | LR: 9.67e-04 | ETA: 76.5min
[ 5870/50000] Loss: 7.4315e-02 | PDE: 1.4949e-02 | Holes: 1.6319e-04 | Ext: 2.1295e-03 | ms/ep: 104.1 | LR: 9.67e-04 | ETA: 76.5min
[ 5880/50000] Loss: 9.1240e-02 | PDE: 2.2544e-02 | Holes: 1.5671e-04 | Ext: 1.5164e-03 | ms/ep: 103.9 | LR: 9.67e-04 | ETA: 76.4min
[ 5890/50000] Loss: 1.1942e-01 | PDE: 1.7281e-02 | Holes: 7.7550e-04 | Ext: 2.6520e-03 | ms/ep: 104.0 | LR: 9.66e-04 | ETA: 76.5min
[ 5900/50000] Loss: 7.0574e-02 | PDE: 1.5505e-02 | Holes: 1.2712e-04 | Ext: 1.8405e-03 | ms/ep: 103.9 | LR: 9.66e-04 | ETA: 76.4min
[ 5910/50000] Loss: 6.6118e-02 | PDE: 1.4496e-02 | Holes: 5.6363e-05 | Ext: 2.0391e-03 | ms/ep: 104.0 | LR: 9.66e-04 | ETA: 76.4min
[ 5920/50000] Loss: 6.5928e-02 | PDE: 1.4370e-02 | Holes: 6.3965e-05 | Ext: 1.8867e-03 | ms/ep: 104.1 | LR: 9.66e-04 | ETA: 76.5min
[ 5930/50000] Loss: 8.4231e-02 | PDE: 1.5411e-02 | Holes: 2.5111e-04 | Ext: 2.5896e-03 | ms/ep: 104.0 | LR: 9.66e-04 | ETA: 76.4min
[ 5940/50000] Loss: 1.1668e-01 | PDE: 1.6960e-02 | Holes: 6.9469e-04 | Ext: 2.7885e-03 | ms/ep: 104.2 | LR: 9.66e-04 | ETA: 76.5min
[ 5950/50000] Loss: 1.1049e-01 | PDE: 1.6375e-02 | Holes: 6.8276e-04 | Ext: 2.6670e-03 | ms/ep: 104.1 | LR: 9.66e-04 | ETA: 76.4min
[ 5960/50000] Loss: 1.0735e-01 | PDE: 1.6248e-02 | Holes: 7.5924e-04 | Ext: 2.2770e-03 | ms/ep: 104.5 | LR: 9.66e-04 | ETA: 76.7min
[ 5970/50000] Loss: 8.8593e-02 | PDE: 2.1820e-02 | Holes: 1.5358e-04 | Ext: 1.4857e-03 | ms/ep: 104.7 | LR: 9.66e-04 | ETA: 76.9min
[ 5980/50000] Loss: 8.7966e-02 | PDE: 1.5945e-02 | Holes: 2.4137e-04 | Ext: 2.4389e-03 | ms/ep: 104.2 | LR: 9.65e-04 | ETA: 76.5min
[ 5990/50000] Loss: 6.8087e-02 | PDE: 1.4934e-02 | Holes: 1.0046e-04 | Ext: 1.8049e-03 | ms/ep: 104.3 | LR: 9.65e-04 | ETA: 76.5min
[ 6000/50000] Loss: 6.4355e-02 | PDE: 1.3900e-02 | Holes: 5.3137e-05 | Ext: 1.9872e-03 | ms/ep: 104.0 | LR: 9.65e-04 | ETA: 76.3min
[ 6010/50000] Loss: 7.0153e-02 | PDE: 1.4056e-02 | Holes: 1.3382e-04 | Ext: 2.0319e-03 | ms/ep: 104.1 | LR: 9.65e-04 | ETA: 76.3min
[ 6020/50000] Loss: 9.1786e-02 | PDE: 1.7119e-02 | Holes: 2.5130e-04 | Ext: 2.9221e-03 | ms/ep: 104.3 | LR: 9.65e-04 | ETA: 76.4min
[ 6030/50000] Loss: 1.3413e-01 | PDE: 1.6463e-02 | Holes: 9.3230e-04 | Ext: 3.5200e-03 | ms/ep: 104.0 | LR: 9.65e-04 | ETA: 76.2min
[ 6040/50000] Loss: 8.0984e-02 | PDE: 1.5934e-02 | Holes: 2.6413e-04 | Ext: 2.1384e-03 | ms/ep: 104.2 | LR: 9.65e-04 | ETA: 76.3min
[ 6050/50000] Loss: 7.7573e-02 | PDE: 1.5748e-02 | Holes: 3.0433e-04 | Ext: 2.0491e-03 | ms/ep: 104.0 | LR: 9.65e-04 | ETA: 76.2min
[ 6060/50000] Loss: 7.2431e-02 | PDE: 1.6481e-02 | Holes: 1.2688e-04 | Ext: 1.7320e-03 | ms/ep: 104.0 | LR: 9.65e-04 | ETA: 76.2min
[ 6070/50000] Loss: 9.3938e-02 | PDE: 1.5424e-02 | Holes: 4.0750e-04 | Ext: 2.5100e-03 | ms/ep: 103.9 | LR: 9.64e-04 | ETA: 76.1min
[ 6080/50000] Loss: 9.2112e-02 | PDE: 2.0420e-02 | Holes: 2.8154e-04 | Ext: 1.6798e-03 | ms/ep: 104.1 | LR: 9.64e-04 | ETA: 76.2min
[ 6090/50000] Loss: 6.9373e-02 | PDE: 1.5394e-02 | Holes: 1.2296e-04 | Ext: 2.0213e-03 | ms/ep: 104.0 | LR: 9.64e-04 | ETA: 76.1min
[ 6100/50000] Loss: 6.3889e-02 | PDE: 1.3974e-02 | Holes: 5.6718e-05 | Ext: 1.8686e-03 | ms/ep: 104.0 | LR: 9.64e-04 | ETA: 76.1min
[ 6110/50000] Loss: 6.2943e-02 | PDE: 1.3387e-02 | Holes: 5.8320e-05 | Ext: 1.9257e-03 | ms/ep: 104.0 | LR: 9.64e-04 | ETA: 76.1min
[ 6120/50000] Loss: 9.1562e-02 | PDE: 1.4403e-02 | Holes: 4.5388e-04 | Ext: 2.5291e-03 | ms/ep: 104.0 | LR: 9.64e-04 | ETA: 76.0min
[ 6130/50000] Loss: 1.1713e-01 | PDE: 1.8994e-02 | Holes: 6.2787e-04 | Ext: 3.3070e-03 | ms/ep: 104.1 | LR: 9.64e-04 | ETA: 76.1min
[ 6140/50000] Loss: 1.7340e-01 | PDE: 1.8901e-02 | Holes: 1.3210e-03 | Ext: 4.6108e-03 | ms/ep: 104.0 | LR: 9.64e-04 | ETA: 76.1min
[ 6150/50000] Loss: 9.3251e-02 | PDE: 1.8119e-02 | Holes: 3.7459e-04 | Ext: 1.6844e-03 | ms/ep: 104.0 | LR: 9.64e-04 | ETA: 76.0min
[ 6160/50000] Loss: 8.7103e-02 | PDE: 1.6254e-02 | Holes: 2.9055e-04 | Ext: 2.4407e-03 | ms/ep: 104.1 | LR: 9.63e-04 | ETA: 76.1min
[ 6170/50000] Loss: 6.9429e-02 | PDE: 1.4215e-02 | Holes: 9.1192e-05 | Ext: 2.0112e-03 | ms/ep: 103.9 | LR: 9.63e-04 | ETA: 75.9min
[ 6180/50000] Loss: 9.7458e-02 | PDE: 1.5438e-02 | Holes: 3.7182e-04 | Ext: 3.0373e-03 | ms/ep: 104.1 | LR: 9.63e-04 | ETA: 76.1min
[ 6190/50000] Loss: 6.7198e-02 | PDE: 1.3844e-02 | Holes: 8.1003e-05 | Ext: 2.1655e-03 | ms/ep: 104.0 | LR: 9.63e-04 | ETA: 76.0min
[ 6200/50000] Loss: 6.4020e-02 | PDE: 1.3455e-02 | Holes: 8.5900e-05 | Ext: 1.8329e-03 | ms/ep: 105.0 | LR: 9.63e-04 | ETA: 76.6min
[ 6210/50000] Loss: 6.1489e-02 | PDE: 1.3082e-02 | Holes: 5.4322e-05 | Ext: 1.8045e-03 | ms/ep: 105.3 | LR: 9.63e-04 | ETA: 76.8min
[ 6220/50000] Loss: 6.0710e-02 | PDE: 1.2845e-02 | Holes: 4.6002e-05 | Ext: 1.8105e-03 | ms/ep: 104.8 | LR: 9.63e-04 | ETA: 76.5min
[ 6230/50000] Loss: 6.4392e-02 | PDE: 1.2806e-02 | Holes: 1.0203e-04 | Ext: 1.9350e-03 | ms/ep: 104.8 | LR: 9.63e-04 | ETA: 76.5min
[ 6240/50000] Loss: 1.6343e-01 | PDE: 1.8716e-02 | Holes: 1.3923e-03 | Ext: 4.0070e-03 | ms/ep: 104.6 | LR: 9.62e-04 | ETA: 76.3min
[ 6250/50000] Loss: 1.0576e-01 | PDE: 1.7210e-02 | Holes: 4.4400e-04 | Ext: 3.0913e-03 | ms/ep: 105.7 | LR: 9.62e-04 | ETA: 77.0min
[ 6260/50000] Loss: 8.2112e-02 | PDE: 2.0308e-02 | Holes: 1.6447e-04 | Ext: 1.5771e-03 | ms/ep: 105.3 | LR: 9.62e-04 | ETA: 76.7min
[ 6270/50000] Loss: 7.7713e-02 | PDE: 1.5589e-02 | Holes: 2.1152e-04 | Ext: 2.1977e-03 | ms/ep: 104.5 | LR: 9.62e-04 | ETA: 76.1min
[ 6280/50000] Loss: 8.8457e-02 | PDE: 2.0352e-02 | Holes: 1.9765e-04 | Ext: 1.4821e-03 | ms/ep: 104.4 | LR: 9.62e-04 | ETA: 76.1min
[ 6290/50000] Loss: 1.0093e-01 | PDE: 1.4499e-02 | Holes: 5.1392e-04 | Ext: 2.5238e-03 | ms/ep: 105.1 | LR: 9.62e-04 | ETA: 76.5min
[ 6300/50000] Loss: 6.5745e-02 | PDE: 1.4523e-02 | Holes: 8.4245e-05 | Ext: 1.5499e-03 | ms/ep: 105.4 | LR: 9.62e-04 | ETA: 76.7min
[ 6310/50000] Loss: 6.5964e-02 | PDE: 1.2867e-02 | Holes: 1.3487e-04 | Ext: 1.8600e-03 | ms/ep: 104.9 | LR: 9.62e-04 | ETA: 76.4min
[ 6320/50000] Loss: 6.9534e-02 | PDE: 1.5111e-02 | Holes: 1.4530e-04 | Ext: 1.5955e-03 | ms/ep: 104.7 | LR: 9.61e-04 | ETA: 76.2min
[ 6330/50000] Loss: 8.4364e-02 | PDE: 1.4222e-02 | Holes: 3.1782e-04 | Ext: 2.2931e-03 | ms/ep: 105.7 | LR: 9.61e-04 | ETA: 76.9min
[ 6340/50000] Loss: 1.3717e-01 | PDE: 2.5398e-02 | Holes: 7.7298e-04 | Ext: 1.9053e-03 | ms/ep: 106.3 | LR: 9.61e-04 | ETA: 77.4min
[ 6350/50000] Loss: 6.9762e-02 | PDE: 1.4203e-02 | Holes: 1.7208e-04 | Ext: 2.0983e-03 | ms/ep: 106.1 | LR: 9.61e-04 | ETA: 77.2min
[ 6360/50000] Loss: 6.3300e-02 | PDE: 1.2867e-02 | Holes: 1.0219e-04 | Ext: 1.7686e-03 | ms/ep: 106.2 | LR: 9.61e-04 | ETA: 77.3min
[ 6370/50000] Loss: 6.1165e-02 | PDE: 1.2580e-02 | Holes: 7.1881e-05 | Ext: 1.8560e-03 | ms/ep: 106.1 | LR: 9.61e-04 | ETA: 77.2min
[ 6380/50000] Loss: 7.4018e-02 | PDE: 1.4662e-02 | Holes: 2.3305e-04 | Ext: 1.6639e-03 | ms/ep: 106.2 | LR: 9.61e-04 | ETA: 77.2min
[ 6390/50000] Loss: 9.8304e-02 | PDE: 1.5148e-02 | Holes: 4.7106e-04 | Ext: 2.4443e-03 | ms/ep: 107.0 | LR: 9.61e-04 | ETA: 77.8min
[ 6400/50000] Loss: 1.1632e-01 | PDE: 2.2619e-02 | Holes: 5.9940e-04 | Ext: 1.8148e-03 | ms/ep: 107.1 | LR: 9.61e-04 | ETA: 77.8min
[ 6410/50000] Loss: 6.6334e-02 | PDE: 1.3794e-02 | Holes: 8.4781e-05 | Ext: 2.0956e-03 | ms/ep: 111.7 | LR: 9.60e-04 | ETA: 81.2min
[ 6420/50000] Loss: 6.8037e-02 | PDE: 1.2729e-02 | Holes: 1.6552e-04 | Ext: 1.8611e-03 | ms/ep: 104.2 | LR: 9.60e-04 | ETA: 75.7min
[ 6430/50000] Loss: 8.4237e-02 | PDE: 1.5578e-02 | Holes: 1.7408e-04 | Ext: 2.7974e-03 | ms/ep: 121.3 | LR: 9.60e-04 | ETA: 88.1min
[ 6440/50000] Loss: 1.0189e-01 | PDE: 1.5888e-02 | Holes: 6.3384e-04 | Ext: 2.7435e-03 | ms/ep: 112.2 | LR: 9.60e-04 | ETA: 81.4min
[ 6450/50000] Loss: 6.8299e-02 | PDE: 1.3479e-02 | Holes: 1.3683e-04 | Ext: 1.5967e-03 | ms/ep: 115.8 | LR: 9.60e-04 | ETA: 84.1min
[ 6460/50000] Loss: 7.2564e-02 | PDE: 1.2716e-02 | Holes: 2.5236e-04 | Ext: 1.9153e-03 | ms/ep: 105.5 | LR: 9.60e-04 | ETA: 76.5min
[ 6470/50000] Loss: 7.7286e-02 | PDE: 1.8208e-02 | Holes: 9.8388e-05 | Ext: 1.3370e-03 | ms/ep: 110.0 | LR: 9.60e-04 | ETA: 79.8min
[ 6480/50000] Loss: 1.2296e-01 | PDE: 1.7489e-02 | Holes: 9.5638e-04 | Ext: 2.6652e-03 | ms/ep: 122.3 | LR: 9.60e-04 | ETA: 88.7min
[ 6490/50000] Loss: 6.6230e-02 | PDE: 1.2900e-02 | Holes: 1.6865e-04 | Ext: 1.8236e-03 | ms/ep: 108.3 | LR: 9.59e-04 | ETA: 78.5min
[ 6500/50000] Loss: 7.3966e-02 | PDE: 1.4220e-02 | Holes: 1.7381e-04 | Ext: 2.3637e-03 | ms/ep: 110.7 | LR: 9.59e-04 | ETA: 80.3min
[ 6510/50000] Loss: 8.2930e-02 | PDE: 1.3049e-02 | Holes: 3.2890e-04 | Ext: 2.2686e-03 | ms/ep: 104.2 | LR: 9.59e-04 | ETA: 75.5min
[ 6520/50000] Loss: 8.1282e-02 | PDE: 1.3545e-02 | Holes: 3.3848e-04 | Ext: 2.1451e-03 | ms/ep: 104.0 | LR: 9.59e-04 | ETA: 75.4min
[ 6530/50000] Loss: 6.8071e-02 | PDE: 1.2509e-02 | Holes: 2.1381e-04 | Ext: 1.8446e-03 | ms/ep: 104.2 | LR: 9.59e-04 | ETA: 75.5min
[ 6540/50000] Loss: 6.7991e-02 | PDE: 1.4626e-02 | Holes: 1.3050e-04 | Ext: 1.5143e-03 | ms/ep: 103.9 | LR: 9.59e-04 | ETA: 75.3min
[ 6550/50000] Loss: 1.0101e-01 | PDE: 1.4667e-02 | Holes: 5.0966e-04 | Ext: 2.5068e-03 | ms/ep: 104.4 | LR: 9.59e-04 | ETA: 75.6min
[ 6560/50000] Loss: 9.7906e-02 | PDE: 1.8634e-02 | Holes: 4.5118e-04 | Ext: 1.6391e-03 | ms/ep: 104.0 | LR: 9.59e-04 | ETA: 75.3min
[ 6570/50000] Loss: 6.5406e-02 | PDE: 1.2757e-02 | Holes: 1.2054e-04 | Ext: 2.0335e-03 | ms/ep: 104.1 | LR: 9.58e-04 | ETA: 75.3min
[ 6580/50000] Loss: 6.5596e-02 | PDE: 1.2002e-02 | Holes: 1.6753e-04 | Ext: 1.8416e-03 | ms/ep: 111.2 | LR: 9.58e-04 | ETA: 80.4min
[ 6590/50000] Loss: 7.9919e-02 | PDE: 1.5072e-02 | Holes: 1.6249e-04 | Ext: 2.6384e-03 | ms/ep: 115.4 | LR: 9.58e-04 | ETA: 83.5min
[ 6600/50000] Loss: 1.0973e-01 | PDE: 1.5146e-02 | Holes: 7.7103e-04 | Ext: 2.9200e-03 | ms/ep: 122.6 | LR: 9.58e-04 | ETA: 88.6min
[ 6610/50000] Loss: 6.0466e-02 | PDE: 1.2573e-02 | Holes: 6.6438e-05 | Ext: 1.5619e-03 | ms/ep: 122.6 | LR: 9.58e-04 | ETA: 88.7min
[ 6620/50000] Loss: 6.5712e-02 | PDE: 1.2103e-02 | Holes: 1.8894e-04 | Ext: 1.8561e-03 | ms/ep: 121.8 | LR: 9.58e-04 | ETA: 88.1min
[ 6630/50000] Loss: 7.4653e-02 | PDE: 1.6729e-02 | Holes: 1.2535e-04 | Ext: 1.3909e-03 | ms/ep: 120.6 | LR: 9.58e-04 | ETA: 87.2min
[ 6640/50000] Loss: 1.2557e-01 | PDE: 1.6974e-02 | Holes: 9.6057e-04 | Ext: 2.7447e-03 | ms/ep: 122.0 | LR: 9.58e-04 | ETA: 88.2min
[ 6650/50000] Loss: 5.9863e-02 | PDE: 1.2534e-02 | Holes: 8.7588e-05 | Ext: 1.6258e-03 | ms/ep: 125.2 | LR: 9.57e-04 | ETA: 90.5min
[ 6660/50000] Loss: 6.3470e-02 | PDE: 1.2271e-02 | Holes: 1.0742e-04 | Ext: 2.0360e-03 | ms/ep: 127.5 | LR: 9.57e-04 | ETA: 92.1min
[ 6670/50000] Loss: 7.0108e-02 | PDE: 1.2561e-02 | Holes: 2.0972e-04 | Ext: 1.7841e-03 | ms/ep: 128.0 | LR: 9.57e-04 | ETA: 92.5min
[ 6680/50000] Loss: 1.0200e-01 | PDE: 1.3624e-02 | Holes: 5.8100e-04 | Ext: 2.9382e-03 | ms/ep: 125.1 | LR: 9.57e-04 | ETA: 90.3min
[ 6690/50000] Loss: 6.0871e-02 | PDE: 1.1960e-02 | Holes: 7.4786e-05 | Ext: 2.0036e-03 | ms/ep: 115.1 | LR: 9.57e-04 | ETA: 83.1min
[ 6700/50000] Loss: 6.1473e-02 | PDE: 1.3021e-02 | Holes: 9.6100e-05 | Ext: 1.5866e-03 | ms/ep: 114.3 | LR: 9.57e-04 | ETA: 82.5min
[ 6710/50000] Loss: 7.2049e-02 | PDE: 1.1999e-02 | Holes: 2.9998e-04 | Ext: 1.9679e-03 | ms/ep: 119.1 | LR: 9.57e-04 | ETA: 86.0min
[ 6720/50000] Loss: 9.5447e-02 | PDE: 2.1222e-02 | Holes: 1.9764e-04 | Ext: 1.2833e-03 | ms/ep: 113.1 | LR: 9.57e-04 | ETA: 81.6min
[ 6730/50000] Loss: 9.2453e-02 | PDE: 1.3135e-02 | Holes: 5.6510e-04 | Ext: 2.1974e-03 | ms/ep: 113.1 | LR: 9.56e-04 | ETA: 81.5min
[ 6740/50000] Loss: 6.4531e-02 | PDE: 1.1680e-02 | Holes: 1.9879e-04 | Ext: 1.7913e-03 | ms/ep: 126.7 | LR: 9.56e-04 | ETA: 91.4min
[ 6750/50000] Loss: 7.2287e-02 | PDE: 1.3511e-02 | Holes: 1.9338e-04 | Ext: 2.2730e-03 | ms/ep: 125.7 | LR: 9.56e-04 | ETA: 90.6min
[ 6760/50000] Loss: 7.2602e-02 | PDE: 1.2080e-02 | Holes: 2.3723e-04 | Ext: 1.9356e-03 | ms/ep: 115.2 | LR: 9.56e-04 | ETA: 83.0min
[ 6770/50000] Loss: 9.7752e-02 | PDE: 1.3601e-02 | Holes: 6.2551e-04 | Ext: 2.5426e-03 | ms/ep: 104.8 | LR: 9.56e-04 | ETA: 75.5min
[ 6780/50000] Loss: 6.2721e-02 | PDE: 1.1419e-02 | Holes: 1.3929e-04 | Ext: 1.7860e-03 | ms/ep: 105.0 | LR: 9.56e-04 | ETA: 75.6min
[ 6790/50000] Loss: 6.3844e-02 | PDE: 1.3390e-02 | Holes: 1.2830e-04 | Ext: 1.5103e-03 | ms/ep: 124.0 | LR: 9.56e-04 | ETA: 89.3min
[ 6800/50000] Loss: 8.4636e-02 | PDE: 1.3255e-02 | Holes: 3.9601e-04 | Ext: 2.2304e-03 | ms/ep: 121.3 | LR: 9.56e-04 | ETA: 87.3min
[ 6810/50000] Loss: 1.0995e-01 | PDE: 2.2375e-02 | Holes: 5.2696e-04 | Ext: 1.6275e-03 | ms/ep: 130.8 | LR: 9.55e-04 | ETA: 94.2min
[ 6820/50000] Loss: 5.8635e-02 | PDE: 1.1559e-02 | Holes: 7.3079e-05 | Ext: 1.8853e-03 | ms/ep: 131.4 | LR: 9.55e-04 | ETA: 94.5min
[ 6830/50000] Loss: 5.9209e-02 | PDE: 1.1125e-02 | Holes: 1.1978e-04 | Ext: 1.6867e-03 | ms/ep: 127.9 | LR: 9.55e-04 | ETA: 92.0min
[ 6840/50000] Loss: 7.5746e-02 | PDE: 1.4094e-02 | Holes: 1.9763e-04 | Ext: 2.4216e-03 | ms/ep: 129.1 | LR: 9.55e-04 | ETA: 92.9min
[ 6850/50000] Loss: 9.6564e-02 | PDE: 1.2173e-02 | Holes: 5.7370e-04 | Ext: 2.6211e-03 | ms/ep: 127.4 | LR: 9.55e-04 | ETA: 91.6min
[ 6860/50000] Loss: 6.7595e-02 | PDE: 1.1833e-02 | Holes: 1.7585e-04 | Ext: 1.9285e-03 | ms/ep: 128.2 | LR: 9.55e-04 | ETA: 92.2min
[ 6870/50000] Loss: 6.1431e-02 | PDE: 1.1212e-02 | Holes: 1.5976e-04 | Ext: 1.7719e-03 | ms/ep: 110.3 | LR: 9.55e-04 | ETA: 79.3min
[ 6880/50000] Loss: 6.7037e-02 | PDE: 1.3563e-02 | Holes: 1.7241e-04 | Ext: 1.5179e-03 | ms/ep: 128.9 | LR: 9.54e-04 | ETA: 92.6min
[ 6890/50000] Loss: 9.2287e-02 | PDE: 1.3514e-02 | Holes: 4.4813e-04 | Ext: 2.3079e-03 | ms/ep: 129.2 | LR: 9.54e-04 | ETA: 92.8min
[ 6900/50000] Loss: 1.0017e-01 | PDE: 2.0631e-02 | Holes: 4.9451e-04 | Ext: 1.6458e-03 | ms/ep: 127.5 | LR: 9.54e-04 | ETA: 91.6min
[ 6910/50000] Loss: 6.0439e-02 | PDE: 1.1554e-02 | Holes: 9.3647e-05 | Ext: 1.9268e-03 | ms/ep: 122.9 | LR: 9.54e-04 | ETA: 88.3min
[ 6920/50000] Loss: 6.2164e-02 | PDE: 1.1083e-02 | Holes: 1.7309e-04 | Ext: 1.7261e-03 | ms/ep: 113.8 | LR: 9.54e-04 | ETA: 81.7min
[ 6930/50000] Loss: 7.5085e-02 | PDE: 1.4029e-02 | Holes: 1.7579e-04 | Ext: 2.4456e-03 | ms/ep: 129.5 | LR: 9.54e-04 | ETA: 93.0min
[ 6940/50000] Loss: 1.0328e-01 | PDE: 1.2614e-02 | Holes: 7.2290e-04 | Ext: 2.7675e-03 | ms/ep: 124.9 | LR: 9.54e-04 | ETA: 89.6min
[ 6950/50000] Loss: 5.6420e-02 | PDE: 1.1420e-02 | Holes: 5.7087e-05 | Ext: 1.5957e-03 | ms/ep: 127.5 | LR: 9.54e-04 | ETA: 91.5min
[ 6960/50000] Loss: 5.9706e-02 | PDE: 1.0960e-02 | Holes: 1.4311e-04 | Ext: 1.7831e-03 | ms/ep: 122.6 | LR: 9.53e-04 | ETA: 87.9min
[ 6970/50000] Loss: 7.0065e-02 | PDE: 1.4321e-02 | Holes: 1.6528e-04 | Ext: 1.4333e-03 | ms/ep: 130.0 | LR: 9.53e-04 | ETA: 93.3min
[ 6980/50000] Loss: 1.1440e-01 | PDE: 1.4384e-02 | Holes: 7.1877e-04 | Ext: 2.5923e-03 | ms/ep: 131.7 | LR: 9.53e-04 | ETA: 94.4min
[ 6990/50000] Loss: 7.3924e-02 | PDE: 1.4688e-02 | Holes: 2.1802e-04 | Ext: 1.4464e-03 | ms/ep: 130.4 | LR: 9.53e-04 | ETA: 93.5min
[ 7000/50000] Loss: 5.9298e-02 | PDE: 1.0875e-02 | Holes: 9.5303e-05 | Ext: 1.9134e-03 | ms/ep: 132.0 | LR: 9.53e-04 | ETA: 94.6min
[ 7010/50000] Loss: 6.2386e-02 | PDE: 1.0879e-02 | Holes: 1.8639e-04 | Ext: 1.7131e-03 | ms/ep: 130.6 | LR: 9.53e-04 | ETA: 93.6min
[ 7020/50000] Loss: 7.5508e-02 | PDE: 1.3678e-02 | Holes: 1.8007e-04 | Ext: 2.4762e-03 | ms/ep: 131.2 | LR: 9.53e-04 | ETA: 94.0min
[ 7030/50000] Loss: 1.0383e-01 | PDE: 1.2869e-02 | Holes: 7.6039e-04 | Ext: 2.7146e-03 | ms/ep: 130.8 | LR: 9.52e-04 | ETA: 93.6min
[ 7040/50000] Loss: 5.5765e-02 | PDE: 1.1160e-02 | Holes: 5.7502e-05 | Ext: 1.5707e-03 | ms/ep: 133.0 | LR: 9.52e-04 | ETA: 95.2min
[ 7050/50000] Loss: 5.7599e-02 | PDE: 1.0581e-02 | Holes: 1.1642e-04 | Ext: 1.7611e-03 | ms/ep: 130.8 | LR: 9.52e-04 | ETA: 93.6min
[ 7060/50000] Loss: 6.9148e-02 | PDE: 1.3806e-02 | Holes: 1.8352e-04 | Ext: 1.4586e-03 | ms/ep: 130.8 | LR: 9.52e-04 | ETA: 93.6min
[ 7070/50000] Loss: 1.0179e-01 | PDE: 1.3601e-02 | Holes: 5.5307e-04 | Ext: 2.3972e-03 | ms/ep: 130.8 | LR: 9.52e-04 | ETA: 93.6min
[ 7080/50000] Loss: 8.2094e-02 | PDE: 1.7002e-02 | Holes: 3.1183e-04 | Ext: 1.4994e-03 | ms/ep: 131.3 | LR: 9.52e-04 | ETA: 93.9min
[ 7090/50000] Loss: 5.7921e-02 | PDE: 1.0646e-02 | Holes: 8.8966e-05 | Ext: 1.8750e-03 | ms/ep: 129.5 | LR: 9.52e-04 | ETA: 92.6min
[ 7100/50000] Loss: 6.1060e-02 | PDE: 1.0628e-02 | Holes: 1.7999e-04 | Ext: 1.6808e-03 | ms/ep: 129.9 | LR: 9.52e-04 | ETA: 92.8min
[ 7110/50000] Loss: 7.4027e-02 | PDE: 1.3588e-02 | Holes: 1.8071e-04 | Ext: 2.4080e-03 | ms/ep: 131.3 | LR: 9.51e-04 | ETA: 93.8min
[ 7120/50000] Loss: 1.0346e-01 | PDE: 1.1855e-02 | Holes: 7.6701e-04 | Ext: 2.6893e-03 | ms/ep: 130.6 | LR: 9.51e-04 | ETA: 93.4min
[ 7130/50000] Loss: 5.5534e-02 | PDE: 1.0698e-02 | Holes: 6.3433e-05 | Ext: 1.6326e-03 | ms/ep: 131.0 | LR: 9.51e-04 | ETA: 93.6min
[ 7140/50000] Loss: 5.4411e-02 | PDE: 1.0226e-02 | Holes: 6.7406e-05 | Ext: 1.7164e-03 | ms/ep: 130.5 | LR: 9.51e-04 | ETA: 93.3min
[ 7150/50000] Loss: 5.9406e-02 | PDE: 1.1516e-02 | Holes: 1.2120e-04 | Ext: 1.4762e-03 | ms/ep: 130.3 | LR: 9.51e-04 | ETA: 93.1min
[ 7160/50000] Loss: 7.4386e-02 | PDE: 1.1135e-02 | Holes: 3.6793e-04 | Ext: 1.9753e-03 | ms/ep: 130.2 | LR: 9.51e-04 | ETA: 93.0min
[ 7170/50000] Loss: 1.0032e-01 | PDE: 2.0489e-02 | Holes: 2.8041e-04 | Ext: 1.3073e-03 | ms/ep: 129.7 | LR: 9.51e-04 | ETA: 92.6min
[ 7180/50000] Loss: 7.7734e-02 | PDE: 1.1485e-02 | Holes: 3.9770e-04 | Ext: 1.9955e-03 | ms/ep: 130.0 | LR: 9.50e-04 | ETA: 92.8min
[ 7190/50000] Loss: 5.7365e-02 | PDE: 1.0533e-02 | Holes: 1.4252e-04 | Ext: 1.5772e-03 | ms/ep: 130.2 | LR: 9.50e-04 | ETA: 92.9min
[ 7200/50000] Loss: 5.4028e-02 | PDE: 1.0481e-02 | Holes: 6.8305e-05 | Ext: 1.6944e-03 | ms/ep: 130.3 | LR: 9.50e-04 | ETA: 92.9min
[ 7210/50000] Loss: 6.6511e-02 | PDE: 1.0678e-02 | Holes: 2.6451e-04 | Ext: 1.8240e-03 | ms/ep: 130.2 | LR: 9.50e-04 | ETA: 92.9min
[ 7220/50000] Loss: 7.5022e-02 | PDE: 1.3900e-02 | Holes: 1.7708e-04 | Ext: 2.4401e-03 | ms/ep: 129.9 | LR: 9.50e-04 | ETA: 92.6min
[ 7230/50000] Loss: 1.0438e-01 | PDE: 1.2514e-02 | Holes: 7.1374e-04 | Ext: 2.6461e-03 | ms/ep: 130.5 | LR: 9.50e-04 | ETA: 93.0min
[ 7240/50000] Loss: 6.4732e-02 | PDE: 1.1403e-02 | Holes: 1.7794e-04 | Ext: 1.8066e-03 | ms/ep: 131.8 | LR: 9.50e-04 | ETA: 93.9min
[ 7250/50000] Loss: 5.9770e-02 | PDE: 1.0269e-02 | Holes: 1.6857e-04 | Ext: 1.7847e-03 | ms/ep: 130.2 | LR: 9.50e-04 | ETA: 92.8min
[ 7260/50000] Loss: 7.1289e-02 | PDE: 1.4035e-02 | Holes: 2.0831e-04 | Ext: 1.4354e-03 | ms/ep: 130.5 | LR: 9.49e-04 | ETA: 92.9min
[ 7270/50000] Loss: 8.5928e-02 | PDE: 1.2353e-02 | Holes: 4.0076e-04 | Ext: 2.1911e-03 | ms/ep: 130.9 | LR: 9.49e-04 | ETA: 93.2min
[ 7280/50000] Loss: 7.5662e-02 | PDE: 1.6674e-02 | Holes: 2.1291e-04 | Ext: 1.3810e-03 | ms/ep: 130.9 | LR: 9.49e-04 | ETA: 93.2min
[ 7290/50000] Loss: 5.3779e-02 | PDE: 9.9437e-03 | Holes: 7.0106e-05 | Ext: 1.7077e-03 | ms/ep: 130.2 | LR: 9.49e-04 | ETA: 92.7min
[ 7300/50000] Loss: 5.1161e-02 | PDE: 9.8672e-03 | Holes: 4.5758e-05 | Ext: 1.4666e-03 | ms/ep: 131.1 | LR: 9.49e-04 | ETA: 93.3min
[ 7310/50000] Loss: 5.7381e-02 | PDE: 1.0034e-02 | Holes: 1.5418e-04 | Ext: 1.5562e-03 | ms/ep: 130.1 | LR: 9.49e-04 | ETA: 92.6min
[ 7320/50000] Loss: 6.8089e-02 | PDE: 1.2804e-02 | Holes: 2.6831e-04 | Ext: 1.5578e-03 | ms/ep: 130.3 | LR: 9.49e-04 | ETA: 92.7min
[ 7330/50000] Loss: 5.7812e-02 | PDE: 9.8048e-03 | Holes: 9.8887e-05 | Ext: 1.6566e-03 | ms/ep: 131.4 | LR: 9.48e-04 | ETA: 93.4min
[ 7340/50000] Loss: 6.7012e-02 | PDE: 1.0901e-02 | Holes: 2.9217e-04 | Ext: 1.6382e-03 | ms/ep: 130.3 | LR: 9.48e-04 | ETA: 92.7min
[ 7350/50000] Loss: 7.1553e-02 | PDE: 1.0955e-02 | Holes: 3.2070e-04 | Ext: 1.8579e-03 | ms/ep: 130.7 | LR: 9.48e-04 | ETA: 92.9min
[ 7360/50000] Loss: 1.6675e-01 | PDE: 2.1168e-02 | Holes: 1.0996e-03 | Ext: 4.2799e-03 | ms/ep: 129.9 | LR: 9.48e-04 | ETA: 92.3min
[ 7370/50000] Loss: 7.3679e-02 | PDE: 1.3903e-02 | Holes: 1.9315e-04 | Ext: 2.3421e-03 | ms/ep: 130.6 | LR: 9.48e-04 | ETA: 92.8min
[ 7380/50000] Loss: 6.9285e-02 | PDE: 1.6300e-02 | Holes: 1.5300e-04 | Ext: 1.4655e-03 | ms/ep: 130.2 | LR: 9.48e-04 | ETA: 92.5min
[ 7390/50000] Loss: 5.4534e-02 | PDE: 1.0507e-02 | Holes: 4.8131e-05 | Ext: 1.8411e-03 | ms/ep: 131.3 | LR: 9.48e-04 | ETA: 93.3min
[ 7400/50000] Loss: 5.1889e-02 | PDE: 9.7694e-03 | Holes: 6.2395e-05 | Ext: 1.4551e-03 | ms/ep: 130.6 | LR: 9.47e-04 | ETA: 92.7min
[ 7410/50000] Loss: 5.9889e-02 | PDE: 1.0643e-02 | Holes: 1.1087e-04 | Ext: 1.9849e-03 | ms/ep: 130.6 | LR: 9.47e-04 | ETA: 92.7min
[ 7420/50000] Loss: 7.5735e-02 | PDE: 1.1405e-02 | Holes: 3.3574e-04 | Ext: 1.9294e-03 | ms/ep: 130.7 | LR: 9.47e-04 | ETA: 92.8min
[ 7430/50000] Loss: 8.9637e-02 | PDE: 1.1121e-02 | Holes: 5.7499e-04 | Ext: 2.3506e-03 | ms/ep: 129.7 | LR: 9.47e-04 | ETA: 92.0min
[ 7440/50000] Loss: 5.5987e-02 | PDE: 1.0421e-02 | Holes: 1.0255e-04 | Ext: 1.7665e-03 | ms/ep: 130.5 | LR: 9.47e-04 | ETA: 92.6min
[ 7450/50000] Loss: 6.2333e-02 | PDE: 1.3219e-02 | Holes: 1.2787e-04 | Ext: 1.4407e-03 | ms/ep: 130.7 | LR: 9.47e-04 | ETA: 92.7min
[ 7460/50000] Loss: 7.1136e-02 | PDE: 1.1749e-02 | Holes: 2.7823e-04 | Ext: 1.9756e-03 | ms/ep: 130.2 | LR: 9.47e-04 | ETA: 92.3min
[ 7470/50000] Loss: 9.5902e-02 | PDE: 1.9511e-02 | Holes: 4.2711e-04 | Ext: 1.4823e-03 | ms/ep: 130.9 | LR: 9.46e-04 | ETA: 92.8min
[ 7480/50000] Loss: 5.7782e-02 | PDE: 9.9037e-03 | Holes: 1.1508e-04 | Ext: 1.7375e-03 | ms/ep: 130.3 | LR: 9.46e-04 | ETA: 92.3min
[ 7490/50000] Loss: 5.1834e-02 | PDE: 9.9045e-03 | Holes: 5.8308e-05 | Ext: 1.4000e-03 | ms/ep: 130.5 | LR: 9.46e-04 | ETA: 92.4min
[ 7500/50000] Loss: 5.2777e-02 | PDE: 9.3383e-03 | Holes: 1.0183e-04 | Ext: 1.5174e-03 | ms/ep: 130.2 | LR: 9.46e-04 | ETA: 92.2min
[ 7510/50000] Loss: 6.4457e-02 | PDE: 1.1715e-02 | Holes: 2.3464e-04 | Ext: 1.4936e-03 | ms/ep: 130.4 | LR: 9.46e-04 | ETA: 92.3min
[ 7520/50000] Loss: 7.4504e-02 | PDE: 1.1245e-02 | Holes: 3.1175e-04 | Ext: 1.8547e-03 | ms/ep: 130.6 | LR: 9.46e-04 | ETA: 92.5min
[ 7530/50000] Loss: 1.1421e-01 | PDE: 2.4294e-02 | Holes: 4.8059e-04 | Ext: 1.4333e-03 | ms/ep: 131.0 | LR: 9.46e-04 | ETA: 92.8min
[ 7540/50000] Loss: 6.6197e-02 | PDE: 1.0410e-02 | Holes: 2.3779e-04 | Ext: 1.7617e-03 | ms/ep: 132.0 | LR: 9.45e-04 | ETA: 93.4min
[ 7550/50000] Loss: 5.8174e-02 | PDE: 9.5852e-03 | Holes: 2.0173e-04 | Ext: 1.6161e-03 | ms/ep: 132.1 | LR: 9.45e-04 | ETA: 93.4min
[ 7560/50000] Loss: 7.6867e-02 | PDE: 1.1956e-02 | Holes: 3.3058e-04 | Ext: 2.3456e-03 | ms/ep: 131.7 | LR: 9.45e-04 | ETA: 93.1min
[ 7570/50000] Loss: 6.4449e-02 | PDE: 9.6491e-03 | Holes: 2.2261e-04 | Ext: 1.8286e-03 | ms/ep: 131.4 | LR: 9.45e-04 | ETA: 92.9min
[ 7580/50000] Loss: 6.3295e-02 | PDE: 9.6369e-03 | Holes: 2.0009e-04 | Ext: 2.0167e-03 | ms/ep: 130.7 | LR: 9.45e-04 | ETA: 92.4min
[ 7590/50000] Loss: 5.2040e-02 | PDE: 8.8868e-03 | Holes: 8.1125e-05 | Ext: 1.6646e-03 | ms/ep: 130.1 | LR: 9.45e-04 | ETA: 92.0min
[ 7600/50000] Loss: 5.8975e-02 | PDE: 9.5952e-03 | Holes: 1.5020e-04 | Ext: 1.9101e-03 | ms/ep: 130.1 | LR: 9.45e-04 | ETA: 91.9min
[ 7610/50000] Loss: 5.8308e-02 | PDE: 9.5358e-03 | Holes: 1.5345e-04 | Ext: 1.5870e-03 | ms/ep: 130.0 | LR: 9.44e-04 | ETA: 91.8min
[ 7620/50000] Loss: 7.9484e-02 | PDE: 1.2164e-02 | Holes: 2.8053e-04 | Ext: 2.5342e-03 | ms/ep: 129.8 | LR: 9.44e-04 | ETA: 91.7min
[ 7630/50000] Loss: 8.5349e-02 | PDE: 1.1043e-02 | Holes: 5.6826e-04 | Ext: 2.2330e-03 | ms/ep: 129.8 | LR: 9.44e-04 | ETA: 91.7min
[ 7640/50000] Loss: 5.3765e-02 | PDE: 9.2509e-03 | Holes: 9.7825e-05 | Ext: 1.6258e-03 | ms/ep: 129.6 | LR: 9.44e-04 | ETA: 91.5min
[ 7650/50000] Loss: 5.0734e-02 | PDE: 9.0825e-03 | Holes: 7.1139e-05 | Ext: 1.6134e-03 | ms/ep: 129.9 | LR: 9.44e-04 | ETA: 91.7min
[ 7660/50000] Loss: 5.0451e-02 | PDE: 8.7363e-03 | Holes: 7.3448e-05 | Ext: 1.5861e-03 | ms/ep: 129.3 | LR: 9.44e-04 | ETA: 91.2min
[ 7670/50000] Loss: 6.8589e-02 | PDE: 9.6248e-03 | Holes: 3.3688e-04 | Ext: 1.9163e-03 | ms/ep: 130.4 | LR: 9.44e-04 | ETA: 92.0min
[ 7680/50000] Loss: 5.3795e-02 | PDE: 1.0072e-02 | Holes: 6.0341e-05 | Ext: 1.8086e-03 | ms/ep: 130.8 | LR: 9.43e-04 | ETA: 92.2min
[ 7690/50000] Loss: 5.4293e-02 | PDE: 1.0763e-02 | Holes: 9.2647e-05 | Ext: 1.3172e-03 | ms/ep: 131.0 | LR: 9.43e-04 | ETA: 92.4min
[ 7700/50000] Loss: 9.2459e-02 | PDE: 1.1601e-02 | Holes: 7.4329e-04 | Ext: 1.9812e-03 | ms/ep: 130.8 | LR: 9.43e-04 | ETA: 92.2min
[ 7710/50000] Loss: 1.1986e-01 | PDE: 2.5649e-02 | Holes: 4.6771e-04 | Ext: 1.3058e-03 | ms/ep: 130.3 | LR: 9.43e-04 | ETA: 91.9min
[ 7720/50000] Loss: 6.6287e-02 | PDE: 1.3648e-02 | Holes: 1.1758e-04 | Ext: 1.9349e-03 | ms/ep: 129.9 | LR: 9.43e-04 | ETA: 91.5min
[ 7730/50000] Loss: 6.3342e-02 | PDE: 1.1129e-02 | Holes: 2.3147e-04 | Ext: 1.8142e-03 | ms/ep: 130.6 | LR: 9.43e-04 | ETA: 92.0min
[ 7740/50000] Loss: 5.1325e-02 | PDE: 9.2689e-03 | Holes: 6.7196e-05 | Ext: 1.5266e-03 | ms/ep: 131.3 | LR: 9.43e-04 | ETA: 92.5min
[ 7750/50000] Loss: 4.8473e-02 | PDE: 8.7680e-03 | Holes: 4.4162e-05 | Ext: 1.5455e-03 | ms/ep: 130.7 | LR: 9.42e-04 | ETA: 92.0min
[ 7760/50000] Loss: 4.7887e-02 | PDE: 8.8852e-03 | Holes: 4.3633e-05 | Ext: 1.4071e-03 | ms/ep: 131.3 | LR: 9.42e-04 | ETA: 92.4min
[ 7770/50000] Loss: 6.2363e-02 | PDE: 8.9725e-03 | Holes: 2.7869e-04 | Ext: 1.5550e-03 | ms/ep: 129.8 | LR: 9.42e-04 | ETA: 91.3min
[ 7780/50000] Loss: 5.2724e-02 | PDE: 1.0576e-02 | Holes: 7.4822e-05 | Ext: 1.3200e-03 | ms/ep: 130.9 | LR: 9.42e-04 | ETA: 92.1min
[ 7790/50000] Loss: 6.1393e-02 | PDE: 9.6233e-03 | Holes: 2.4810e-04 | Ext: 1.7351e-03 | ms/ep: 129.6 | LR: 9.42e-04 | ETA: 91.2min
[ 7800/50000] Loss: 6.4193e-02 | PDE: 1.0502e-02 | Holes: 2.6177e-04 | Ext: 1.8621e-03 | ms/ep: 130.5 | LR: 9.42e-04 | ETA: 91.8min
[ 7810/50000] Loss: 8.3764e-02 | PDE: 1.4769e-02 | Holes: 5.0239e-04 | Ext: 1.4864e-03 | ms/ep: 129.8 | LR: 9.42e-04 | ETA: 91.2min
[ 7820/50000] Loss: 7.8200e-02 | PDE: 1.1834e-02 | Holes: 4.0077e-04 | Ext: 1.9718e-03 | ms/ep: 130.2 | LR: 9.41e-04 | ETA: 91.5min
[ 7830/50000] Loss: 7.8383e-02 | PDE: 1.7595e-02 | Holes: 1.6883e-04 | Ext: 1.1220e-03 | ms/ep: 130.4 | LR: 9.41e-04 | ETA: 91.6min
[ 7840/50000] Loss: 8.2961e-02 | PDE: 1.1510e-02 | Holes: 4.9362e-04 | Ext: 2.0712e-03 | ms/ep: 130.2 | LR: 9.41e-04 | ETA: 91.5min
[ 7850/50000] Loss: 5.2770e-02 | PDE: 1.0618e-02 | Holes: 8.2624e-05 | Ext: 1.3564e-03 | ms/ep: 130.6 | LR: 9.41e-04 | ETA: 91.7min
[ 7860/50000] Loss: 5.0744e-02 | PDE: 8.5301e-03 | Holes: 8.6940e-05 | Ext: 1.4435e-03 | ms/ep: 130.6 | LR: 9.41e-04 | ETA: 91.7min
[ 7870/50000] Loss: 5.2606e-02 | PDE: 9.2716e-03 | Holes: 1.1832e-04 | Ext: 1.4218e-03 | ms/ep: 131.0 | LR: 9.41e-04 | ETA: 92.0min
[ 7880/50000] Loss: 6.6785e-02 | PDE: 9.6717e-03 | Holes: 3.5653e-04 | Ext: 1.5415e-03 | ms/ep: 129.9 | LR: 9.41e-04 | ETA: 91.2min
[ 7890/50000] Loss: 6.6260e-02 | PDE: 1.0388e-02 | Holes: 3.3953e-04 | Ext: 1.5181e-03 | ms/ep: 130.2 | LR: 9.40e-04 | ETA: 91.4min
[ 7900/50000] Loss: 4.9600e-02 | PDE: 8.5550e-03 | Holes: 7.9597e-05 | Ext: 1.3926e-03 | ms/ep: 130.4 | LR: 9.40e-04 | ETA: 91.5min
[ 7910/50000] Loss: 5.0634e-02 | PDE: 8.6119e-03 | Holes: 9.8389e-05 | Ext: 1.4029e-03 | ms/ep: 129.7 | LR: 9.40e-04 | ETA: 91.0min
[ 7920/50000] Loss: 7.4269e-02 | PDE: 1.0607e-02 | Holes: 4.6212e-04 | Ext: 1.5966e-03 | ms/ep: 130.1 | LR: 9.40e-04 | ETA: 91.3min
[ 7930/50000] Loss: 6.4586e-02 | PDE: 9.0757e-03 | Holes: 3.0577e-04 | Ext: 1.4625e-03 | ms/ep: 130.9 | LR: 9.40e-04 | ETA: 91.8min
[ 7940/50000] Loss: 5.7715e-02 | PDE: 8.9350e-03 | Holes: 2.0261e-04 | Ext: 1.4717e-03 | ms/ep: 131.1 | LR: 9.40e-04 | ETA: 91.9min
[ 7950/50000] Loss: 5.2378e-02 | PDE: 8.8111e-03 | Holes: 1.2108e-04 | Ext: 1.3783e-03 | ms/ep: 131.6 | LR: 9.40e-04 | ETA: 92.2min
[ 7960/50000] Loss: 7.0887e-02 | PDE: 1.0602e-02 | Holes: 3.9055e-04 | Ext: 1.4929e-03 | ms/ep: 130.7 | LR: 9.39e-04 | ETA: 91.6min
[ 7970/50000] Loss: 4.8004e-02 | PDE: 8.7292e-03 | Holes: 4.2419e-05 | Ext: 1.3142e-03 | ms/ep: 131.7 | LR: 9.39e-04 | ETA: 92.2min
[ 7980/50000] Loss: 5.2052e-02 | PDE: 8.3399e-03 | Holes: 1.4603e-04 | Ext: 1.4615e-03 | ms/ep: 131.9 | LR: 9.39e-04 | ETA: 92.4min
[ 7990/50000] Loss: 6.0446e-02 | PDE: 1.1735e-02 | Holes: 1.4647e-04 | Ext: 1.4891e-03 | ms/ep: 131.0 | LR: 9.39e-04 | ETA: 91.7min
[ 8000/50000] Loss: 5.4728e-02 | PDE: 9.0768e-03 | Holes: 1.4489e-04 | Ext: 1.4629e-03 | ms/ep: 130.7 | LR: 9.39e-04 | ETA: 91.5min
[ 8010/50000] Loss: 5.1432e-02 | PDE: 9.0670e-03 | Holes: 7.3555e-05 | Ext: 1.6971e-03 | ms/ep: 130.2 | LR: 9.39e-04 | ETA: 91.1min
[ 8020/50000] Loss: 1.6701e-01 | PDE: 2.2198e-02 | Holes: 1.4818e-03 | Ext: 3.9624e-03 | ms/ep: 131.3 | LR: 9.38e-04 | ETA: 91.8min
[ 8030/50000] Loss: 7.7278e-02 | PDE: 1.4374e-02 | Holes: 3.0111e-04 | Ext: 1.9427e-03 | ms/ep: 130.5 | LR: 9.38e-04 | ETA: 91.3min
[ 8040/50000] Loss: 6.6400e-02 | PDE: 1.2179e-02 | Holes: 2.2911e-04 | Ext: 1.6602e-03 | ms/ep: 131.6 | LR: 9.38e-04 | ETA: 92.0min
[ 8050/50000] Loss: 5.9444e-02 | PDE: 1.2897e-02 | Holes: 1.0238e-04 | Ext: 1.8640e-03 | ms/ep: 130.8 | LR: 9.38e-04 | ETA: 91.4min
[ 8060/50000] Loss: 5.8623e-02 | PDE: 1.1514e-02 | Holes: 1.1744e-04 | Ext: 1.3231e-03 | ms/ep: 130.0 | LR: 9.38e-04 | ETA: 90.9min
[ 8070/50000] Loss: 4.9352e-02 | PDE: 8.9181e-03 | Holes: 6.1283e-05 | Ext: 1.5596e-03 | ms/ep: 130.5 | LR: 9.38e-04 | ETA: 91.2min
[ 8080/50000] Loss: 5.3492e-02 | PDE: 8.9343e-03 | Holes: 1.0268e-04 | Ext: 1.7651e-03 | ms/ep: 124.2 | LR: 9.38e-04 | ETA: 86.8min
[ 8090/50000] Loss: 5.0092e-02 | PDE: 9.3376e-03 | Holes: 5.4619e-05 | Ext: 1.3102e-03 | ms/ep: 111.7 | LR: 9.37e-04 | ETA: 78.0min
[ 8100/50000] Loss: 7.5148e-02 | PDE: 9.3602e-03 | Holes: 4.7220e-04 | Ext: 1.7704e-03 | ms/ep: 109.0 | LR: 9.37e-04 | ETA: 76.1min
[ 8110/50000] Loss: 6.1630e-02 | PDE: 1.3062e-02 | Holes: 8.2057e-05 | Ext: 1.1511e-03 | ms/ep: 104.6 | LR: 9.37e-04 | ETA: 73.0min
[ 8120/50000] Loss: 1.0955e-01 | PDE: 1.3056e-02 | Holes: 8.8452e-04 | Ext: 2.3630e-03 | ms/ep: 104.4 | LR: 9.37e-04 | ETA: 72.9min
[ 8130/50000] Loss: 5.9821e-02 | PDE: 1.4518e-02 | Holes: 6.1247e-05 | Ext: 1.2200e-03 | ms/ep: 104.8 | LR: 9.37e-04 | ETA: 73.1min
[ 8140/50000] Loss: 4.7251e-02 | PDE: 8.3364e-03 | Holes: 4.7488e-05 | Ext: 1.5206e-03 | ms/ep: 104.3 | LR: 9.37e-04 | ETA: 72.8min
[ 8150/50000] Loss: 4.6659e-02 | PDE: 8.1013e-03 | Holes: 5.3860e-05 | Ext: 1.4421e-03 | ms/ep: 104.2 | LR: 9.37e-04 | ETA: 72.7min
[ 8160/50000] Loss: 5.8740e-02 | PDE: 9.5024e-03 | Holes: 1.5687e-04 | Ext: 1.9079e-03 | ms/ep: 105.7 | LR: 9.36e-04 | ETA: 73.7min
[ 8170/50000] Loss: 5.9153e-02 | PDE: 1.0142e-02 | Holes: 1.5478e-04 | Ext: 1.3346e-03 | ms/ep: 104.6 | LR: 9.36e-04 | ETA: 72.9min
[ 8180/50000] Loss: 5.9681e-02 | PDE: 8.5851e-03 | Holes: 2.2978e-04 | Ext: 1.6500e-03 | ms/ep: 104.3 | LR: 9.36e-04 | ETA: 72.7min
[ 8190/50000] Loss: 8.3434e-02 | PDE: 1.6035e-02 | Holes: 3.8407e-04 | Ext: 1.3583e-03 | ms/ep: 112.3 | LR: 9.36e-04 | ETA: 78.3min
[ 8200/50000] Loss: 1.0393e-01 | PDE: 1.6139e-02 | Holes: 6.5849e-04 | Ext: 2.5632e-03 | ms/ep: 109.6 | LR: 9.36e-04 | ETA: 76.3min
[ 8210/50000] Loss: 6.6763e-02 | PDE: 1.1707e-02 | Holes: 2.8024e-04 | Ext: 1.3450e-03 | ms/ep: 104.7 | LR: 9.36e-04 | ETA: 72.9min
[ 8220/50000] Loss: 4.9695e-02 | PDE: 8.3311e-03 | Holes: 1.0561e-04 | Ext: 1.5128e-03 | ms/ep: 104.1 | LR: 9.35e-04 | ETA: 72.5min
[ 8230/50000] Loss: 4.5343e-02 | PDE: 7.9098e-03 | Holes: 4.3772e-05 | Ext: 1.4226e-03 | ms/ep: 104.5 | LR: 9.35e-04 | ETA: 72.8min
[ 8240/50000] Loss: 6.0711e-02 | PDE: 9.1281e-03 | Holes: 2.0750e-04 | Ext: 1.9256e-03 | ms/ep: 104.1 | LR: 9.35e-04 | ETA: 72.5min
[ 8250/50000] Loss: 6.5255e-02 | PDE: 8.8090e-03 | Holes: 3.1874e-04 | Ext: 1.4679e-03 | ms/ep: 104.2 | LR: 9.35e-04 | ETA: 72.5min
[ 8260/50000] Loss: 7.7189e-02 | PDE: 1.2936e-02 | Holes: 1.7945e-04 | Ext: 2.5514e-03 | ms/ep: 104.2 | LR: 9.35e-04 | ETA: 72.5min
[ 8270/50000] Loss: 8.0591e-02 | PDE: 1.4156e-02 | Holes: 4.4891e-04 | Ext: 2.0821e-03 | ms/ep: 104.6 | LR: 9.35e-04 | ETA: 72.7min
[ 8280/50000] Loss: 5.6351e-02 | PDE: 1.0806e-02 | Holes: 1.3933e-04 | Ext: 1.5304e-03 | ms/ep: 104.5 | LR: 9.35e-04 | ETA: 72.7min
[ 8290/50000] Loss: 5.8644e-02 | PDE: 8.5266e-03 | Holes: 2.3779e-04 | Ext: 1.5508e-03 | ms/ep: 113.9 | LR: 9.34e-04 | ETA: 79.2min
[ 8300/50000] Loss: 4.7476e-02 | PDE: 9.6134e-03 | Holes: 4.2486e-05 | Ext: 1.2642e-03 | ms/ep: 104.4 | LR: 9.34e-04 | ETA: 72.6min
[ 8310/50000] Loss: 4.8484e-02 | PDE: 8.4301e-03 | Holes: 7.8799e-05 | Ext: 1.4996e-03 | ms/ep: 104.5 | LR: 9.34e-04 | ETA: 72.6min
[ 8320/50000] Loss: 7.3607e-02 | PDE: 1.0203e-02 | Holes: 3.5344e-04 | Ext: 2.2135e-03 | ms/ep: 104.2 | LR: 9.34e-04 | ETA: 72.4min
[ 8330/50000] Loss: 4.9550e-02 | PDE: 8.9324e-03 | Holes: 7.3227e-05 | Ext: 1.2293e-03 | ms/ep: 104.3 | LR: 9.34e-04 | ETA: 72.5min
[ 8340/50000] Loss: 1.0693e-01 | PDE: 1.0693e-02 | Holes: 1.0116e-03 | Ext: 2.0599e-03 | ms/ep: 108.6 | LR: 9.34e-04 | ETA: 75.4min
[ 8350/50000] Loss: 7.9516e-02 | PDE: 1.9549e-02 | Holes: 9.5893e-05 | Ext: 9.7355e-04 | ms/ep: 104.8 | LR: 9.33e-04 | ETA: 72.7min
[ 8360/50000] Loss: 6.6896e-02 | PDE: 1.0107e-02 | Holes: 3.3905e-04 | Ext: 1.7796e-03 | ms/ep: 113.1 | LR: 9.33e-04 | ETA: 78.5min
[ 8370/50000] Loss: 5.5963e-02 | PDE: 8.3661e-03 | Holes: 2.0397e-04 | Ext: 1.5001e-03 | ms/ep: 131.5 | LR: 9.33e-04 | ETA: 91.3min
[ 8380/50000] Loss: 5.6058e-02 | PDE: 9.0378e-03 | Holes: 1.1119e-04 | Ext: 1.9086e-03 | ms/ep: 131.1 | LR: 9.33e-04 | ETA: 90.9min
[ 8390/50000] Loss: 5.0333e-02 | PDE: 8.6371e-03 | Holes: 8.4324e-05 | Ext: 1.3469e-03 | ms/ep: 130.5 | LR: 9.33e-04 | ETA: 90.5min
[ 8400/50000] Loss: 5.6074e-02 | PDE: 8.9756e-03 | Holes: 1.0992e-04 | Ext: 1.9102e-03 | ms/ep: 130.5 | LR: 9.33e-04 | ETA: 90.5min
[ 8410/50000] Loss: 7.0646e-02 | PDE: 1.0446e-02 | Holes: 3.3463e-04 | Ext: 1.6021e-03 | ms/ep: 130.5 | LR: 9.32e-04 | ETA: 90.4min
[ 8420/50000] Loss: 8.3488e-02 | PDE: 1.0621e-02 | Holes: 4.2916e-04 | Ext: 2.4375e-03 | ms/ep: 130.0 | LR: 9.32e-04 | ETA: 90.1min
[ 8430/50000] Loss: 5.7925e-02 | PDE: 1.2710e-02 | Holes: 1.7319e-04 | Ext: 1.5515e-03 | ms/ep: 131.0 | LR: 9.32e-04 | ETA: 90.7min
[ 8440/50000] Loss: 5.1320e-02 | PDE: 9.6554e-03 | Holes: 1.3053e-04 | Ext: 1.3666e-03 | ms/ep: 131.2 | LR: 9.32e-04 | ETA: 90.9min
[ 8450/50000] Loss: 4.9048e-02 | PDE: 8.0227e-03 | Holes: 1.1115e-04 | Ext: 1.3727e-03 | ms/ep: 132.1 | LR: 9.32e-04 | ETA: 91.5min
[ 8460/50000] Loss: 5.1841e-02 | PDE: 8.1277e-03 | Holes: 1.6107e-04 | Ext: 1.3868e-03 | ms/ep: 131.0 | LR: 9.32e-04 | ETA: 90.7min
[ 8470/50000] Loss: 5.7935e-02 | PDE: 9.4589e-03 | Holes: 2.3677e-04 | Ext: 1.3564e-03 | ms/ep: 130.4 | LR: 9.32e-04 | ETA: 90.2min
[ 8480/50000] Loss: 5.5977e-02 | PDE: 8.1464e-03 | Holes: 1.9628e-04 | Ext: 1.4843e-03 | ms/ep: 130.3 | LR: 9.31e-04 | ETA: 90.2min
[ 8490/50000] Loss: 5.4705e-02 | PDE: 7.9666e-03 | Holes: 1.6647e-04 | Ext: 1.5466e-03 | ms/ep: 130.2 | LR: 9.31e-04 | ETA: 90.1min
[ 8500/50000] Loss: 1.0954e-01 | PDE: 1.2811e-02 | Holes: 8.9522e-04 | Ext: 2.1607e-03 | ms/ep: 130.0 | LR: 9.31e-04 | ETA: 89.9min
[ 8510/50000] Loss: 5.7664e-02 | PDE: 1.2147e-02 | Holes: 1.1267e-04 | Ext: 1.7722e-03 | ms/ep: 130.9 | LR: 9.31e-04 | ETA: 90.5min
[ 8520/50000] Loss: 5.5696e-02 | PDE: 1.0300e-02 | Holes: 1.7880e-04 | Ext: 1.4818e-03 | ms/ep: 130.3 | LR: 9.31e-04 | ETA: 90.1min
[ 8530/50000] Loss: 4.7804e-02 | PDE: 8.2100e-03 | Holes: 8.1612e-05 | Ext: 1.3349e-03 | ms/ep: 130.6 | LR: 9.31e-04 | ETA: 90.3min
[ 8540/50000] Loss: 4.3877e-02 | PDE: 7.3320e-03 | Holes: 3.7195e-05 | Ext: 1.3098e-03 | ms/ep: 129.7 | LR: 9.30e-04 | ETA: 89.6min
[ 8550/50000] Loss: 5.6173e-02 | PDE: 8.4487e-03 | Holes: 2.3025e-04 | Ext: 1.4039e-03 | ms/ep: 130.2 | LR: 9.30e-04 | ETA: 89.9min
[ 8560/50000] Loss: 4.5709e-02 | PDE: 7.3267e-03 | Holes: 7.6015e-05 | Ext: 1.3712e-03 | ms/ep: 130.5 | LR: 9.30e-04 | ETA: 90.2min
[ 8570/50000] Loss: 7.4879e-02 | PDE: 8.8360e-03 | Holes: 4.6586e-04 | Ext: 1.7964e-03 | ms/ep: 130.7 | LR: 9.30e-04 | ETA: 90.2min
[ 8580/50000] Loss: 6.8985e-02 | PDE: 8.9944e-03 | Holes: 3.5740e-04 | Ext: 1.9840e-03 | ms/ep: 131.0 | LR: 9.30e-04 | ETA: 90.4min
[ 8590/50000] Loss: 7.1749e-02 | PDE: 1.2286e-02 | Holes: 4.1091e-04 | Ext: 1.4937e-03 | ms/ep: 130.1 | LR: 9.30e-04 | ETA: 89.8min
[ 8600/50000] Loss: 5.7868e-02 | PDE: 8.5339e-03 | Holes: 2.5279e-04 | Ext: 1.6585e-03 | ms/ep: 129.7 | LR: 9.29e-04 | ETA: 89.5min
[ 8610/50000] Loss: 4.6197e-02 | PDE: 7.8459e-03 | Holes: 7.0131e-05 | Ext: 1.4399e-03 | ms/ep: 131.0 | LR: 9.29e-04 | ETA: 90.4min
[ 8620/50000] Loss: 7.9370e-02 | PDE: 9.8633e-03 | Holes: 5.7633e-04 | Ext: 1.5833e-03 | ms/ep: 130.2 | LR: 9.29e-04 | ETA: 89.8min
[ 8630/50000] Loss: 1.1845e-01 | PDE: 1.4979e-02 | Holes: 7.4349e-04 | Ext: 3.4459e-03 | ms/ep: 129.8 | LR: 9.29e-04 | ETA: 89.5min
[ 8640/50000] Loss: 9.1554e-02 | PDE: 1.3602e-02 | Holes: 5.4396e-04 | Ext: 2.3875e-03 | ms/ep: 130.0 | LR: 9.29e-04 | ETA: 89.6min
[ 8650/50000] Loss: 5.1071e-02 | PDE: 9.1487e-03 | Holes: 9.9088e-05 | Ext: 1.4687e-03 | ms/ep: 130.8 | LR: 9.29e-04 | ETA: 90.1min
[ 8660/50000] Loss: 5.5987e-02 | PDE: 8.9808e-03 | Holes: 1.3784e-04 | Ext: 1.8622e-03 | ms/ep: 131.1 | LR: 9.29e-04 | ETA: 90.3min
[ 8670/50000] Loss: 4.8152e-02 | PDE: 7.6208e-03 | Holes: 1.1070e-04 | Ext: 1.3803e-03 | ms/ep: 130.2 | LR: 9.28e-04 | ETA: 89.7min
[ 8680/50000] Loss: 6.4450e-02 | PDE: 9.4167e-03 | Holes: 1.7428e-04 | Ext: 2.1570e-03 | ms/ep: 131.4 | LR: 9.28e-04 | ETA: 90.5min
[ 8690/50000] Loss: 6.5708e-02 | PDE: 1.1184e-02 | Holes: 3.0371e-04 | Ext: 1.6808e-03 | ms/ep: 129.9 | LR: 9.28e-04 | ETA: 89.4min
[ 8700/50000] Loss: 5.5237e-02 | PDE: 8.4625e-03 | Holes: 1.3647e-04 | Ext: 1.7857e-03 | ms/ep: 130.1 | LR: 9.28e-04 | ETA: 89.6min
[ 8710/50000] Loss: 5.0332e-02 | PDE: 8.5967e-03 | Holes: 1.3128e-04 | Ext: 1.4031e-03 | ms/ep: 129.9 | LR: 9.28e-04 | ETA: 89.4min
[ 8720/50000] Loss: 5.2793e-02 | PDE: 8.0805e-03 | Holes: 9.7013e-05 | Ext: 1.8147e-03 | ms/ep: 131.3 | LR: 9.28e-04 | ETA: 90.3min
[ 8730/50000] Loss: 6.2364e-02 | PDE: 9.3093e-03 | Holes: 2.7444e-04 | Ext: 1.5300e-03 | ms/ep: 131.9 | LR: 9.27e-04 | ETA: 90.7min
[ 8740/50000] Loss: 8.2529e-02 | PDE: 9.9312e-03 | Holes: 4.6859e-04 | Ext: 2.4256e-03 | ms/ep: 130.7 | LR: 9.27e-04 | ETA: 89.9min
[ 8750/50000] Loss: 4.8361e-02 | PDE: 9.6998e-03 | Holes: 6.9367e-05 | Ext: 1.4880e-03 | ms/ep: 131.3 | LR: 9.27e-04 | ETA: 90.3min
[ 8760/50000] Loss: 4.4378e-02 | PDE: 7.9214e-03 | Holes: 4.2445e-05 | Ext: 1.2690e-03 | ms/ep: 131.5 | LR: 9.27e-04 | ETA: 90.4min
[ 8770/50000] Loss: 4.2855e-02 | PDE: 6.9026e-03 | Holes: 3.9224e-05 | Ext: 1.3321e-03 | ms/ep: 131.4 | LR: 9.27e-04 | ETA: 90.3min
[ 8780/50000] Loss: 4.7182e-02 | PDE: 7.6342e-03 | Holes: 1.0130e-04 | Ext: 1.3126e-03 | ms/ep: 131.2 | LR: 9.27e-04 | ETA: 90.1min
[ 8790/50000] Loss: 5.5248e-02 | PDE: 7.5462e-03 | Holes: 2.5689e-04 | Ext: 1.4117e-03 | ms/ep: 131.2 | LR: 9.26e-04 | ETA: 90.1min
[ 8800/50000] Loss: 8.0230e-02 | PDE: 1.1453e-02 | Holes: 6.2551e-04 | Ext: 1.5751e-03 | ms/ep: 130.5 | LR: 9.26e-04 | ETA: 89.6min
[ 8810/50000] Loss: 7.7161e-02 | PDE: 1.1333e-02 | Holes: 5.2056e-04 | Ext: 1.7214e-03 | ms/ep: 130.4 | LR: 9.26e-04 | ETA: 89.5min
[ 8820/50000] Loss: 4.9742e-02 | PDE: 1.0361e-02 | Holes: 4.4545e-05 | Ext: 1.1194e-03 | ms/ep: 130.2 | LR: 9.26e-04 | ETA: 89.4min
[ 8830/50000] Loss: 8.6196e-02 | PDE: 9.3027e-03 | Holes: 6.7852e-04 | Ext: 1.9839e-03 | ms/ep: 130.5 | LR: 9.26e-04 | ETA: 89.6min
[ 8840/50000] Loss: 5.7961e-02 | PDE: 1.4288e-02 | Holes: 6.1471e-05 | Ext: 1.0264e-03 | ms/ep: 130.3 | LR: 9.26e-04 | ETA: 89.4min
[ 8850/50000] Loss: 6.9790e-02 | PDE: 8.0615e-03 | Holes: 4.2836e-04 | Ext: 1.8479e-03 | ms/ep: 129.9 | LR: 9.25e-04 | ETA: 89.1min
[ 8860/50000] Loss: 4.6617e-02 | PDE: 8.7038e-03 | Holes: 3.5737e-05 | Ext: 1.0970e-03 | ms/ep: 130.7 | LR: 9.25e-04 | ETA: 89.6min
[ 8870/50000] Loss: 5.9282e-02 | PDE: 7.2442e-03 | Holes: 2.9173e-04 | Ext: 1.6296e-03 | ms/ep: 129.9 | LR: 9.25e-04 | ETA: 89.0min
[ 8880/50000] Loss: 6.1988e-02 | PDE: 1.3057e-02 | Holes: 9.5417e-05 | Ext: 1.0312e-03 | ms/ep: 130.0 | LR: 9.25e-04 | ETA: 89.1min
[ 8890/50000] Loss: 8.1320e-02 | PDE: 8.5006e-03 | Holes: 5.0554e-04 | Ext: 2.0454e-03 | ms/ep: 129.6 | LR: 9.25e-04 | ETA: 88.8min
[ 8900/50000] Loss: 5.5752e-02 | PDE: 1.0053e-02 | Holes: 1.2412e-04 | Ext: 1.1225e-03 | ms/ep: 130.6 | LR: 9.25e-04 | ETA: 89.5min
[ 8910/50000] Loss: 4.3902e-02 | PDE: 6.9234e-03 | Holes: 4.3346e-05 | Ext: 1.4640e-03 | ms/ep: 129.8 | LR: 9.24e-04 | ETA: 88.9min
[ 8920/50000] Loss: 4.5380e-02 | PDE: 7.6317e-03 | Holes: 6.5125e-05 | Ext: 1.2157e-03 | ms/ep: 130.5 | LR: 9.24e-04 | ETA: 89.3min
[ 8930/50000] Loss: 5.2831e-02 | PDE: 6.9996e-03 | Holes: 2.1226e-04 | Ext: 1.5008e-03 | ms/ep: 129.5 | LR: 9.24e-04 | ETA: 88.7min
[ 8940/50000] Loss: 5.7507e-02 | PDE: 9.8602e-03 | Holes: 1.6831e-04 | Ext: 1.1918e-03 | ms/ep: 130.3 | LR: 9.24e-04 | ETA: 89.2min
[ 8950/50000] Loss: 7.3302e-02 | PDE: 8.3426e-03 | Holes: 4.4317e-04 | Ext: 1.8550e-03 | ms/ep: 130.1 | LR: 9.24e-04 | ETA: 89.0min
[ 8960/50000] Loss: 1.1852e-01 | PDE: 2.2678e-02 | Holes: 6.8221e-04 | Ext: 1.3552e-03 | ms/ep: 130.1 | LR: 9.24e-04 | ETA: 89.0min
[ 8970/50000] Loss: 5.0999e-02 | PDE: 8.6441e-03 | Holes: 8.0856e-05 | Ext: 1.7365e-03 | ms/ep: 130.4 | LR: 9.23e-04 | ETA: 89.2min
[ 8980/50000] Loss: 4.6986e-02 | PDE: 7.8178e-03 | Holes: 8.7681e-05 | Ext: 1.4206e-03 | ms/ep: 130.0 | LR: 9.23e-04 | ETA: 88.9min
[ 8990/50000] Loss: 4.2710e-02 | PDE: 7.1040e-03 | Holes: 3.8504e-05 | Ext: 1.2869e-03 | ms/ep: 130.5 | LR: 9.23e-04 | ETA: 89.2min
[ 9000/50000] Loss: 4.1603e-02 | PDE: 6.6268e-03 | Holes: 3.5512e-05 | Ext: 1.3042e-03 | ms/ep: 130.4 | LR: 9.23e-04 | ETA: 89.1min
[ 9010/50000] Loss: 4.2794e-02 | PDE: 6.8830e-03 | Holes: 5.4358e-05 | Ext: 1.2617e-03 | ms/ep: 130.6 | LR: 9.23e-04 | ETA: 89.2min
[ 9020/50000] Loss: 6.6774e-02 | PDE: 8.4548e-03 | Holes: 4.7379e-04 | Ext: 1.5746e-03 | ms/ep: 130.2 | LR: 9.23e-04 | ETA: 88.9min
[ 9030/50000] Loss: 4.8229e-02 | PDE: 7.4667e-03 | Holes: 1.2910e-04 | Ext: 1.3810e-03 | ms/ep: 130.8 | LR: 9.22e-04 | ETA: 89.3min
[ 9040/50000] Loss: 5.0324e-02 | PDE: 7.3827e-03 | Holes: 1.4189e-04 | Ext: 1.2795e-03 | ms/ep: 130.3 | LR: 9.22e-04 | ETA: 88.9min
[ 9050/50000] Loss: 5.9127e-02 | PDE: 9.0105e-03 | Holes: 1.8935e-04 | Ext: 1.8899e-03 | ms/ep: 130.0 | LR: 9.22e-04 | ETA: 88.7min
[ 9060/50000] Loss: 7.0397e-02 | PDE: 9.7015e-03 | Holes: 3.8282e-04 | Ext: 1.4977e-03 | ms/ep: 130.2 | LR: 9.22e-04 | ETA: 88.8min
[ 9070/50000] Loss: 7.5895e-02 | PDE: 1.2917e-02 | Holes: 2.7785e-04 | Ext: 2.2441e-03 | ms/ep: 130.2 | LR: 9.22e-04 | ETA: 88.8min
[ 9080/50000] Loss: 5.4861e-02 | PDE: 1.4698e-02 | Holes: 9.1311e-05 | Ext: 1.5256e-03 | ms/ep: 130.3 | LR: 9.22e-04 | ETA: 88.8min
[ 9090/50000] Loss: 6.2018e-02 | PDE: 9.9807e-03 | Holes: 2.8718e-04 | Ext: 1.2868e-03 | ms/ep: 129.8 | LR: 9.21e-04 | ETA: 88.5min
[ 9100/50000] Loss: 4.4542e-02 | PDE: 7.1318e-03 | Holes: 4.9987e-05 | Ext: 1.4429e-03 | ms/ep: 129.7 | LR: 9.21e-04 | ETA: 88.4min
[ 9110/50000] Loss: 4.9631e-02 | PDE: 7.1023e-03 | Holes: 1.2099e-04 | Ext: 1.6396e-03 | ms/ep: 129.3 | LR: 9.21e-04 | ETA: 88.1min
[ 9120/50000] Loss: 4.3214e-02 | PDE: 6.8890e-03 | Holes: 5.1015e-05 | Ext: 1.1980e-03 | ms/ep: 130.5 | LR: 9.21e-04 | ETA: 88.9min
[ 9130/50000] Loss: 5.1359e-02 | PDE: 6.6570e-03 | Holes: 1.9581e-04 | Ext: 1.4058e-03 | ms/ep: 130.2 | LR: 9.21e-04 | ETA: 88.7min
[ 9140/50000] Loss: 5.9904e-02 | PDE: 1.2780e-02 | Holes: 8.4921e-05 | Ext: 1.0527e-03 | ms/ep: 130.4 | LR: 9.21e-04 | ETA: 88.8min
[ 9150/50000] Loss: 1.0323e-01 | PDE: 1.0367e-02 | Holes: 8.7504e-04 | Ext: 2.3098e-03 | ms/ep: 130.4 | LR: 9.20e-04 | ETA: 88.8min
[ 9160/50000] Loss: 5.4719e-02 | PDE: 9.3533e-03 | Holes: 1.0515e-04 | Ext: 1.0306e-03 | ms/ep: 130.2 | LR: 9.20e-04 | ETA: 88.6min
[ 9170/50000] Loss: 4.4273e-02 | PDE: 6.5672e-03 | Holes: 7.4156e-05 | Ext: 1.4378e-03 | ms/ep: 130.1 | LR: 9.20e-04 | ETA: 88.5min
[ 9180/50000] Loss: 4.1458e-02 | PDE: 6.6355e-03 | Holes: 4.1851e-05 | Ext: 1.2711e-03 | ms/ep: 130.3 | LR: 9.20e-04 | ETA: 88.6min
[ 9190/50000] Loss: 4.2298e-02 | PDE: 6.2257e-03 | Holes: 6.1254e-05 | Ext: 1.3149e-03 | ms/ep: 130.0 | LR: 9.20e-04 | ETA: 88.4min
[ 9200/50000] Loss: 7.6969e-02 | PDE: 1.0554e-02 | Holes: 3.5574e-04 | Ext: 2.3639e-03 | ms/ep: 129.6 | LR: 9.20e-04 | ETA: 88.1min
[ 9210/50000] Loss: 5.0540e-02 | PDE: 9.0371e-03 | Holes: 8.8565e-05 | Ext: 1.3052e-03 | ms/ep: 130.6 | LR: 9.19e-04 | ETA: 88.8min
[ 9220/50000] Loss: 8.7824e-02 | PDE: 1.0915e-02 | Holes: 5.3067e-04 | Ext: 2.5396e-03 | ms/ep: 130.2 | LR: 9.19e-04 | ETA: 88.5min
[ 9230/50000] Loss: 6.2890e-02 | PDE: 1.3954e-02 | Holes: 2.4241e-04 | Ext: 1.5579e-03 | ms/ep: 130.4 | LR: 9.19e-04 | ETA: 88.6min
[ 9240/50000] Loss: 4.6909e-02 | PDE: 9.5266e-03 | Holes: 5.0035e-05 | Ext: 1.2249e-03 | ms/ep: 130.2 | LR: 9.19e-04 | ETA: 88.5min
[ 9250/50000] Loss: 4.5704e-02 | PDE: 7.0907e-03 | Holes: 8.4732e-05 | Ext: 1.3654e-03 | ms/ep: 129.6 | LR: 9.19e-04 | ETA: 88.0min
[ 9260/50000] Loss: 4.2989e-02 | PDE: 7.3202e-03 | Holes: 4.3348e-05 | Ext: 1.1725e-03 | ms/ep: 130.0 | LR: 9.19e-04 | ETA: 88.2min
[ 9270/50000] Loss: 4.3994e-02 | PDE: 6.2419e-03 | Holes: 9.4887e-05 | Ext: 1.2981e-03 | ms/ep: 130.0 | LR: 9.18e-04 | ETA: 88.2min
[ 9280/50000] Loss: 4.7596e-02 | PDE: 7.9848e-03 | Holes: 1.1306e-04 | Ext: 1.2403e-03 | ms/ep: 130.5 | LR: 9.18e-04 | ETA: 88.6min
[ 9290/50000] Loss: 4.5285e-02 | PDE: 7.4706e-03 | Holes: 9.0650e-05 | Ext: 1.4283e-03 | ms/ep: 130.1 | LR: 9.18e-04 | ETA: 88.2min
[ 9300/50000] Loss: 1.1723e-01 | PDE: 1.3097e-02 | Holes: 8.6223e-04 | Ext: 3.1937e-03 | ms/ep: 130.2 | LR: 9.18e-04 | ETA: 88.3min
[ 9310/50000] Loss: 8.3366e-02 | PDE: 1.1531e-02 | Holes: 5.8623e-04 | Ext: 2.0778e-03 | ms/ep: 129.7 | LR: 9.18e-04 | ETA: 87.9min
[ 9320/50000] Loss: 4.9667e-02 | PDE: 8.2619e-03 | Holes: 8.3584e-05 | Ext: 1.5266e-03 | ms/ep: 130.1 | LR: 9.18e-04 | ETA: 88.2min
[ 9330/50000] Loss: 5.0042e-02 | PDE: 6.9830e-03 | Holes: 1.3003e-04 | Ext: 1.4492e-03 | ms/ep: 129.8 | LR: 9.17e-04 | ETA: 88.0min
[ 9340/50000] Loss: 5.0430e-02 | PDE: 7.7471e-03 | Holes: 7.7024e-05 | Ext: 1.7491e-03 | ms/ep: 130.0 | LR: 9.17e-04 | ETA: 88.1min
[ 9350/50000] Loss: 6.6937e-02 | PDE: 1.0402e-02 | Holes: 2.9675e-04 | Ext: 1.6386e-03 | ms/ep: 130.3 | LR: 9.17e-04 | ETA: 88.3min
[ 9360/50000] Loss: 6.8924e-02 | PDE: 8.4398e-03 | Holes: 3.6384e-04 | Ext: 2.0556e-03 | ms/ep: 130.8 | LR: 9.17e-04 | ETA: 88.6min
[ 9370/50000] Loss: 4.5064e-02 | PDE: 8.2225e-03 | Holes: 8.5546e-05 | Ext: 1.2723e-03 | ms/ep: 129.7 | LR: 9.17e-04 | ETA: 87.8min
[ 9380/50000] Loss: 4.8586e-02 | PDE: 7.0938e-03 | Holes: 1.1323e-04 | Ext: 1.6007e-03 | ms/ep: 130.4 | LR: 9.16e-04 | ETA: 88.3min
[ 9390/50000] Loss: 4.7122e-02 | PDE: 6.9388e-03 | Holes: 1.1937e-04 | Ext: 1.2556e-03 | ms/ep: 129.8 | LR: 9.16e-04 | ETA: 87.8min
[ 9400/50000] Loss: 7.3905e-02 | PDE: 8.9736e-03 | Holes: 3.5460e-04 | Ext: 2.3024e-03 | ms/ep: 129.9 | LR: 9.16e-04 | ETA: 87.9min
[ 9410/50000] Loss: 6.1648e-02 | PDE: 1.5326e-02 | Holes: 2.3924e-04 | Ext: 1.5095e-03 | ms/ep: 130.4 | LR: 9.16e-04 | ETA: 88.2min
[ 9420/50000] Loss: 4.3307e-02 | PDE: 7.7263e-03 | Holes: 4.7274e-05 | Ext: 1.1772e-03 | ms/ep: 130.2 | LR: 9.16e-04 | ETA: 88.1min
[ 9430/50000] Loss: 4.3299e-02 | PDE: 6.6621e-03 | Holes: 7.1642e-05 | Ext: 1.2622e-03 | ms/ep: 130.7 | LR: 9.16e-04 | ETA: 88.4min
[ 9440/50000] Loss: 4.3775e-02 | PDE: 6.9410e-03 | Holes: 6.9025e-05 | Ext: 1.1712e-03 | ms/ep: 129.5 | LR: 9.15e-04 | ETA: 87.6min
[ 9450/50000] Loss: 4.4455e-02 | PDE: 6.3518e-03 | Holes: 1.0767e-04 | Ext: 1.3487e-03 | ms/ep: 129.8 | LR: 9.15e-04 | ETA: 87.7min
[ 9460/50000] Loss: 7.4114e-02 | PDE: 7.7659e-03 | Holes: 4.7553e-04 | Ext: 2.0974e-03 | ms/ep: 130.0 | LR: 9.15e-04 | ETA: 87.8min
[ 9470/50000] Loss: 5.2876e-02 | PDE: 1.0755e-02 | Holes: 9.0136e-05 | Ext: 1.3453e-03 | ms/ep: 130.1 | LR: 9.15e-04 | ETA: 87.9min
[ 9480/50000] Loss: 5.7173e-02 | PDE: 1.0462e-02 | Holes: 2.3591e-04 | Ext: 1.5288e-03 | ms/ep: 130.5 | LR: 9.15e-04 | ETA: 88.1min
[ 9490/50000] Loss: 4.6938e-02 | PDE: 6.8307e-03 | Holes: 1.3941e-04 | Ext: 1.3044e-03 | ms/ep: 129.9 | LR: 9.15e-04 | ETA: 87.7min
[ 9500/50000] Loss: 4.2740e-02 | PDE: 6.8960e-03 | Holes: 3.9323e-05 | Ext: 1.1447e-03 | ms/ep: 130.3 | LR: 9.14e-04 | ETA: 88.0min
[ 9510/50000] Loss: 4.9846e-02 | PDE: 6.7149e-03 | Holes: 1.8046e-04 | Ext: 1.4545e-03 | ms/ep: 130.1 | LR: 9.14e-04 | ETA: 87.8min
[ 9520/50000] Loss: 5.6885e-02 | PDE: 8.4016e-03 | Holes: 1.6722e-04 | Ext: 1.8689e-03 | ms/ep: 130.5 | LR: 9.14e-04 | ETA: 88.0min
[ 9530/50000] Loss: 5.4908e-02 | PDE: 7.5288e-03 | Holes: 2.1340e-04 | Ext: 1.3941e-03 | ms/ep: 130.0 | LR: 9.14e-04 | ETA: 87.7min
[ 9540/50000] Loss: 8.4855e-02 | PDE: 1.0039e-02 | Holes: 3.9982e-04 | Ext: 2.5709e-03 | ms/ep: 130.1 | LR: 9.14e-04 | ETA: 87.7min
[ 9550/50000] Loss: 5.6453e-02 | PDE: 1.3237e-02 | Holes: 1.3178e-04 | Ext: 1.5612e-03 | ms/ep: 130.1 | LR: 9.14e-04 | ETA: 87.7min
[ 9560/50000] Loss: 4.7087e-02 | PDE: 8.6543e-03 | Holes: 8.5686e-05 | Ext: 1.2424e-03 | ms/ep: 130.5 | LR: 9.13e-04 | ETA: 88.0min
[ 9570/50000] Loss: 5.0260e-02 | PDE: 6.4401e-03 | Holes: 1.7991e-04 | Ext: 1.4246e-03 | ms/ep: 131.0 | LR: 9.13e-04 | ETA: 88.2min
[ 9580/50000] Loss: 4.4991e-02 | PDE: 7.9525e-03 | Holes: 4.8449e-05 | Ext: 1.0664e-03 | ms/ep: 130.0 | LR: 9.13e-04 | ETA: 87.6min
[ 9590/50000] Loss: 5.4476e-02 | PDE: 7.4621e-03 | Holes: 2.3307e-04 | Ext: 1.5991e-03 | ms/ep: 130.2 | LR: 9.13e-04 | ETA: 87.7min
[ 9600/50000] Loss: 5.0522e-02 | PDE: 9.4386e-03 | Holes: 7.7697e-05 | Ext: 1.0363e-03 | ms/ep: 130.6 | LR: 9.13e-04 | ETA: 87.9min
[ 9610/50000] Loss: 8.9928e-02 | PDE: 7.2304e-03 | Holes: 7.6795e-04 | Ext: 1.9825e-03 | ms/ep: 130.2 | LR: 9.12e-04 | ETA: 87.6min
[ 9620/50000] Loss: 6.8984e-02 | PDE: 1.4310e-02 | Holes: 1.1272e-04 | Ext: 8.9668e-04 | ms/ep: 129.8 | LR: 9.12e-04 | ETA: 87.4min
[ 9630/50000] Loss: 4.2880e-02 | PDE: 7.5504e-03 | Holes: 3.0364e-05 | Ext: 1.4476e-03 | ms/ep: 130.4 | LR: 9.12e-04 | ETA: 87.8min
[ 9640/50000] Loss: 4.9198e-02 | PDE: 6.6847e-03 | Holes: 1.6580e-04 | Ext: 1.3857e-03 | ms/ep: 130.0 | LR: 9.12e-04 | ETA: 87.5min
[ 9650/50000] Loss: 4.0990e-02 | PDE: 6.2925e-03 | Holes: 3.6670e-05 | Ext: 1.4061e-03 | ms/ep: 130.4 | LR: 9.12e-04 | ETA: 87.7min
[ 9660/50000] Loss: 3.9790e-02 | PDE: 6.1466e-03 | Holes: 3.6048e-05 | Ext: 1.1633e-03 | ms/ep: 129.7 | LR: 9.12e-04 | ETA: 87.2min
[ 9670/50000] Loss: 4.0532e-02 | PDE: 5.9423e-03 | Holes: 5.0174e-05 | Ext: 1.3437e-03 | ms/ep: 129.9 | LR: 9.11e-04 | ETA: 87.3min
[ 9680/50000] Loss: 6.8530e-02 | PDE: 8.5811e-03 | Holes: 4.5704e-04 | Ext: 1.7525e-03 | ms/ep: 129.9 | LR: 9.11e-04 | ETA: 87.3min
[ 9690/50000] Loss: 4.9212e-02 | PDE: 6.3381e-03 | Holes: 1.9309e-04 | Ext: 1.2543e-03 | ms/ep: 130.2 | LR: 9.11e-04 | ETA: 87.5min
[ 9700/50000] Loss: 1.7666e-01 | PDE: 2.3724e-02 | Holes: 1.2171e-03 | Ext: 4.5336e-03 | ms/ep: 129.9 | LR: 9.11e-04 | ETA: 87.3min
[ 9710/50000] Loss: 8.9910e-02 | PDE: 1.6962e-02 | Holes: 5.2633e-04 | Ext: 2.2043e-03 | ms/ep: 129.5 | LR: 9.11e-04 | ETA: 87.0min
[ 9720/50000] Loss: 4.6070e-02 | PDE: 9.2439e-03 | Holes: 5.2535e-05 | Ext: 1.3783e-03 | ms/ep: 130.4 | LR: 9.11e-04 | ETA: 87.6min
[ 9730/50000] Loss: 5.7507e-02 | PDE: 7.8184e-03 | Holes: 2.0094e-04 | Ext: 1.8664e-03 | ms/ep: 129.9 | LR: 9.10e-04 | ETA: 87.2min
[ 9740/50000] Loss: 4.0986e-02 | PDE: 7.0225e-03 | Holes: 3.3237e-05 | Ext: 1.2147e-03 | ms/ep: 130.6 | LR: 9.10e-04 | ETA: 87.6min
[ 9750/50000] Loss: 5.3822e-02 | PDE: 6.9582e-03 | Holes: 1.5397e-04 | Ext: 1.8292e-03 | ms/ep: 130.5 | LR: 9.10e-04 | ETA: 87.5min
[ 9760/50000] Loss: 5.9297e-02 | PDE: 8.9194e-03 | Holes: 2.8947e-04 | Ext: 1.4636e-03 | ms/ep: 129.8 | LR: 9.10e-04 | ETA: 87.1min
[ 9770/50000] Loss: 6.0068e-02 | PDE: 9.5323e-03 | Holes: 2.1683e-04 | Ext: 1.8444e-03 | ms/ep: 129.5 | LR: 9.10e-04 | ETA: 86.8min
[ 9780/50000] Loss: 4.2779e-02 | PDE: 7.4206e-03 | Holes: 5.4859e-05 | Ext: 1.2972e-03 | ms/ep: 130.2 | LR: 9.09e-04 | ETA: 87.3min
[ 9790/50000] Loss: 3.9605e-02 | PDE: 5.9716e-03 | Holes: 3.1099e-05 | Ext: 1.3117e-03 | ms/ep: 129.6 | LR: 9.09e-04 | ETA: 86.9min
[ 9800/50000] Loss: 4.0882e-02 | PDE: 6.0157e-03 | Holes: 6.7646e-05 | Ext: 1.2004e-03 | ms/ep: 130.4 | LR: 9.09e-04 | ETA: 87.4min
[ 9810/50000] Loss: 5.5529e-02 | PDE: 7.6255e-03 | Holes: 1.7550e-04 | Ext: 1.8346e-03 | ms/ep: 130.1 | LR: 9.09e-04 | ETA: 87.2min
[ 9820/50000] Loss: 6.2147e-02 | PDE: 8.5923e-03 | Holes: 2.7556e-04 | Ext: 1.4474e-03 | ms/ep: 130.2 | LR: 9.09e-04 | ETA: 87.2min
[ 9830/50000] Loss: 5.3111e-02 | PDE: 9.4947e-03 | Holes: 1.1370e-04 | Ext: 1.7237e-03 | ms/ep: 130.3 | LR: 9.09e-04 | ETA: 87.2min
[ 9840/50000] Loss: 1.2898e-01 | PDE: 1.9054e-02 | Holes: 1.3213e-03 | Ext: 2.2744e-03 | ms/ep: 130.4 | LR: 9.08e-04 | ETA: 87.3min
[ 9850/50000] Loss: 5.1429e-02 | PDE: 1.2388e-02 | Holes: 8.9307e-05 | Ext: 1.1135e-03 | ms/ep: 129.5 | LR: 9.08e-04 | ETA: 86.7min
[ 9860/50000] Loss: 5.2454e-02 | PDE: 7.3233e-03 | Holes: 2.0196e-04 | Ext: 1.5932e-03 | ms/ep: 129.9 | LR: 9.08e-04 | ETA: 86.9min
[ 9870/50000] Loss: 3.9756e-02 | PDE: 6.1521e-03 | Holes: 3.4507e-05 | Ext: 1.1225e-03 | ms/ep: 130.5 | LR: 9.08e-04 | ETA: 87.3min
[ 9880/50000] Loss: 3.8532e-02 | PDE: 5.5779e-03 | Holes: 3.4042e-05 | Ext: 1.2372e-03 | ms/ep: 130.1 | LR: 9.08e-04 | ETA: 87.0min
[ 9890/50000] Loss: 4.4929e-02 | PDE: 6.3742e-03 | Holes: 1.2978e-04 | Ext: 1.1987e-03 | ms/ep: 130.1 | LR: 9.07e-04 | ETA: 87.0min
[ 9900/50000] Loss: 4.2149e-02 | PDE: 5.5215e-03 | Holes: 1.0484e-04 | Ext: 1.2535e-03 | ms/ep: 130.2 | LR: 9.07e-04 | ETA: 87.0min
[ 9910/50000] Loss: 4.2529e-02 | PDE: 5.6941e-03 | Holes: 7.7261e-05 | Ext: 1.4305e-03 | ms/ep: 130.3 | LR: 9.07e-04 | ETA: 87.1min
[ 9920/50000] Loss: 7.1394e-02 | PDE: 9.2682e-03 | Holes: 4.4241e-04 | Ext: 1.4907e-03 | ms/ep: 130.7 | LR: 9.07e-04 | ETA: 87.3min
[ 9930/50000] Loss: 6.0763e-02 | PDE: 1.1937e-02 | Holes: 1.6266e-04 | Ext: 1.9150e-03 | ms/ep: 130.6 | LR: 9.07e-04 | ETA: 87.2min
[ 9940/50000] Loss: 7.0759e-02 | PDE: 1.4189e-02 | Holes: 4.1666e-04 | Ext: 1.5666e-03 | ms/ep: 130.8 | LR: 9.07e-04 | ETA: 87.3min
[ 9950/50000] Loss: 6.5654e-02 | PDE: 8.5874e-03 | Holes: 3.1168e-04 | Ext: 2.0334e-03 | ms/ep: 129.6 | LR: 9.06e-04 | ETA: 86.5min
[ 9960/50000] Loss: 4.6521e-02 | PDE: 9.5704e-03 | Holes: 1.0261e-04 | Ext: 1.3534e-03 | ms/ep: 130.0 | LR: 9.06e-04 | ETA: 86.8min
[ 9970/50000] Loss: 4.4068e-02 | PDE: 6.2872e-03 | Holes: 1.0187e-04 | Ext: 1.3859e-03 | ms/ep: 130.6 | LR: 9.06e-04 | ETA: 87.1min
[ 9980/50000] Loss: 4.2107e-02 | PDE: 6.8563e-03 | Holes: 7.4033e-05 | Ext: 1.1734e-03 | ms/ep: 129.8 | LR: 9.06e-04 | ETA: 86.6min
[ 9990/50000] Loss: 4.1222e-02 | PDE: 5.5696e-03 | Holes: 8.7091e-05 | Ext: 1.2616e-03 | ms/ep: 129.9 | LR: 9.06e-04 | ETA: 86.7min
[10000/50000] Loss: 5.3380e-02 | PDE: 9.3671e-03 | Holes: 1.5378e-04 | Ext: 1.1120e-03 | ms/ep: 130.1 | LR: 9.05e-04 | ETA: 86.7min
[10010/50000] Loss: 5.6404e-02 | PDE: 8.7349e-03 | Holes: 2.0929e-04 | Ext: 1.6341e-03 | ms/ep: 130.4 | LR: 9.05e-04 | ETA: 86.9min
[10020/50000] Loss: 7.7570e-02 | PDE: 1.6540e-02 | Holes: 3.1862e-04 | Ext: 1.0824e-03 | ms/ep: 129.4 | LR: 9.05e-04 | ETA: 86.2min
[10030/50000] Loss: 7.2059e-02 | PDE: 8.0519e-03 | Holes: 4.0956e-04 | Ext: 2.0287e-03 | ms/ep: 130.4 | LR: 9.05e-04 | ETA: 86.8min
[10040/50000] Loss: 4.2629e-02 | PDE: 6.7238e-03 | Holes: 6.2619e-05 | Ext: 1.1949e-03 | ms/ep: 130.2 | LR: 9.05e-04 | ETA: 86.7min
[10050/50000] Loss: 4.3535e-02 | PDE: 6.3406e-03 | Holes: 7.8580e-05 | Ext: 1.4700e-03 | ms/ep: 130.1 | LR: 9.05e-04 | ETA: 86.6min
[10060/50000] Loss: 4.5569e-02 | PDE: 6.5145e-03 | Holes: 1.4016e-04 | Ext: 1.2386e-03 | ms/ep: 125.2 | LR: 9.04e-04 | ETA: 83.3min
[10070/50000] Loss: 5.2736e-02 | PDE: 6.7831e-03 | Holes: 1.5092e-04 | Ext: 1.8008e-03 | ms/ep: 127.5 | LR: 9.04e-04 | ETA: 84.9min
[10080/50000] Loss: 4.6610e-02 | PDE: 7.7542e-03 | Holes: 1.1422e-04 | Ext: 1.2810e-03 | ms/ep: 130.8 | LR: 9.04e-04 | ETA: 87.0min
[10090/50000] Loss: 7.3744e-02 | PDE: 7.5720e-03 | Holes: 4.1598e-04 | Ext: 2.2337e-03 | ms/ep: 130.3 | LR: 9.04e-04 | ETA: 86.7min
[10100/50000] Loss: 5.3714e-02 | PDE: 1.0845e-02 | Holes: 1.6266e-04 | Ext: 1.4010e-03 | ms/ep: 130.6 | LR: 9.04e-04 | ETA: 86.9min
[10110/50000] Loss: 4.8477e-02 | PDE: 6.7827e-03 | Holes: 1.4006e-04 | Ext: 1.5661e-03 | ms/ep: 130.3 | LR: 9.03e-04 | ETA: 86.7min
[10120/50000] Loss: 4.4968e-02 | PDE: 6.6161e-03 | Holes: 1.4715e-04 | Ext: 1.2590e-03 | ms/ep: 130.4 | LR: 9.03e-04 | ETA: 86.7min
[10130/50000] Loss: 5.9114e-02 | PDE: 7.0914e-03 | Holes: 2.1726e-04 | Ext: 1.9636e-03 | ms/ep: 130.0 | LR: 9.03e-04 | ETA: 86.4min
[10140/50000] Loss: 5.4710e-02 | PDE: 8.8656e-03 | Holes: 2.0197e-04 | Ext: 1.5036e-03 | ms/ep: 130.2 | LR: 9.03e-04 | ETA: 86.5min
[10150/50000] Loss: 4.8435e-02 | PDE: 6.8796e-03 | Holes: 1.5742e-04 | Ext: 1.4512e-03 | ms/ep: 130.3 | LR: 9.03e-04 | ETA: 86.6min
[10160/50000] Loss: 4.2334e-02 | PDE: 6.5336e-03 | Holes: 9.4092e-05 | Ext: 1.2433e-03 | ms/ep: 131.0 | LR: 9.03e-04 | ETA: 87.0min
[10170/50000] Loss: 4.0006e-02 | PDE: 5.5415e-03 | Holes: 5.3396e-05 | Ext: 1.3675e-03 | ms/ep: 129.7 | LR: 9.02e-04 | ETA: 86.1min
[10180/50000] Loss: 6.1460e-02 | PDE: 8.9863e-03 | Holes: 3.5643e-04 | Ext: 1.3556e-03 | ms/ep: 130.8 | LR: 9.02e-04 | ETA: 86.8min
[10190/50000] Loss: 4.9356e-02 | PDE: 6.6494e-03 | Holes: 1.8975e-04 | Ext: 1.4664e-03 | ms/ep: 130.1 | LR: 9.02e-04 | ETA: 86.3min
[10200/50000] Loss: 4.2764e-02 | PDE: 5.8859e-03 | Holes: 1.0175e-04 | Ext: 1.1971e-03 | ms/ep: 129.8 | LR: 9.02e-04 | ETA: 86.1min
[10210/50000] Loss: 4.0903e-02 | PDE: 5.3911e-03 | Holes: 7.5228e-05 | Ext: 1.3408e-03 | ms/ep: 130.7 | LR: 9.02e-04 | ETA: 86.6min
[10220/50000] Loss: 9.2559e-02 | PDE: 1.0339e-02 | Holes: 8.1488e-04 | Ext: 2.2463e-03 | ms/ep: 130.3 | LR: 9.01e-04 | ETA: 86.4min
[10230/50000] Loss: 4.0169e-02 | PDE: 6.8773e-03 | Holes: 4.7041e-05 | Ext: 1.1429e-03 | ms/ep: 130.2 | LR: 9.01e-04 | ETA: 86.3min
[10240/50000] Loss: 4.7991e-02 | PDE: 5.7676e-03 | Holes: 2.1016e-04 | Ext: 1.3261e-03 | ms/ep: 130.2 | LR: 9.01e-04 | ETA: 86.3min
[10250/50000] Loss: 4.5605e-02 | PDE: 6.1081e-03 | Holes: 1.1458e-04 | Ext: 1.5270e-03 | ms/ep: 130.5 | LR: 9.01e-04 | ETA: 86.4min
[10260/50000] Loss: 4.4981e-02 | PDE: 8.0286e-03 | Holes: 5.1190e-05 | Ext: 9.8270e-04 | ms/ep: 130.2 | LR: 9.01e-04 | ETA: 86.3min
[10270/50000] Loss: 4.5653e-02 | PDE: 6.5326e-03 | Holes: 1.2514e-04 | Ext: 1.3904e-03 | ms/ep: 130.4 | LR: 9.00e-04 | ETA: 86.3min
[10280/50000] Loss: 4.8108e-02 | PDE: 6.2352e-03 | Holes: 1.5101e-04 | Ext: 1.5387e-03 | ms/ep: 129.8 | LR: 9.00e-04 | ETA: 85.9min
[10290/50000] Loss: 3.9245e-02 | PDE: 5.9866e-03 | Holes: 4.2384e-05 | Ext: 1.0426e-03 | ms/ep: 130.0 | LR: 9.00e-04 | ETA: 86.0min
[10300/50000] Loss: 5.6953e-02 | PDE: 5.7787e-03 | Holes: 3.3688e-04 | Ext: 1.4624e-03 | ms/ep: 130.4 | LR: 9.00e-04 | ETA: 86.3min
[10310/50000] Loss: 4.5858e-02 | PDE: 8.8060e-03 | Holes: 7.3210e-05 | Ext: 1.0360e-03 | ms/ep: 129.9 | LR: 9.00e-04 | ETA: 85.9min
[10320/50000] Loss: 4.8615e-02 | PDE: 7.0373e-03 | Holes: 1.6796e-04 | Ext: 1.3906e-03 | ms/ep: 130.8 | LR: 9.00e-04 | ETA: 86.5min
[10330/50000] Loss: 3.7751e-02 | PDE: 5.6446e-03 | Holes: 2.4637e-05 | Ext: 1.2887e-03 | ms/ep: 130.3 | LR: 8.99e-04 | ETA: 86.2min
[10340/50000] Loss: 5.9680e-02 | PDE: 9.3426e-03 | Holes: 2.6445e-04 | Ext: 1.1640e-03 | ms/ep: 130.2 | LR: 8.99e-04 | ETA: 86.1min
[10350/50000] Loss: 4.8230e-02 | PDE: 1.0178e-02 | Holes: 1.0699e-04 | Ext: 1.3964e-03 | ms/ep: 130.2 | LR: 8.99e-04 | ETA: 86.1min
[10360/50000] Loss: 6.4379e-02 | PDE: 7.1392e-03 | Holes: 2.7380e-04 | Ext: 2.0343e-03 | ms/ep: 130.7 | LR: 8.99e-04 | ETA: 86.3min
[10370/50000] Loss: 4.6406e-02 | PDE: 9.5846e-03 | Holes: 7.9719e-05 | Ext: 9.9872e-04 | ms/ep: 130.0 | LR: 8.99e-04 | ETA: 85.9min
[10380/50000] Loss: 5.5658e-02 | PDE: 6.5186e-03 | Holes: 2.4134e-04 | Ext: 1.5786e-03 | ms/ep: 130.3 | LR: 8.98e-04 | ETA: 86.0min
[10390/50000] Loss: 6.8608e-02 | PDE: 1.5549e-02 | Holes: 1.5413e-04 | Ext: 1.0048e-03 | ms/ep: 130.4 | LR: 8.98e-04 | ETA: 86.1min
[10400/50000] Loss: 5.3911e-02 | PDE: 1.0265e-02 | Holes: 1.0801e-04 | Ext: 1.5219e-03 | ms/ep: 130.3 | LR: 8.98e-04 | ETA: 86.0min
[10410/50000] Loss: 6.1059e-02 | PDE: 1.1047e-02 | Holes: 2.8294e-04 | Ext: 1.1826e-03 | ms/ep: 130.6 | LR: 8.98e-04 | ETA: 86.2min
[10420/50000] Loss: 4.8496e-02 | PDE: 7.5927e-03 | Holes: 1.5291e-04 | Ext: 1.5086e-03 | ms/ep: 130.2 | LR: 8.98e-04 | ETA: 85.9min
[10430/50000] Loss: 4.0515e-02 | PDE: 6.2085e-03 | Holes: 8.2525e-05 | Ext: 1.2000e-03 | ms/ep: 130.0 | LR: 8.97e-04 | ETA: 85.7min
[10440/50000] Loss: 3.8188e-02 | PDE: 5.6266e-03 | Holes: 4.6509e-05 | Ext: 1.1213e-03 | ms/ep: 130.1 | LR: 8.97e-04 | ETA: 85.8min
[10450/50000] Loss: 3.6459e-02 | PDE: 5.2126e-03 | Holes: 3.0911e-05 | Ext: 1.1191e-03 | ms/ep: 129.9 | LR: 8.97e-04 | ETA: 85.6min
[10460/50000] Loss: 7.0757e-02 | PDE: 8.0737e-03 | Holes: 5.6147e-04 | Ext: 1.4213e-03 | ms/ep: 130.5 | LR: 8.97e-04 | ETA: 86.0min
[10470/50000] Loss: 4.3256e-02 | PDE: 6.0178e-03 | Holes: 8.7425e-05 | Ext: 1.0578e-03 | ms/ep: 130.5 | LR: 8.97e-04 | ETA: 86.0min
[10480/50000] Loss: 4.1901e-02 | PDE: 5.6756e-03 | Holes: 1.1006e-04 | Ext: 1.2543e-03 | ms/ep: 129.9 | LR: 8.97e-04 | ETA: 85.6min
[10490/50000] Loss: 4.5883e-02 | PDE: 6.3780e-03 | Holes: 6.6147e-05 | Ext: 1.5935e-03 | ms/ep: 129.7 | LR: 8.96e-04 | ETA: 85.4min
[10500/50000] Loss: 5.6787e-02 | PDE: 9.4932e-03 | Holes: 1.9653e-04 | Ext: 9.9324e-04 | ms/ep: 130.0 | LR: 8.96e-04 | ETA: 85.6min
[10510/50000] Loss: 4.8484e-02 | PDE: 8.9705e-03 | Holes: 1.2453e-04 | Ext: 1.5165e-03 | ms/ep: 130.3 | LR: 8.96e-04 | ETA: 85.8min
[10520/50000] Loss: 4.1514e-02 | PDE: 6.5235e-03 | Holes: 5.5150e-05 | Ext: 1.3766e-03 | ms/ep: 130.0 | LR: 8.96e-04 | ETA: 85.5min
[10530/50000] Loss: 4.4228e-02 | PDE: 7.8428e-03 | Holes: 7.6357e-05 | Ext: 1.0169e-03 | ms/ep: 129.8 | LR: 8.96e-04 | ETA: 85.4min
[10540/50000] Loss: 4.4220e-02 | PDE: 5.6814e-03 | Holes: 1.2534e-04 | Ext: 1.3719e-03 | ms/ep: 130.4 | LR: 8.95e-04 | ETA: 85.8min
[10550/50000] Loss: 4.1902e-02 | PDE: 6.0912e-03 | Holes: 6.0098e-05 | Ext: 1.4324e-03 | ms/ep: 129.5 | LR: 8.95e-04 | ETA: 85.2min
[10560/50000] Loss: 5.8152e-02 | PDE: 9.6891e-03 | Holes: 2.3862e-04 | Ext: 1.0577e-03 | ms/ep: 130.6 | LR: 8.95e-04 | ETA: 85.8min
[10570/50000] Loss: 4.7809e-02 | PDE: 1.0305e-02 | Holes: 9.9460e-05 | Ext: 1.4113e-03 | ms/ep: 130.4 | LR: 8.95e-04 | ETA: 85.7min
[10580/50000] Loss: 4.6093e-02 | PDE: 6.5826e-03 | Holes: 9.2583e-05 | Ext: 1.5492e-03 | ms/ep: 129.8 | LR: 8.95e-04 | ETA: 85.3min
[10590/50000] Loss: 5.7917e-02 | PDE: 9.9619e-03 | Holes: 2.5517e-04 | Ext: 1.1228e-03 | ms/ep: 130.7 | LR: 8.94e-04 | ETA: 85.9min
[10600/50000] Loss: 5.1135e-02 | PDE: 7.0933e-03 | Holes: 2.2250e-04 | Ext: 1.5010e-03 | ms/ep: 129.9 | LR: 8.94e-04 | ETA: 85.3min
[10610/50000] Loss: 3.7853e-02 | PDE: 5.6207e-03 | Holes: 2.5536e-05 | Ext: 1.3161e-03 | ms/ep: 129.8 | LR: 8.94e-04 | ETA: 85.2min
[10620/50000] Loss: 4.5366e-02 | PDE: 7.2168e-03 | Holes: 1.1916e-04 | Ext: 1.0244e-03 | ms/ep: 129.9 | LR: 8.94e-04 | ETA: 85.3min
[10630/50000] Loss: 4.1841e-02 | PDE: 6.4470e-03 | Holes: 9.9799e-05 | Ext: 1.2950e-03 | ms/ep: 130.1 | LR: 8.94e-04 | ETA: 85.4min
[10640/50000] Loss: 6.3395e-02 | PDE: 1.0182e-02 | Holes: 1.5604e-04 | Ext: 2.0339e-03 | ms/ep: 130.2 | LR: 8.93e-04 | ETA: 85.4min
[10650/50000] Loss: 4.2713e-02 | PDE: 8.5898e-03 | Holes: 5.7657e-05 | Ext: 1.1851e-03 | ms/ep: 130.5 | LR: 8.93e-04 | ETA: 85.6min
[10660/50000] Loss: 4.9988e-02 | PDE: 7.6511e-03 | Holes: 8.0577e-05 | Ext: 1.6846e-03 | ms/ep: 130.5 | LR: 8.93e-04 | ETA: 85.5min
[10670/50000] Loss: 5.5195e-02 | PDE: 9.3625e-03 | Holes: 2.2513e-04 | Ext: 1.0462e-03 | ms/ep: 130.1 | LR: 8.93e-04 | ETA: 85.3min
[10680/50000] Loss: 4.5713e-02 | PDE: 6.7044e-03 | Holes: 1.2047e-04 | Ext: 1.4803e-03 | ms/ep: 130.2 | LR: 8.93e-04 | ETA: 85.3min
[10690/50000] Loss: 4.3092e-02 | PDE: 5.3589e-03 | Holes: 7.9472e-05 | Ext: 1.5208e-03 | ms/ep: 129.7 | LR: 8.92e-04 | ETA: 85.0min
[10700/50000] Loss: 4.6474e-02 | PDE: 7.4547e-03 | Holes: 1.4265e-04 | Ext: 1.0841e-03 | ms/ep: 130.5 | LR: 8.92e-04 | ETA: 85.4min
[10710/50000] Loss: 5.5790e-02 | PDE: 6.5634e-03 | Holes: 3.3550e-04 | Ext: 1.4308e-03 | ms/ep: 130.2 | LR: 8.92e-04 | ETA: 85.2min
[10720/50000] Loss: 5.4069e-02 | PDE: 5.8982e-03 | Holes: 2.3746e-04 | Ext: 1.6630e-03 | ms/ep: 130.5 | LR: 8.92e-04 | ETA: 85.4min
[10730/50000] Loss: 6.7758e-02 | PDE: 1.4786e-02 | Holes: 3.7967e-04 | Ext: 1.3377e-03 | ms/ep: 129.7 | LR: 8.92e-04 | ETA: 84.9min
[10740/50000] Loss: 7.0000e-02 | PDE: 1.2938e-02 | Holes: 3.9733e-04 | Ext: 1.3531e-03 | ms/ep: 130.0 | LR: 8.92e-04 | ETA: 85.1min
[10750/50000] Loss: 6.0792e-02 | PDE: 9.9346e-03 | Holes: 3.0921e-04 | Ext: 1.5639e-03 | ms/ep: 130.4 | LR: 8.91e-04 | ETA: 85.3min
[10760/50000] Loss: 5.2457e-02 | PDE: 8.0720e-03 | Holes: 1.8111e-04 | Ext: 1.4682e-03 | ms/ep: 130.4 | LR: 8.91e-04 | ETA: 85.3min
[10770/50000] Loss: 4.5125e-02 | PDE: 7.2252e-03 | Holes: 1.3789e-04 | Ext: 1.2036e-03 | ms/ep: 130.6 | LR: 8.91e-04 | ETA: 85.4min
[10780/50000] Loss: 3.8629e-02 | PDE: 6.0688e-03 | Holes: 4.0234e-05 | Ext: 1.1774e-03 | ms/ep: 129.7 | LR: 8.91e-04 | ETA: 84.8min
[10790/50000] Loss: 3.6056e-02 | PDE: 5.0791e-03 | Holes: 2.9592e-05 | Ext: 1.1958e-03 | ms/ep: 130.0 | LR: 8.91e-04 | ETA: 84.9min
[10800/50000] Loss: 3.5012e-02 | PDE: 4.8663e-03 | Holes: 2.2261e-05 | Ext: 1.0773e-03 | ms/ep: 130.0 | LR: 8.90e-04 | ETA: 85.0min
[10810/50000] Loss: 4.0052e-02 | PDE: 5.4438e-03 | Holes: 8.8137e-05 | Ext: 1.0483e-03 | ms/ep: 130.5 | LR: 8.90e-04 | ETA: 85.2min
[10820/50000] Loss: 8.8388e-02 | PDE: 7.8386e-03 | Holes: 8.8054e-04 | Ext: 1.7676e-03 | ms/ep: 129.8 | LR: 8.90e-04 | ETA: 84.8min
[10830/50000] Loss: 5.2838e-02 | PDE: 1.0193e-02 | Holes: 2.2789e-04 | Ext: 1.1490e-03 | ms/ep: 130.2 | LR: 8.90e-04 | ETA: 85.0min
[10840/50000] Loss: 3.7167e-02 | PDE: 5.8105e-03 | Holes: 3.4881e-05 | Ext: 1.0513e-03 | ms/ep: 130.0 | LR: 8.90e-04 | ETA: 84.9min
[10850/50000] Loss: 4.0326e-02 | PDE: 5.4460e-03 | Holes: 9.9929e-05 | Ext: 1.1018e-03 | ms/ep: 130.7 | LR: 8.89e-04 | ETA: 85.3min
[10860/50000] Loss: 3.6334e-02 | PDE: 5.1643e-03 | Holes: 4.1280e-05 | Ext: 1.0573e-03 | ms/ep: 131.0 | LR: 8.89e-04 | ETA: 85.5min
[10870/50000] Loss: 4.8118e-02 | PDE: 5.4342e-03 | Holes: 2.1195e-04 | Ext: 1.2218e-03 | ms/ep: 129.8 | LR: 8.89e-04 | ETA: 84.7min
[10880/50000] Loss: 4.7345e-02 | PDE: 7.6576e-03 | Holes: 7.3096e-05 | Ext: 1.6024e-03 | ms/ep: 129.4 | LR: 8.89e-04 | ETA: 84.4min
[10890/50000] Loss: 6.5942e-02 | PDE: 1.1074e-02 | Holes: 3.1298e-04 | Ext: 1.0530e-03 | ms/ep: 129.9 | LR: 8.89e-04 | ETA: 84.7min
[10900/50000] Loss: 6.6458e-02 | PDE: 1.0145e-02 | Holes: 4.6212e-04 | Ext: 1.2703e-03 | ms/ep: 130.3 | LR: 8.88e-04 | ETA: 84.9min
[10910/50000] Loss: 4.4110e-02 | PDE: 7.0019e-03 | Holes: 1.1506e-04 | Ext: 1.2757e-03 | ms/ep: 130.0 | LR: 8.88e-04 | ETA: 84.7min
[10920/50000] Loss: 4.5862e-02 | PDE: 6.4904e-03 | Holes: 1.3457e-04 | Ext: 1.4685e-03 | ms/ep: 130.5 | LR: 8.88e-04 | ETA: 85.0min
[10930/50000] Loss: 3.8667e-02 | PDE: 5.6924e-03 | Holes: 6.1135e-05 | Ext: 1.0538e-03 | ms/ep: 129.8 | LR: 8.88e-04 | ETA: 84.5min
[10940/50000] Loss: 3.8392e-02 | PDE: 4.9145e-03 | Holes: 7.0485e-05 | Ext: 1.1933e-03 | ms/ep: 130.2 | LR: 8.88e-04 | ETA: 84.8min
[10950/50000] Loss: 5.0111e-02 | PDE: 6.3212e-03 | Holes: 1.2491e-04 | Ext: 1.7220e-03 | ms/ep: 130.0 | LR: 8.87e-04 | ETA: 84.6min
[10960/50000] Loss: 4.3390e-02 | PDE: 8.1464e-03 | Holes: 3.6352e-05 | Ext: 8.5862e-04 | ms/ep: 129.8 | LR: 8.87e-04 | ETA: 84.5min
[10970/50000] Loss: 5.4024e-02 | PDE: 1.0171e-02 | Holes: 1.1989e-04 | Ext: 1.5441e-03 | ms/ep: 130.5 | LR: 8.87e-04 | ETA: 84.9min
[10980/50000] Loss: 1.7546e-01 | PDE: 1.6911e-02 | Holes: 1.7564e-03 | Ext: 3.5844e-03 | ms/ep: 130.6 | LR: 8.87e-04 | ETA: 84.9min
[10990/50000] Loss: 7.9598e-02 | PDE: 1.7658e-02 | Holes: 4.6597e-04 | Ext: 1.7805e-03 | ms/ep: 129.8 | LR: 8.87e-04 | ETA: 84.4min
[11000/50000] Loss: 4.8056e-02 | PDE: 1.0311e-02 | Holes: 1.4351e-04 | Ext: 1.2728e-03 | ms/ep: 130.4 | LR: 8.86e-04 | ETA: 84.8min
[11010/50000] Loss: 3.8645e-02 | PDE: 6.7898e-03 | Holes: 3.1464e-05 | Ext: 1.1923e-03 | ms/ep: 129.8 | LR: 8.86e-04 | ETA: 84.4min
[11020/50000] Loss: 3.7019e-02 | PDE: 5.5183e-03 | Holes: 4.8771e-05 | Ext: 1.0981e-03 | ms/ep: 130.1 | LR: 8.86e-04 | ETA: 84.5min
[11030/50000] Loss: 3.6865e-02 | PDE: 5.1179e-03 | Holes: 5.4678e-05 | Ext: 1.1761e-03 | ms/ep: 129.8 | LR: 8.86e-04 | ETA: 84.3min
[11040/50000] Loss: 3.4998e-02 | PDE: 4.6779e-03 | Holes: 3.4706e-05 | Ext: 1.1218e-03 | ms/ep: 130.5 | LR: 8.86e-04 | ETA: 84.8min
[11050/50000] Loss: 3.4073e-02 | PDE: 4.6194e-03 | Holes: 2.0462e-05 | Ext: 1.1140e-03 | ms/ep: 130.2 | LR: 8.85e-04 | ETA: 84.5min
[11060/50000] Loss: 4.5915e-02 | PDE: 5.3903e-03 | Holes: 1.5790e-04 | Ext: 1.4431e-03 | ms/ep: 129.6 | LR: 8.85e-04 | ETA: 84.1min
[11070/50000] Loss: 4.6534e-02 | PDE: 5.2271e-03 | Holes: 2.0486e-04 | Ext: 1.3369e-03 | ms/ep: 129.6 | LR: 8.85e-04 | ETA: 84.1min
[11080/50000] Loss: 5.3944e-02 | PDE: 5.5252e-03 | Holes: 2.8555e-04 | Ext: 1.3746e-03 | ms/ep: 130.2 | LR: 8.85e-04 | ETA: 84.4min
[11090/50000] Loss: 5.0436e-02 | PDE: 6.9474e-03 | Holes: 1.5431e-04 | Ext: 1.6455e-03 | ms/ep: 129.6 | LR: 8.85e-04 | ETA: 84.1min
[11100/50000] Loss: 4.4866e-02 | PDE: 8.4582e-03 | Holes: 5.7494e-05 | Ext: 9.7042e-04 | ms/ep: 130.4 | LR: 8.84e-04 | ETA: 84.5min
[11110/50000] Loss: 7.6032e-02 | PDE: 7.5859e-03 | Holes: 5.4642e-04 | Ext: 1.9130e-03 | ms/ep: 130.6 | LR: 8.84e-04 | ETA: 84.6min
[11120/50000] Loss: 6.6698e-02 | PDE: 1.3555e-02 | Holes: 2.6765e-04 | Ext: 1.6961e-03 | ms/ep: 130.2 | LR: 8.84e-04 | ETA: 84.4min
[11130/50000] Loss: 1.3448e-01 | PDE: 2.6565e-02 | Holes: 6.3119e-04 | Ext: 3.6820e-03 | ms/ep: 129.8 | LR: 8.84e-04 | ETA: 84.1min
[11140/50000] Loss: 8.3528e-02 | PDE: 1.8744e-02 | Holes: 4.5355e-04 | Ext: 1.6571e-03 | ms/ep: 130.7 | LR: 8.84e-04 | ETA: 84.6min
[11150/50000] Loss: 4.4184e-02 | PDE: 9.0622e-03 | Holes: 5.5275e-05 | Ext: 1.1236e-03 | ms/ep: 130.1 | LR: 8.83e-04 | ETA: 84.3min
[11160/50000] Loss: 3.7641e-02 | PDE: 6.4664e-03 | Holes: 2.8103e-05 | Ext: 1.1077e-03 | ms/ep: 129.7 | LR: 8.83e-04 | ETA: 84.0min
[11170/50000] Loss: 3.5296e-02 | PDE: 5.4684e-03 | Holes: 2.1116e-05 | Ext: 1.0601e-03 | ms/ep: 131.2 | LR: 8.83e-04 | ETA: 84.9min
[11180/50000] Loss: 3.5569e-02 | PDE: 5.0311e-03 | Holes: 3.7532e-05 | Ext: 1.0329e-03 | ms/ep: 130.4 | LR: 8.83e-04 | ETA: 84.4min
[11190/50000] Loss: 3.3810e-02 | PDE: 4.5273e-03 | Holes: 1.9586e-05 | Ext: 1.0883e-03 | ms/ep: 130.6 | LR: 8.83e-04 | ETA: 84.5min
[11200/50000] Loss: 4.0755e-02 | PDE: 5.0020e-03 | Holes: 9.7750e-05 | Ext: 1.3325e-03 | ms/ep: 130.4 | LR: 8.82e-04 | ETA: 84.3min
[11210/50000] Loss: 4.3659e-02 | PDE: 4.9462e-03 | Holes: 1.5850e-04 | Ext: 1.3269e-03 | ms/ep: 130.4 | LR: 8.82e-04 | ETA: 84.3min
[11220/50000] Loss: 3.7466e-02 | PDE: 4.5544e-03 | Holes: 7.6202e-05 | Ext: 1.1076e-03 | ms/ep: 129.9 | LR: 8.82e-04 | ETA: 83.9min
[11230/50000] Loss: 3.3879e-02 | PDE: 4.5264e-03 | Holes: 2.1433e-05 | Ext: 1.1378e-03 | ms/ep: 130.0 | LR: 8.82e-04 | ETA: 84.0min
[11240/50000] Loss: 4.9349e-02 | PDE: 6.3169e-03 | Holes: 1.9720e-04 | Ext: 9.8018e-04 | ms/ep: 129.7 | LR: 8.82e-04 | ETA: 83.8min
[11250/50000] Loss: 7.8085e-02 | PDE: 7.0140e-03 | Holes: 6.3268e-04 | Ext: 1.7590e-03 | ms/ep: 130.4 | LR: 8.81e-04 | ETA: 84.2min
[11260/50000] Loss: 6.0850e-02 | PDE: 7.4038e-03 | Holes: 3.3569e-04 | Ext: 1.7288e-03 | ms/ep: 130.4 | LR: 8.81e-04 | ETA: 84.2min
[11270/50000] Loss: 5.1078e-02 | PDE: 7.4107e-03 | Holes: 2.1944e-04 | Ext: 1.1481e-03 | ms/ep: 130.0 | LR: 8.81e-04 | ETA: 83.9min
[11280/50000] Loss: 3.8476e-02 | PDE: 5.3615e-03 | Holes: 6.1402e-05 | Ext: 1.2804e-03 | ms/ep: 130.2 | LR: 8.81e-04 | ETA: 84.0min
[11290/50000] Loss: 3.9534e-02 | PDE: 5.8277e-03 | Holes: 3.1077e-05 | Ext: 1.4172e-03 | ms/ep: 129.6 | LR: 8.81e-04 | ETA: 83.6min
[11300/50000] Loss: 4.6961e-02 | PDE: 8.0980e-03 | Holes: 1.3085e-04 | Ext: 9.2441e-04 | ms/ep: 130.0 | LR: 8.80e-04 | ETA: 83.8min
[11310/50000] Loss: 4.8763e-02 | PDE: 6.7776e-03 | Holes: 2.2077e-04 | Ext: 1.3659e-03 | ms/ep: 131.2 | LR: 8.80e-04 | ETA: 84.6min
[11320/50000] Loss: 1.2694e-01 | PDE: 1.2102e-02 | Holes: 1.2912e-03 | Ext: 2.5186e-03 | ms/ep: 131.6 | LR: 8.80e-04 | ETA: 84.9min
[11330/50000] Loss: 9.0919e-02 | PDE: 1.6783e-02 | Holes: 5.9462e-04 | Ext: 2.1132e-03 | ms/ep: 130.4 | LR: 8.80e-04 | ETA: 84.0min
[11340/50000] Loss: 6.1252e-02 | PDE: 1.0896e-02 | Holes: 2.6954e-04 | Ext: 1.5991e-03 | ms/ep: 130.2 | LR: 8.80e-04 | ETA: 83.9min
[11350/50000] Loss: 4.6406e-02 | PDE: 8.5623e-03 | Holes: 1.3808e-04 | Ext: 1.1466e-03 | ms/ep: 130.5 | LR: 8.79e-04 | ETA: 84.1min
[11360/50000] Loss: 3.6284e-02 | PDE: 5.3668e-03 | Holes: 4.3445e-05 | Ext: 1.0783e-03 | ms/ep: 130.1 | LR: 8.79e-04 | ETA: 83.8min
[11370/50000] Loss: 4.0459e-02 | PDE: 5.3378e-03 | Holes: 1.0098e-04 | Ext: 1.2934e-03 | ms/ep: 130.1 | LR: 8.79e-04 | ETA: 83.8min
[11380/50000] Loss: 3.6820e-02 | PDE: 5.2287e-03 | Holes: 5.1276e-05 | Ext: 9.6088e-04 | ms/ep: 130.3 | LR: 8.79e-04 | ETA: 83.9min
[11390/50000] Loss: 3.5348e-02 | PDE: 4.5022e-03 | Holes: 4.8473e-05 | Ext: 1.1137e-03 | ms/ep: 130.3 | LR: 8.79e-04 | ETA: 83.8min
[11400/50000] Loss: 3.4905e-02 | PDE: 4.4557e-03 | Holes: 4.2484e-05 | Ext: 1.1022e-03 | ms/ep: 130.0 | LR: 8.78e-04 | ETA: 83.6min
[11410/50000] Loss: 3.4799e-02 | PDE: 4.7809e-03 | Holes: 2.4178e-05 | Ext: 1.2177e-03 | ms/ep: 129.9 | LR: 8.78e-04 | ETA: 83.5min
[11420/50000] Loss: 3.9059e-02 | PDE: 6.9284e-03 | Holes: 2.1158e-05 | Ext: 8.3373e-04 | ms/ep: 130.4 | LR: 8.78e-04 | ETA: 83.9min
[11430/50000] Loss: 4.6041e-02 | PDE: 9.5106e-03 | Holes: 7.1633e-05 | Ext: 1.3533e-03 | ms/ep: 130.5 | LR: 8.78e-04 | ETA: 83.9min
[11440/50000] Loss: 6.8476e-02 | PDE: 9.5799e-03 | Holes: 4.5367e-04 | Ext: 1.6874e-03 | ms/ep: 129.8 | LR: 8.78e-04 | ETA: 83.4min
[11450/50000] Loss: 6.4782e-02 | PDE: 7.9251e-03 | Holes: 3.9278e-04 | Ext: 1.7928e-03 | ms/ep: 130.1 | LR: 8.77e-04 | ETA: 83.6min
[11460/50000] Loss: 4.1379e-02 | PDE: 6.9554e-03 | Holes: 9.9218e-05 | Ext: 1.0303e-03 | ms/ep: 129.9 | LR: 8.77e-04 | ETA: 83.4min
[11470/50000] Loss: 3.5297e-02 | PDE: 4.7408e-03 | Holes: 4.7048e-05 | Ext: 1.0983e-03 | ms/ep: 129.6 | LR: 8.77e-04 | ETA: 83.2min
[11480/50000] Loss: 3.4738e-02 | PDE: 4.6419e-03 | Holes: 3.5771e-05 | Ext: 1.1663e-03 | ms/ep: 130.3 | LR: 8.77e-04 | ETA: 83.6min
[11490/50000] Loss: 3.9416e-02 | PDE: 4.9019e-03 | Holes: 8.3951e-05 | Ext: 1.3125e-03 | ms/ep: 130.4 | LR: 8.77e-04 | ETA: 83.7min
[11500/50000] Loss: 3.3862e-02 | PDE: 4.3004e-03 | Holes: 3.5088e-05 | Ext: 1.0940e-03 | ms/ep: 130.7 | LR: 8.76e-04 | ETA: 83.8min
[11510/50000] Loss: 4.1476e-02 | PDE: 4.7186e-03 | Holes: 1.3474e-04 | Ext: 1.2289e-03 | ms/ep: 130.1 | LR: 8.76e-04 | ETA: 83.5min
[11520/50000] Loss: 3.7743e-02 | PDE: 5.1991e-03 | Holes: 8.5481e-05 | Ext: 1.1457e-03 | ms/ep: 130.3 | LR: 8.76e-04 | ETA: 83.5min
[11530/50000] Loss: 5.2493e-02 | PDE: 7.4863e-03 | Holes: 1.3807e-04 | Ext: 1.7472e-03 | ms/ep: 130.0 | LR: 8.76e-04 | ETA: 83.4min
[11540/50000] Loss: 5.3952e-02 | PDE: 1.1521e-02 | Holes: 1.7043e-04 | Ext: 8.9586e-04 | ms/ep: 130.5 | LR: 8.75e-04 | ETA: 83.7min
[11550/50000] Loss: 5.8717e-02 | PDE: 1.6467e-02 | Holes: 1.9955e-04 | Ext: 1.3829e-03 | ms/ep: 130.1 | LR: 8.75e-04 | ETA: 83.4min
[11560/50000] Loss: 8.7705e-02 | PDE: 1.8224e-02 | Holes: 4.7874e-04 | Ext: 1.3625e-03 | ms/ep: 129.8 | LR: 8.75e-04 | ETA: 83.1min
[11570/50000] Loss: 7.9714e-02 | PDE: 1.2917e-02 | Holes: 5.3214e-04 | Ext: 1.7454e-03 | ms/ep: 130.4 | LR: 8.75e-04 | ETA: 83.5min
[11580/50000] Loss: 4.9450e-02 | PDE: 7.5450e-03 | Holes: 2.6864e-04 | Ext: 1.2827e-03 | ms/ep: 129.9 | LR: 8.75e-04 | ETA: 83.2min
[11590/50000] Loss: 3.8791e-02 | PDE: 6.2645e-03 | Holes: 5.0998e-05 | Ext: 1.2719e-03 | ms/ep: 130.7 | LR: 8.74e-04 | ETA: 83.6min
[11600/50000] Loss: 3.6839e-02 | PDE: 5.4010e-03 | Holes: 4.0128e-05 | Ext: 9.1903e-04 | ms/ep: 130.3 | LR: 8.74e-04 | ETA: 83.4min
[11610/50000] Loss: 4.2329e-02 | PDE: 4.9145e-03 | Holes: 1.5620e-04 | Ext: 1.1254e-03 | ms/ep: 130.2 | LR: 8.74e-04 | ETA: 83.3min
[11620/50000] Loss: 5.9904e-02 | PDE: 5.4097e-03 | Holes: 4.1403e-04 | Ext: 1.5739e-03 | ms/ep: 129.8 | LR: 8.74e-04 | ETA: 83.0min
[11630/50000] Loss: 4.2554e-02 | PDE: 6.3934e-03 | Holes: 1.4267e-04 | Ext: 1.0557e-03 | ms/ep: 130.3 | LR: 8.74e-04 | ETA: 83.3min
[11640/50000] Loss: 3.7830e-02 | PDE: 6.1604e-03 | Holes: 3.2755e-05 | Ext: 8.6897e-04 | ms/ep: 130.0 | LR: 8.73e-04 | ETA: 83.1min
[11650/50000] Loss: 3.8223e-02 | PDE: 5.4657e-03 | Holes: 6.9503e-05 | Ext: 1.2489e-03 | ms/ep: 130.3 | LR: 8.73e-04 | ETA: 83.3min
[11660/50000] Loss: 6.0452e-02 | PDE: 9.0920e-03 | Holes: 1.9661e-04 | Ext: 1.9656e-03 | ms/ep: 130.0 | LR: 8.73e-04 | ETA: 83.1min
[11670/50000] Loss: 4.0194e-02 | PDE: 8.3342e-03 | Holes: 2.4378e-05 | Ext: 9.0641e-04 | ms/ep: 130.1 | LR: 8.73e-04 | ETA: 83.1min
[11680/50000] Loss: 3.4810e-02 | PDE: 4.7524e-03 | Holes: 3.9375e-05 | Ext: 1.1261e-03 | ms/ep: 129.8 | LR: 8.73e-04 | ETA: 82.9min
[11690/50000] Loss: 3.3333e-02 | PDE: 4.2998e-03 | Holes: 2.9616e-05 | Ext: 1.0383e-03 | ms/ep: 130.2 | LR: 8.72e-04 | ETA: 83.1min
[11700/50000] Loss: 4.1066e-02 | PDE: 5.2321e-03 | Holes: 1.3318e-04 | Ext: 9.9613e-04 | ms/ep: 130.7 | LR: 8.72e-04 | ETA: 83.4min
[11710/50000] Loss: 4.3641e-02 | PDE: 5.1401e-03 | Holes: 2.0181e-04 | Ext: 1.1866e-03 | ms/ep: 130.0 | LR: 8.72e-04 | ETA: 83.0min
[11720/50000] Loss: 1.0111e-01 | PDE: 1.3124e-02 | Holes: 5.1362e-04 | Ext: 2.9542e-03 | ms/ep: 130.6 | LR: 8.72e-04 | ETA: 83.3min
[11730/50000] Loss: 9.6052e-02 | PDE: 1.4049e-02 | Holes: 9.0767e-04 | Ext: 1.3960e-03 | ms/ep: 130.1 | LR: 8.72e-04 | ETA: 83.0min
[11740/50000] Loss: 9.1746e-02 | PDE: 2.1636e-02 | Holes: 6.8273e-04 | Ext: 1.2987e-03 | ms/ep: 130.2 | LR: 8.71e-04 | ETA: 83.1min
[11750/50000] Loss: 1.0860e-01 | PDE: 1.9618e-02 | Holes: 5.9747e-04 | Ext: 2.2355e-03 | ms/ep: 130.7 | LR: 8.71e-04 | ETA: 83.3min
[11760/50000] Loss: 5.0203e-02 | PDE: 1.2699e-02 | Holes: 1.2909e-04 | Ext: 1.1352e-03 | ms/ep: 129.9 | LR: 8.71e-04 | ETA: 82.8min
[11770/50000] Loss: 4.1097e-02 | PDE: 7.6813e-03 | Holes: 7.6993e-05 | Ext: 1.1407e-03 | ms/ep: 130.1 | LR: 8.71e-04 | ETA: 82.9min
[11780/50000] Loss: 4.5178e-02 | PDE: 6.1430e-03 | Holes: 1.0211e-04 | Ext: 1.4961e-03 | ms/ep: 130.4 | LR: 8.70e-04 | ETA: 83.1min
[11790/50000] Loss: 4.0749e-02 | PDE: 6.2670e-03 | Holes: 1.2067e-04 | Ext: 1.0413e-03 | ms/ep: 130.4 | LR: 8.70e-04 | ETA: 83.1min
[11800/50000] Loss: 3.3412e-02 | PDE: 4.8093e-03 | Holes: 2.0902e-05 | Ext: 1.0489e-03 | ms/ep: 130.4 | LR: 8.70e-04 | ETA: 83.0min
[11810/50000] Loss: 3.3213e-02 | PDE: 4.4347e-03 | Holes: 2.5706e-05 | Ext: 9.7947e-04 | ms/ep: 130.2 | LR: 8.70e-04 | ETA: 82.9min
[11820/50000] Loss: 3.3616e-02 | PDE: 4.2349e-03 | Holes: 3.3391e-05 | Ext: 1.1109e-03 | ms/ep: 129.8 | LR: 8.70e-04 | ETA: 82.6min
[11830/50000] Loss: 3.2260e-02 | PDE: 4.0975e-03 | Holes: 2.0480e-05 | Ext: 1.0476e-03 | ms/ep: 130.1 | LR: 8.69e-04 | ETA: 82.7min
[11840/50000] Loss: 3.7153e-02 | PDE: 4.4472e-03 | Holes: 7.6078e-05 | Ext: 1.2149e-03 | ms/ep: 130.5 | LR: 8.69e-04 | ETA: 83.0min
[11850/50000] Loss: 4.3411e-02 | PDE: 5.0979e-03 | Holes: 1.8136e-04 | Ext: 1.2870e-03 | ms/ep: 130.1 | LR: 8.69e-04 | ETA: 82.7min
[11860/50000] Loss: 3.3345e-02 | PDE: 4.3787e-03 | Holes: 3.4240e-05 | Ext: 1.0432e-03 | ms/ep: 130.0 | LR: 8.69e-04 | ETA: 82.7min
[11870/50000] Loss: 3.5248e-02 | PDE: 4.9965e-03 | Holes: 6.0898e-05 | Ext: 1.0749e-03 | ms/ep: 130.2 | LR: 8.69e-04 | ETA: 82.7min
[11880/50000] Loss: 4.5549e-02 | PDE: 5.1702e-03 | Holes: 1.9289e-04 | Ext: 9.5697e-04 | ms/ep: 130.1 | LR: 8.68e-04 | ETA: 82.6min
[11890/50000] Loss: 8.2892e-02 | PDE: 9.4609e-03 | Holes: 7.1993e-04 | Ext: 1.6554e-03 | ms/ep: 130.1 | LR: 8.68e-04 | ETA: 82.6min
[11900/50000] Loss: 7.6801e-02 | PDE: 7.9999e-03 | Holes: 5.0841e-04 | Ext: 2.1430e-03 | ms/ep: 130.3 | LR: 8.68e-04 | ETA: 82.7min
[11910/50000] Loss: 5.3242e-02 | PDE: 7.3029e-03 | Holes: 2.9153e-04 | Ext: 1.1298e-03 | ms/ep: 129.6 | LR: 8.68e-04 | ETA: 82.3min
[11920/50000] Loss: 4.2161e-02 | PDE: 5.1366e-03 | Holes: 1.7428e-04 | Ext: 1.1703e-03 | ms/ep: 129.9 | LR: 8.68e-04 | ETA: 82.5min
[11930/50000] Loss: 6.2667e-02 | PDE: 6.3719e-03 | Holes: 4.2387e-04 | Ext: 1.6423e-03 | ms/ep: 130.4 | LR: 8.67e-04 | ETA: 82.7min
[11940/50000] Loss: 5.6847e-02 | PDE: 6.0056e-03 | Holes: 2.7495e-04 | Ext: 1.7369e-03 | ms/ep: 130.1 | LR: 8.67e-04 | ETA: 82.5min
[11950/50000] Loss: 5.1574e-02 | PDE: 8.4647e-03 | Holes: 2.0859e-04 | Ext: 9.8732e-04 | ms/ep: 130.3 | LR: 8.67e-04 | ETA: 82.6min
[11960/50000] Loss: 5.1804e-02 | PDE: 7.5671e-03 | Holes: 2.9353e-04 | Ext: 1.3308e-03 | ms/ep: 130.1 | LR: 8.67e-04 | ETA: 82.5min
[11970/50000] Loss: 8.6642e-02 | PDE: 7.8513e-03 | Holes: 7.6215e-04 | Ext: 1.9545e-03 | ms/ep: 130.3 | LR: 8.66e-04 | ETA: 82.6min
[11980/50000] Loss: 6.0437e-02 | PDE: 9.6486e-03 | Holes: 2.7769e-04 | Ext: 1.6442e-03 | ms/ep: 129.6 | LR: 8.66e-04 | ETA: 82.1min
[11990/50000] Loss: 1.2376e-01 | PDE: 2.4613e-02 | Holes: 6.0587e-04 | Ext: 2.8845e-03 | ms/ep: 130.0 | LR: 8.66e-04 | ETA: 82.3min
[12000/50000] Loss: 7.3743e-02 | PDE: 1.6817e-02 | Holes: 3.0573e-04 | Ext: 1.7227e-03 | ms/ep: 130.2 | LR: 8.66e-04 | ETA: 82.5min
[12010/50000] Loss: 4.9967e-02 | PDE: 9.3790e-03 | Holes: 2.0097e-04 | Ext: 1.1102e-03 | ms/ep: 130.1 | LR: 8.66e-04 | ETA: 82.4min
[12020/50000] Loss: 3.8625e-02 | PDE: 6.6706e-03 | Holes: 5.7577e-05 | Ext: 1.1324e-03 | ms/ep: 130.0 | LR: 8.65e-04 | ETA: 82.3min
[12030/50000] Loss: 3.4000e-02 | PDE: 4.9423e-03 | Holes: 3.5610e-05 | Ext: 1.0097e-03 | ms/ep: 130.0 | LR: 8.65e-04 | ETA: 82.3min
[12040/50000] Loss: 3.2387e-02 | PDE: 4.3307e-03 | Holes: 1.7444e-05 | Ext: 1.0290e-03 | ms/ep: 130.7 | LR: 8.65e-04 | ETA: 82.7min
[12050/50000] Loss: 3.1737e-02 | PDE: 4.0435e-03 | Holes: 1.6511e-05 | Ext: 1.0179e-03 | ms/ep: 129.9 | LR: 8.65e-04 | ETA: 82.1min
[12060/50000] Loss: 3.1497e-02 | PDE: 4.0062e-03 | Holes: 1.4704e-05 | Ext: 1.0056e-03 | ms/ep: 130.6 | LR: 8.65e-04 | ETA: 82.6min
[12070/50000] Loss: 3.3209e-02 | PDE: 4.1341e-03 | Holes: 3.3470e-05 | Ext: 1.1160e-03 | ms/ep: 129.8 | LR: 8.64e-04 | ETA: 82.1min
[12080/50000] Loss: 4.3027e-02 | PDE: 5.9896e-03 | Holes: 1.7315e-04 | Ext: 1.2359e-03 | ms/ep: 131.0 | LR: 8.64e-04 | ETA: 82.8min
[12090/50000] Loss: 3.2183e-02 | PDE: 3.9922e-03 | Holes: 2.4674e-05 | Ext: 1.0713e-03 | ms/ep: 130.1 | LR: 8.64e-04 | ETA: 82.2min
[12100/50000] Loss: 4.0343e-02 | PDE: 5.0332e-03 | Holes: 1.4484e-04 | Ext: 1.0100e-03 | ms/ep: 129.7 | LR: 8.64e-04 | ETA: 81.9min
[12110/50000] Loss: 3.4531e-02 | PDE: 4.3536e-03 | Holes: 5.8307e-05 | Ext: 9.6171e-04 | ms/ep: 130.3 | LR: 8.63e-04 | ETA: 82.3min
[12120/50000] Loss: 3.1287e-02 | PDE: 3.9889e-03 | Holes: 1.6376e-05 | Ext: 9.7186e-04 | ms/ep: 130.0 | LR: 8.63e-04 | ETA: 82.1min
[12130/50000] Loss: 4.1521e-02 | PDE: 4.7693e-03 | Holes: 1.4319e-04 | Ext: 9.4694e-04 | ms/ep: 130.6 | LR: 8.63e-04 | ETA: 82.4min
[12140/50000] Loss: 5.2234e-02 | PDE: 6.7157e-03 | Holes: 3.2870e-04 | Ext: 1.2513e-03 | ms/ep: 130.1 | LR: 8.63e-04 | ETA: 82.1min
[12150/50000] Loss: 7.3505e-02 | PDE: 9.2242e-03 | Holes: 3.4934e-04 | Ext: 2.2407e-03 | ms/ep: 130.5 | LR: 8.63e-04 | ETA: 82.3min
[12160/50000] Loss: 9.2619e-02 | PDE: 1.5830e-02 | Holes: 5.5011e-04 | Ext: 1.1438e-03 | ms/ep: 130.3 | LR: 8.62e-04 | ETA: 82.2min
[12170/50000] Loss: 1.1813e-01 | PDE: 2.6215e-02 | Holes: 7.3430e-04 | Ext: 1.4728e-03 | ms/ep: 129.8 | LR: 8.62e-04 | ETA: 81.8min
[12180/50000] Loss: 1.3599e-01 | PDE: 2.8319e-02 | Holes: 1.2391e-03 | Ext: 2.2908e-03 | ms/ep: 129.8 | LR: 8.62e-04 | ETA: 81.8min
[12190/50000] Loss: 5.2558e-02 | PDE: 1.3147e-02 | Holes: 1.1621e-04 | Ext: 1.3090e-03 | ms/ep: 129.9 | LR: 8.62e-04 | ETA: 81.8min
[12200/50000] Loss: 4.7396e-02 | PDE: 7.1932e-03 | Holes: 2.2189e-04 | Ext: 1.2164e-03 | ms/ep: 130.3 | LR: 8.62e-04 | ETA: 82.1min
[12210/50000] Loss: 4.2073e-02 | PDE: 7.8366e-03 | Holes: 1.0570e-04 | Ext: 9.4427e-04 | ms/ep: 130.1 | LR: 8.61e-04 | ETA: 81.9min
[12220/50000] Loss: 3.5996e-02 | PDE: 4.8807e-03 | Holes: 6.4200e-05 | Ext: 1.0342e-03 | ms/ep: 130.6 | LR: 8.61e-04 | ETA: 82.2min
[12230/50000] Loss: 3.3856e-02 | PDE: 4.6212e-03 | Holes: 2.9262e-05 | Ext: 1.1329e-03 | ms/ep: 130.0 | LR: 8.61e-04 | ETA: 81.8min
[12240/50000] Loss: 3.2738e-02 | PDE: 4.0924e-03 | Holes: 3.0933e-05 | Ext: 9.8840e-04 | ms/ep: 130.4 | LR: 8.61e-04 | ETA: 82.1min
[12250/50000] Loss: 3.2029e-02 | PDE: 4.0135e-03 | Holes: 2.2737e-05 | Ext: 1.0660e-03 | ms/ep: 130.3 | LR: 8.60e-04 | ETA: 82.0min
[12260/50000] Loss: 3.1096e-02 | PDE: 3.9147e-03 | Holes: 1.4543e-05 | Ext: 9.8866e-04 | ms/ep: 129.5 | LR: 8.60e-04 | ETA: 81.5min
[12270/50000] Loss: 3.1900e-02 | PDE: 4.0578e-03 | Holes: 2.4573e-05 | Ext: 9.4367e-04 | ms/ep: 130.1 | LR: 8.60e-04 | ETA: 81.8min
[12280/50000] Loss: 3.7382e-02 | PDE: 4.8426e-03 | Holes: 1.0501e-04 | Ext: 9.8012e-04 | ms/ep: 130.7 | LR: 8.60e-04 | ETA: 82.2min
[12290/50000] Loss: 3.1571e-02 | PDE: 3.9385e-03 | Holes: 2.1940e-05 | Ext: 9.5371e-04 | ms/ep: 130.3 | LR: 8.60e-04 | ETA: 81.9min
[12300/50000] Loss: 3.1947e-02 | PDE: 4.0600e-03 | Holes: 2.8407e-05 | Ext: 9.4230e-04 | ms/ep: 130.1 | LR: 8.59e-04 | ETA: 81.8min
[12310/50000] Loss: 3.9339e-02 | PDE: 5.1574e-03 | Holes: 1.4165e-04 | Ext: 1.0273e-03 | ms/ep: 130.2 | LR: 8.59e-04 | ETA: 81.8min
[12320/50000] Loss: 3.2116e-02 | PDE: 4.2191e-03 | Holes: 2.6315e-05 | Ext: 9.2280e-04 | ms/ep: 130.6 | LR: 8.59e-04 | ETA: 82.0min
[12330/50000] Loss: 3.5335e-02 | PDE: 4.0795e-03 | Holes: 7.8946e-05 | Ext: 1.0865e-03 | ms/ep: 129.8 | LR: 8.59e-04 | ETA: 81.5min
[12340/50000] Loss: 3.9055e-02 | PDE: 4.3410e-03 | Holes: 1.4428e-04 | Ext: 1.0656e-03 | ms/ep: 130.2 | LR: 8.59e-04 | ETA: 81.8min
[12350/50000] Loss: 3.3674e-02 | PDE: 4.0945e-03 | Holes: 6.2001e-05 | Ext: 9.8784e-04 | ms/ep: 128.2 | LR: 8.58e-04 | ETA: 80.5min
[12360/50000] Loss: 4.0145e-02 | PDE: 4.2064e-03 | Holes: 1.4270e-04 | Ext: 1.0174e-03 | ms/ep: 130.1 | LR: 8.58e-04 | ETA: 81.6min
[12370/50000] Loss: 3.4320e-02 | PDE: 4.5445e-03 | Holes: 5.1602e-05 | Ext: 1.1433e-03 | ms/ep: 129.9 | LR: 8.58e-04 | ETA: 81.4min
[12380/50000] Loss: 3.8748e-02 | PDE: 5.8903e-03 | Holes: 7.2072e-05 | Ext: 8.7393e-04 | ms/ep: 129.9 | LR: 8.58e-04 | ETA: 81.5min
[12390/50000] Loss: 4.0483e-02 | PDE: 5.4654e-03 | Holes: 9.1614e-05 | Ext: 8.8634e-04 | ms/ep: 129.8 | LR: 8.57e-04 | ETA: 81.4min
[12400/50000] Loss: 5.1823e-02 | PDE: 6.9898e-03 | Holes: 2.8794e-04 | Ext: 1.3567e-03 | ms/ep: 130.6 | LR: 8.57e-04 | ETA: 81.9min
[12410/50000] Loss: 5.1476e-02 | PDE: 7.7654e-03 | Holes: 1.3189e-04 | Ext: 1.7317e-03 | ms/ep: 130.3 | LR: 8.57e-04 | ETA: 81.6min
[12420/50000] Loss: 6.1700e-02 | PDE: 1.3698e-02 | Holes: 1.5657e-04 | Ext: 1.0663e-03 | ms/ep: 129.8 | LR: 8.57e-04 | ETA: 81.3min
[12430/50000] Loss: 6.1085e-02 | PDE: 1.2386e-02 | Holes: 2.6133e-04 | Ext: 1.4250e-03 | ms/ep: 129.6 | LR: 8.57e-04 | ETA: 81.2min
[12440/50000] Loss: 9.3586e-02 | PDE: 2.2991e-02 | Holes: 6.3866e-04 | Ext: 1.6800e-03 | ms/ep: 130.0 | LR: 8.56e-04 | ETA: 81.4min
[12450/50000] Loss: 5.4226e-02 | PDE: 1.3193e-02 | Holes: 2.4523e-04 | Ext: 1.0983e-03 | ms/ep: 130.2 | LR: 8.56e-04 | ETA: 81.5min
[12460/50000] Loss: 4.0538e-02 | PDE: 7.3210e-03 | Holes: 1.0434e-04 | Ext: 1.0444e-03 | ms/ep: 130.5 | LR: 8.56e-04 | ETA: 81.7min
[12470/50000] Loss: 3.4484e-02 | PDE: 5.3632e-03 | Holes: 4.3856e-05 | Ext: 9.9587e-04 | ms/ep: 130.0 | LR: 8.56e-04 | ETA: 81.3min
[12480/50000] Loss: 3.5650e-02 | PDE: 4.5859e-03 | Holes: 6.8351e-05 | Ext: 9.8978e-04 | ms/ep: 130.1 | LR: 8.55e-04 | ETA: 81.4min
[12490/50000] Loss: 3.4523e-02 | PDE: 4.6012e-03 | Holes: 4.8095e-05 | Ext: 1.1536e-03 | ms/ep: 130.1 | LR: 8.55e-04 | ETA: 81.3min
[12500/50000] Loss: 3.2149e-02 | PDE: 3.9978e-03 | Holes: 2.9643e-05 | Ext: 1.0870e-03 | ms/ep: 130.2 | LR: 8.55e-04 | ETA: 81.4min
[12510/50000] Loss: 3.3340e-02 | PDE: 4.1198e-03 | Holes: 3.6495e-05 | Ext: 1.1476e-03 | ms/ep: 131.6 | LR: 8.55e-04 | ETA: 82.2min
[12520/50000] Loss: 4.3854e-02 | PDE: 4.9402e-03 | Holes: 2.0613e-04 | Ext: 1.2590e-03 | ms/ep: 129.9 | LR: 8.55e-04 | ETA: 81.2min
[12530/50000] Loss: 3.1157e-02 | PDE: 3.9402e-03 | Holes: 1.9952e-05 | Ext: 9.1807e-04 | ms/ep: 130.5 | LR: 8.54e-04 | ETA: 81.5min
[12540/50000] Loss: 4.0556e-02 | PDE: 4.8879e-03 | Holes: 1.6360e-04 | Ext: 1.0154e-03 | ms/ep: 130.3 | LR: 8.54e-04 | ETA: 81.3min
[12550/50000] Loss: 3.4103e-02 | PDE: 3.9778e-03 | Holes: 6.1158e-05 | Ext: 9.5766e-04 | ms/ep: 130.5 | LR: 8.54e-04 | ETA: 81.4min
[12560/50000] Loss: 3.6970e-02 | PDE: 4.5419e-03 | Holes: 1.1001e-04 | Ext: 9.8315e-04 | ms/ep: 130.1 | LR: 8.54e-04 | ETA: 81.2min
[12570/50000] Loss: 4.0826e-02 | PDE: 6.2302e-03 | Holes: 1.5150e-04 | Ext: 9.8232e-04 | ms/ep: 129.9 | LR: 8.53e-04 | ETA: 81.0min
[12580/50000] Loss: 4.2213e-02 | PDE: 4.5684e-03 | Holes: 1.8583e-04 | Ext: 1.0192e-03 | ms/ep: 130.4 | LR: 8.53e-04 | ETA: 81.3min
[12590/50000] Loss: 5.1693e-02 | PDE: 6.0840e-03 | Holes: 2.7127e-04 | Ext: 1.2758e-03 | ms/ep: 130.0 | LR: 8.53e-04 | ETA: 81.1min
[12600/50000] Loss: 4.8570e-02 | PDE: 8.1608e-03 | Holes: 1.5172e-04 | Ext: 1.5216e-03 | ms/ep: 129.6 | LR: 8.53e-04 | ETA: 80.8min
[12610/50000] Loss: 8.2332e-02 | PDE: 2.0707e-02 | Holes: 3.6119e-04 | Ext: 1.2527e-03 | ms/ep: 130.3 | LR: 8.53e-04 | ETA: 81.2min
[12620/50000] Loss: 1.2057e-01 | PDE: 1.9188e-02 | Holes: 9.5464e-04 | Ext: 2.3270e-03 | ms/ep: 130.1 | LR: 8.52e-04 | ETA: 81.0min
[12630/50000] Loss: 5.9011e-02 | PDE: 1.6404e-02 | Holes: 8.6697e-05 | Ext: 1.5623e-03 | ms/ep: 130.3 | LR: 8.52e-04 | ETA: 81.1min
[12640/50000] Loss: 5.4849e-02 | PDE: 1.2730e-02 | Holes: 2.5364e-04 | Ext: 1.1472e-03 | ms/ep: 130.0 | LR: 8.52e-04 | ETA: 81.0min
[12650/50000] Loss: 3.5980e-02 | PDE: 6.9940e-03 | Holes: 2.9811e-05 | Ext: 9.4577e-04 | ms/ep: 129.9 | LR: 8.52e-04 | ETA: 80.8min
[12660/50000] Loss: 3.4037e-02 | PDE: 4.6070e-03 | Holes: 4.8000e-05 | Ext: 1.1007e-03 | ms/ep: 129.9 | LR: 8.51e-04 | ETA: 80.8min
[12670/50000] Loss: 3.1386e-02 | PDE: 4.0158e-03 | Holes: 2.5277e-05 | Ext: 9.6834e-04 | ms/ep: 130.5 | LR: 8.51e-04 | ETA: 81.2min
[12680/50000] Loss: 3.0848e-02 | PDE: 3.8401e-03 | Holes: 1.8633e-05 | Ext: 1.0078e-03 | ms/ep: 130.0 | LR: 8.51e-04 | ETA: 80.9min
[12690/50000] Loss: 3.0520e-02 | PDE: 3.7838e-03 | Holes: 1.8053e-05 | Ext: 9.5613e-04 | ms/ep: 130.3 | LR: 8.51e-04 | ETA: 81.0min
[12700/50000] Loss: 3.1384e-02 | PDE: 3.9075e-03 | Holes: 2.8347e-05 | Ext: 9.1232e-04 | ms/ep: 129.6 | LR: 8.51e-04 | ETA: 80.6min
[12710/50000] Loss: 3.2750e-02 | PDE: 4.1050e-03 | Holes: 4.9091e-05 | Ext: 9.1985e-04 | ms/ep: 129.3 | LR: 8.50e-04 | ETA: 80.4min
[12720/50000] Loss: 3.0165e-02 | PDE: 3.6762e-03 | Holes: 1.4243e-05 | Ext: 9.9610e-04 | ms/ep: 130.5 | LR: 8.50e-04 | ETA: 81.1min
[12730/50000] Loss: 4.3314e-02 | PDE: 4.6290e-03 | Holes: 1.7089e-04 | Ext: 1.3474e-03 | ms/ep: 130.2 | LR: 8.50e-04 | ETA: 80.9min
[12740/50000] Loss: 3.3220e-02 | PDE: 4.2943e-03 | Holes: 5.4631e-05 | Ext: 9.4443e-04 | ms/ep: 130.2 | LR: 8.50e-04 | ETA: 80.8min
[12750/50000] Loss: 4.2522e-02 | PDE: 5.3194e-03 | Holes: 1.9293e-04 | Ext: 9.9823e-04 | ms/ep: 130.3 | LR: 8.49e-04 | ETA: 80.9min
[12760/50000] Loss: 3.0850e-02 | PDE: 3.8290e-03 | Holes: 2.0051e-05 | Ext: 8.7892e-04 | ms/ep: 129.8 | LR: 8.49e-04 | ETA: 80.5min
[12770/50000] Loss: 3.4069e-02 | PDE: 4.3736e-03 | Holes: 6.3676e-05 | Ext: 8.7932e-04 | ms/ep: 130.1 | LR: 8.49e-04 | ETA: 80.7min
[12780/50000] Loss: 4.5954e-02 | PDE: 6.6044e-03 | Holes: 2.5052e-04 | Ext: 1.0647e-03 | ms/ep: 129.9 | LR: 8.49e-04 | ETA: 80.6min
[12790/50000] Loss: 3.2709e-02 | PDE: 3.9019e-03 | Holes: 3.7293e-05 | Ext: 9.7302e-04 | ms/ep: 130.4 | LR: 8.49e-04 | ETA: 80.9min
[12800/50000] Loss: 3.8011e-02 | PDE: 5.0665e-03 | Holes: 4.5787e-05 | Ext: 1.3402e-03 | ms/ep: 130.3 | LR: 8.48e-04 | ETA: 80.8min
[12810/50000] Loss: 4.5062e-02 | PDE: 5.5511e-03 | Holes: 1.4120e-04 | Ext: 1.5062e-03 | ms/ep: 129.9 | LR: 8.48e-04 | ETA: 80.5min
[12820/50000] Loss: 3.3696e-02 | PDE: 5.4317e-03 | Holes: 3.2548e-05 | Ext: 8.5729e-04 | ms/ep: 129.9 | LR: 8.48e-04 | ETA: 80.5min
[12830/50000] Loss: 3.6595e-02 | PDE: 4.7035e-03 | Holes: 8.6683e-05 | Ext: 9.4128e-04 | ms/ep: 129.8 | LR: 8.48e-04 | ETA: 80.4min
[12840/50000] Loss: 4.0690e-02 | PDE: 5.7323e-03 | Holes: 1.6160e-04 | Ext: 1.1349e-03 | ms/ep: 130.3 | LR: 8.47e-04 | ETA: 80.7min
[12850/50000] Loss: 4.5796e-02 | PDE: 1.0817e-02 | Holes: 3.7481e-05 | Ext: 1.2500e-03 | ms/ep: 130.1 | LR: 8.47e-04 | ETA: 80.6min
[12860/50000] Loss: 8.1580e-02 | PDE: 1.9566e-02 | Holes: 5.2211e-04 | Ext: 1.8587e-03 | ms/ep: 130.0 | LR: 8.47e-04 | ETA: 80.5min
[12870/50000] Loss: 1.0350e-01 | PDE: 1.9192e-02 | Holes: 5.5046e-04 | Ext: 2.0991e-03 | ms/ep: 130.2 | LR: 8.47e-04 | ETA: 80.6min
[12880/50000] Loss: 1.5281e-01 | PDE: 3.8108e-02 | Holes: 1.0830e-03 | Ext: 2.7166e-03 | ms/ep: 129.9 | LR: 8.47e-04 | ETA: 80.4min
[12890/50000] Loss: 6.9549e-02 | PDE: 1.9788e-02 | Holes: 2.3090e-04 | Ext: 1.4982e-03 | ms/ep: 130.3 | LR: 8.46e-04 | ETA: 80.6min
[12900/50000] Loss: 4.5266e-02 | PDE: 9.2441e-03 | Holes: 1.1397e-04 | Ext: 1.1819e-03 | ms/ep: 130.5 | LR: 8.46e-04 | ETA: 80.7min
[12910/50000] Loss: 3.4770e-02 | PDE: 5.8064e-03 | Holes: 2.4032e-05 | Ext: 1.0610e-03 | ms/ep: 130.1 | LR: 8.46e-04 | ETA: 80.4min
[12920/50000] Loss: 3.1697e-02 | PDE: 4.4804e-03 | Holes: 1.9385e-05 | Ext: 9.6005e-04 | ms/ep: 129.7 | LR: 8.46e-04 | ETA: 80.2min
[12930/50000] Loss: 3.0676e-02 | PDE: 3.9535e-03 | Holes: 1.7369e-05 | Ext: 9.6482e-04 | ms/ep: 129.8 | LR: 8.45e-04 | ETA: 80.2min
[12940/50000] Loss: 3.0039e-02 | PDE: 3.6823e-03 | Holes: 1.3256e-05 | Ext: 9.6643e-04 | ms/ep: 129.8 | LR: 8.45e-04 | ETA: 80.2min
[12950/50000] Loss: 3.0709e-02 | PDE: 3.6893e-03 | Holes: 2.1484e-05 | Ext: 1.0274e-03 | ms/ep: 130.4 | LR: 8.45e-04 | ETA: 80.5min
[12960/50000] Loss: 3.3832e-02 | PDE: 3.9610e-03 | Holes: 6.3949e-05 | Ext: 1.1064e-03 | ms/ep: 130.3 | LR: 8.45e-04 | ETA: 80.4min
[12970/50000] Loss: 3.0421e-02 | PDE: 3.5850e-03 | Holes: 2.1648e-05 | Ext: 1.0161e-03 | ms/ep: 129.5 | LR: 8.45e-04 | ETA: 79.9min
[12980/50000] Loss: 3.8258e-02 | PDE: 4.4134e-03 | Holes: 1.2000e-04 | Ext: 1.2101e-03 | ms/ep: 129.9 | LR: 8.44e-04 | ETA: 80.2min
[12990/50000] Loss: 3.1526e-02 | PDE: 3.6964e-03 | Holes: 3.3596e-05 | Ext: 1.0620e-03 | ms/ep: 129.8 | LR: 8.44e-04 | ETA: 80.1min
[13000/50000] Loss: 3.2737e-02 | PDE: 3.8314e-03 | Holes: 5.0903e-05 | Ext: 1.0865e-03 | ms/ep: 129.8 | LR: 8.44e-04 | ETA: 80.1min
[13010/50000] Loss: 3.8475e-02 | PDE: 4.5247e-03 | Holes: 1.4212e-04 | Ext: 1.1504e-03 | ms/ep: 130.2 | LR: 8.44e-04 | ETA: 80.3min
[13020/50000] Loss: 2.9983e-02 | PDE: 3.5300e-03 | Holes: 1.7260e-05 | Ext: 1.0050e-03 | ms/ep: 129.9 | LR: 8.43e-04 | ETA: 80.0min
[13030/50000] Loss: 3.7150e-02 | PDE: 4.1779e-03 | Holes: 9.9525e-05 | Ext: 1.2059e-03 | ms/ep: 130.0 | LR: 8.43e-04 | ETA: 80.1min
[13040/50000] Loss: 3.7956e-02 | PDE: 5.9987e-03 | Holes: 9.0339e-05 | Ext: 1.1762e-03 | ms/ep: 130.5 | LR: 8.43e-04 | ETA: 80.4min
[13050/50000] Loss: 3.2664e-02 | PDE: 3.8346e-03 | Holes: 2.7765e-05 | Ext: 1.1607e-03 | ms/ep: 130.1 | LR: 8.43e-04 | ETA: 80.1min
[13060/50000] Loss: 4.7859e-02 | PDE: 5.2380e-03 | Holes: 1.6052e-04 | Ext: 1.5961e-03 | ms/ep: 130.3 | LR: 8.42e-04 | ETA: 80.2min
[13070/50000] Loss: 3.0965e-02 | PDE: 3.9669e-03 | Holes: 2.3964e-05 | Ext: 9.6075e-04 | ms/ep: 130.3 | LR: 8.42e-04 | ETA: 80.2min
[13080/50000] Loss: 3.7067e-02 | PDE: 4.6295e-03 | Holes: 9.5520e-05 | Ext: 8.9255e-04 | ms/ep: 130.3 | LR: 8.42e-04 | ETA: 80.2min
[13090/50000] Loss: 4.8405e-02 | PDE: 4.8137e-03 | Holes: 2.7667e-04 | Ext: 1.1069e-03 | ms/ep: 130.5 | LR: 8.42e-04 | ETA: 80.3min
[13100/50000] Loss: 5.7896e-02 | PDE: 7.5047e-03 | Holes: 3.0911e-04 | Ext: 1.4725e-03 | ms/ep: 130.3 | LR: 8.42e-04 | ETA: 80.2min
[13110/50000] Loss: 6.3302e-02 | PDE: 8.0518e-03 | Holes: 2.4579e-04 | Ext: 1.9842e-03 | ms/ep: 129.8 | LR: 8.41e-04 | ETA: 79.8min
[13120/50000] Loss: 6.1417e-02 | PDE: 1.4761e-02 | Holes: 3.0879e-04 | Ext: 1.0455e-03 | ms/ep: 130.2 | LR: 8.41e-04 | ETA: 80.0min
[13130/50000] Loss: 5.0542e-02 | PDE: 1.4556e-02 | Holes: 1.7219e-04 | Ext: 1.1445e-03 | ms/ep: 130.1 | LR: 8.41e-04 | ETA: 79.9min
[13140/50000] Loss: 7.9544e-02 | PDE: 1.6202e-02 | Holes: 4.8300e-04 | Ext: 1.3989e-03 | ms/ep: 129.8 | LR: 8.41e-04 | ETA: 79.7min
[13150/50000] Loss: 5.4879e-02 | PDE: 1.3076e-02 | Holes: 1.7919e-04 | Ext: 1.3326e-03 | ms/ep: 130.1 | LR: 8.40e-04 | ETA: 79.9min
[13160/50000] Loss: 3.6338e-02 | PDE: 6.4245e-03 | Holes: 6.9062e-05 | Ext: 9.3483e-04 | ms/ep: 130.0 | LR: 8.40e-04 | ETA: 79.8min
[13170/50000] Loss: 3.2544e-02 | PDE: 4.5442e-03 | Holes: 2.3478e-05 | Ext: 8.5916e-04 | ms/ep: 130.1 | LR: 8.40e-04 | ETA: 79.8min
[13180/50000] Loss: 3.0684e-02 | PDE: 3.9666e-03 | Holes: 2.3640e-05 | Ext: 9.5481e-04 | ms/ep: 130.0 | LR: 8.40e-04 | ETA: 79.8min
[13190/50000] Loss: 3.2119e-02 | PDE: 4.2479e-03 | Holes: 2.6742e-05 | Ext: 1.0773e-03 | ms/ep: 129.9 | LR: 8.40e-04 | ETA: 79.7min
[13200/50000] Loss: 3.2568e-02 | PDE: 3.6585e-03 | Holes: 6.1641e-05 | Ext: 9.1266e-04 | ms/ep: 129.8 | LR: 8.39e-04 | ETA: 79.6min
[13210/50000] Loss: 3.4274e-02 | PDE: 4.5055e-03 | Holes: 7.9955e-05 | Ext: 8.8903e-04 | ms/ep: 130.2 | LR: 8.39e-04 | ETA: 79.8min
[13220/50000] Loss: 3.2869e-02 | PDE: 4.4207e-03 | Holes: 5.5195e-05 | Ext: 8.6068e-04 | ms/ep: 130.3 | LR: 8.39e-04 | ETA: 79.8min
[13230/50000] Loss: 3.3024e-02 | PDE: 4.6456e-03 | Holes: 6.0281e-05 | Ext: 9.0601e-04 | ms/ep: 130.6 | LR: 8.39e-04 | ETA: 80.0min
[13240/50000] Loss: 4.3493e-02 | PDE: 4.1529e-03 | Holes: 2.3468e-04 | Ext: 1.0681e-03 | ms/ep: 130.2 | LR: 8.38e-04 | ETA: 79.8min
[13250/50000] Loss: 3.4654e-02 | PDE: 4.5083e-03 | Holes: 3.9682e-05 | Ext: 1.2358e-03 | ms/ep: 130.0 | LR: 8.38e-04 | ETA: 79.6min
[13260/50000] Loss: 3.3531e-02 | PDE: 3.9550e-03 | Holes: 6.5554e-05 | Ext: 1.1035e-03 | ms/ep: 129.9 | LR: 8.38e-04 | ETA: 79.5min
[13270/50000] Loss: 4.1931e-02 | PDE: 5.5594e-03 | Holes: 1.3526e-04 | Ext: 7.8105e-04 | ms/ep: 130.1 | LR: 8.38e-04 | ETA: 79.7min
[13280/50000] Loss: 4.0188e-02 | PDE: 7.5443e-03 | Holes: 1.0184e-04 | Ext: 1.1529e-03 | ms/ep: 130.0 | LR: 8.37e-04 | ETA: 79.6min
[13290/50000] Loss: 4.8956e-02 | PDE: 7.8924e-03 | Holes: 1.5566e-04 | Ext: 1.4895e-03 | ms/ep: 129.9 | LR: 8.37e-04 | ETA: 79.5min
[13300/50000] Loss: 5.8347e-02 | PDE: 1.2608e-02 | Holes: 2.8309e-04 | Ext: 8.4867e-04 | ms/ep: 130.1 | LR: 8.37e-04 | ETA: 79.6min
[13310/50000] Loss: 5.9366e-02 | PDE: 1.1335e-02 | Holes: 3.1637e-04 | Ext: 1.3169e-03 | ms/ep: 131.3 | LR: 8.37e-04 | ETA: 80.3min
[13320/50000] Loss: 1.0041e-01 | PDE: 2.2439e-02 | Holes: 6.7419e-04 | Ext: 1.5641e-03 | ms/ep: 130.2 | LR: 8.37e-04 | ETA: 79.6min
[13330/50000] Loss: 6.5981e-02 | PDE: 1.4270e-02 | Holes: 2.6611e-04 | Ext: 1.5022e-03 | ms/ep: 130.1 | LR: 8.36e-04 | ETA: 79.5min
[13340/50000] Loss: 4.3843e-02 | PDE: 9.9203e-03 | Holes: 1.0035e-04 | Ext: 1.1264e-03 | ms/ep: 130.0 | LR: 8.36e-04 | ETA: 79.4min
[13350/50000] Loss: 3.5366e-02 | PDE: 6.0987e-03 | Holes: 5.0061e-05 | Ext: 8.6204e-04 | ms/ep: 130.5 | LR: 8.36e-04 | ETA: 79.7min
[13360/50000] Loss: 3.4767e-02 | PDE: 4.2469e-03 | Holes: 8.6322e-05 | Ext: 9.7239e-04 | ms/ep: 129.9 | LR: 8.36e-04 | ETA: 79.3min
[13370/50000] Loss: 3.4910e-02 | PDE: 3.8950e-03 | Holes: 1.0086e-04 | Ext: 1.0414e-03 | ms/ep: 130.0 | LR: 8.35e-04 | ETA: 79.4min
[13380/50000] Loss: 3.8943e-02 | PDE: 5.3104e-03 | Holes: 7.3030e-05 | Ext: 1.3307e-03 | ms/ep: 130.0 | LR: 8.35e-04 | ETA: 79.3min
[13390/50000] Loss: 3.9814e-02 | PDE: 8.4072e-03 | Holes: 7.7094e-05 | Ext: 8.4380e-04 | ms/ep: 129.8 | LR: 8.35e-04 | ETA: 79.2min
[13400/50000] Loss: 3.8563e-02 | PDE: 5.2498e-03 | Holes: 1.1913e-04 | Ext: 1.0186e-03 | ms/ep: 130.1 | LR: 8.35e-04 | ETA: 79.4min
[13410/50000] Loss: 3.7198e-02 | PDE: 3.8586e-03 | Holes: 1.3191e-04 | Ext: 1.0372e-03 | ms/ep: 130.0 | LR: 8.34e-04 | ETA: 79.3min
[13420/50000] Loss: 3.2195e-02 | PDE: 3.9426e-03 | Holes: 3.7932e-05 | Ext: 1.1206e-03 | ms/ep: 129.9 | LR: 8.34e-04 | ETA: 79.2min
[13430/50000] Loss: 3.4532e-02 | PDE: 4.9381e-03 | Holes: 3.7208e-05 | Ext: 7.3209e-04 | ms/ep: 129.8 | LR: 8.34e-04 | ETA: 79.1min
[13440/50000] Loss: 3.3711e-02 | PDE: 4.9298e-03 | Holes: 5.2466e-05 | Ext: 1.0672e-03 | ms/ep: 130.1 | LR: 8.34e-04 | ETA: 79.3min
[13450/50000] Loss: 4.5469e-02 | PDE: 8.5746e-03 | Holes: 1.1697e-04 | Ext: 1.3412e-03 | ms/ep: 130.0 | LR: 8.34e-04 | ETA: 79.2min
[13460/50000] Loss: 3.8373e-02 | PDE: 6.8751e-03 | Holes: 1.1941e-04 | Ext: 9.1718e-04 | ms/ep: 129.9 | LR: 8.33e-04 | ETA: 79.1min
[13470/50000] Loss: 3.4897e-02 | PDE: 5.5359e-03 | Holes: 6.7481e-05 | Ext: 1.0352e-03 | ms/ep: 130.6 | LR: 8.33e-04 | ETA: 79.5min
[13480/50000] Loss: 2.9880e-02 | PDE: 3.9233e-03 | Holes: 2.1266e-05 | Ext: 9.5939e-04 | ms/ep: 130.1 | LR: 8.33e-04 | ETA: 79.2min
[13490/50000] Loss: 3.0466e-02 | PDE: 3.4560e-03 | Holes: 4.2604e-05 | Ext: 8.8981e-04 | ms/ep: 130.6 | LR: 8.33e-04 | ETA: 79.5min
[13500/50000] Loss: 4.6840e-02 | PDE: 4.9326e-03 | Holes: 2.8760e-04 | Ext: 1.0165e-03 | ms/ep: 130.0 | LR: 8.32e-04 | ETA: 79.1min
[13510/50000] Loss: 3.4265e-02 | PDE: 4.3547e-03 | Holes: 8.6257e-05 | Ext: 8.7819e-04 | ms/ep: 129.7 | LR: 8.32e-04 | ETA: 78.9min
[13520/50000] Loss: 3.4841e-02 | PDE: 3.7336e-03 | Holes: 1.0682e-04 | Ext: 1.0469e-03 | ms/ep: 129.9 | LR: 8.32e-04 | ETA: 79.0min
[13530/50000] Loss: 3.1030e-02 | PDE: 4.0194e-03 | Holes: 3.2401e-05 | Ext: 9.5700e-04 | ms/ep: 130.0 | LR: 8.32e-04 | ETA: 79.0min
[13540/50000] Loss: 3.3239e-02 | PDE: 5.8141e-03 | Holes: 2.5491e-05 | Ext: 1.0879e-03 | ms/ep: 130.5 | LR: 8.31e-04 | ETA: 79.3min
[13550/50000] Loss: 3.9106e-02 | PDE: 5.6141e-03 | Holes: 7.2808e-05 | Ext: 7.3096e-04 | ms/ep: 130.2 | LR: 8.31e-04 | ETA: 79.1min
[13560/50000] Loss: 3.6711e-02 | PDE: 4.9569e-03 | Holes: 8.0823e-05 | Ext: 1.0002e-03 | ms/ep: 130.1 | LR: 8.31e-04 | ETA: 79.0min
[13570/50000] Loss: 3.2111e-02 | PDE: 5.0984e-03 | Holes: 2.8837e-05 | Ext: 1.0607e-03 | ms/ep: 130.0 | LR: 8.31e-04 | ETA: 79.0min
[13580/50000] Loss: 6.0267e-02 | PDE: 1.0199e-02 | Holes: 3.0167e-04 | Ext: 1.7013e-03 | ms/ep: 130.4 | LR: 8.30e-04 | ETA: 79.1min
[13590/50000] Loss: 4.1526e-02 | PDE: 8.0883e-03 | Holes: 5.6392e-05 | Ext: 7.1484e-04 | ms/ep: 130.3 | LR: 8.30e-04 | ETA: 79.1min
[13600/50000] Loss: 9.5224e-02 | PDE: 1.2581e-02 | Holes: 8.5675e-04 | Ext: 2.0328e-03 | ms/ep: 130.0 | LR: 8.30e-04 | ETA: 78.9min
[13610/50000] Loss: 5.2801e-02 | PDE: 7.0856e-03 | Holes: 2.9959e-04 | Ext: 1.3942e-03 | ms/ep: 129.6 | LR: 8.30e-04 | ETA: 78.6min
[13620/50000] Loss: 6.1759e-02 | PDE: 6.5754e-03 | Holes: 4.6773e-04 | Ext: 1.4953e-03 | ms/ep: 130.8 | LR: 8.30e-04 | ETA: 79.3min
[13630/50000] Loss: 5.5418e-02 | PDE: 7.8316e-03 | Holes: 2.9005e-04 | Ext: 1.4835e-03 | ms/ep: 130.4 | LR: 8.29e-04 | ETA: 79.0min
[13640/50000] Loss: 3.8803e-02 | PDE: 6.2251e-03 | Holes: 1.4013e-04 | Ext: 9.5882e-04 | ms/ep: 130.1 | LR: 8.29e-04 | ETA: 78.8min
[13650/50000] Loss: 3.2655e-02 | PDE: 4.1054e-03 | Holes: 5.9679e-05 | Ext: 9.8707e-04 | ms/ep: 130.2 | LR: 8.29e-04 | ETA: 78.9min
[13660/50000] Loss: 3.4075e-02 | PDE: 3.8712e-03 | Holes: 9.7961e-05 | Ext: 9.1680e-04 | ms/ep: 131.1 | LR: 8.29e-04 | ETA: 79.4min
[13670/50000] Loss: 2.8432e-02 | PDE: 3.3335e-03 | Holes: 1.4177e-05 | Ext: 9.0696e-04 | ms/ep: 129.4 | LR: 8.28e-04 | ETA: 78.4min
[13680/50000] Loss: 2.9366e-02 | PDE: 3.3275e-03 | Holes: 2.5495e-05 | Ext: 9.7687e-04 | ms/ep: 129.8 | LR: 8.28e-04 | ETA: 78.6min
[13690/50000] Loss: 5.3697e-02 | PDE: 5.5173e-03 | Holes: 3.7125e-04 | Ext: 1.3929e-03 | ms/ep: 129.9 | LR: 8.28e-04 | ETA: 78.6min
[13700/50000] Loss: 3.0949e-02 | PDE: 3.5230e-03 | Holes: 5.7564e-05 | Ext: 9.3222e-04 | ms/ep: 130.6 | LR: 8.28e-04 | ETA: 79.0min
[13710/50000] Loss: 3.0648e-02 | PDE: 4.0166e-03 | Holes: 3.8735e-05 | Ext: 8.8224e-04 | ms/ep: 129.6 | LR: 8.27e-04 | ETA: 78.4min
[13720/50000] Loss: 3.2918e-02 | PDE: 3.6196e-03 | Holes: 6.4517e-05 | Ext: 1.0553e-03 | ms/ep: 129.8 | LR: 8.27e-04 | ETA: 78.5min
[13730/50000] Loss: 4.1023e-02 | PDE: 5.2007e-03 | Holes: 1.9067e-04 | Ext: 1.1300e-03 | ms/ep: 130.5 | LR: 8.27e-04 | ETA: 78.9min
[13740/50000] Loss: 3.2402e-02 | PDE: 3.8960e-03 | Holes: 3.8855e-05 | Ext: 1.0993e-03 | ms/ep: 130.0 | LR: 8.27e-04 | ETA: 78.6min
[13750/50000] Loss: 3.6877e-02 | PDE: 4.6917e-03 | Holes: 1.1895e-04 | Ext: 1.1497e-03 | ms/ep: 129.7 | LR: 8.26e-04 | ETA: 78.4min
[13760/50000] Loss: 3.5515e-02 | PDE: 4.2604e-03 | Holes: 7.2608e-05 | Ext: 1.2251e-03 | ms/ep: 130.4 | LR: 8.26e-04 | ETA: 78.8min
[13770/50000] Loss: 3.1356e-02 | PDE: 4.8234e-03 | Holes: 4.2616e-05 | Ext: 9.6848e-04 | ms/ep: 129.9 | LR: 8.26e-04 | ETA: 78.4min
[13780/50000] Loss: 3.5475e-02 | PDE: 4.5168e-03 | Holes: 6.4625e-05 | Ext: 7.6614e-04 | ms/ep: 130.0 | LR: 8.26e-04 | ETA: 78.5min
[13790/50000] Loss: 3.4278e-02 | PDE: 5.2452e-03 | Holes: 8.7684e-05 | Ext: 8.3313e-04 | ms/ep: 130.5 | LR: 8.26e-04 | ETA: 78.7min
[13800/50000] Loss: 3.2004e-02 | PDE: 4.7033e-03 | Holes: 5.4017e-05 | Ext: 8.6178e-04 | ms/ep: 129.9 | LR: 8.25e-04 | ETA: 78.4min
[13810/50000] Loss: 3.2812e-02 | PDE: 4.6028e-03 | Holes: 5.9218e-05 | Ext: 1.0718e-03 | ms/ep: 129.8 | LR: 8.25e-04 | ETA: 78.3min
[13820/50000] Loss: 4.8535e-02 | PDE: 6.7236e-03 | Holes: 1.6080e-04 | Ext: 1.5539e-03 | ms/ep: 129.4 | LR: 8.25e-04 | ETA: 78.0min
[13830/50000] Loss: 3.7015e-02 | PDE: 6.8004e-03 | Holes: 8.2562e-05 | Ext: 8.0868e-04 | ms/ep: 130.0 | LR: 8.25e-04 | ETA: 78.4min
[13840/50000] Loss: 3.8482e-02 | PDE: 8.4635e-03 | Holes: 2.9085e-05 | Ext: 9.9197e-04 | ms/ep: 130.6 | LR: 8.24e-04 | ETA: 78.7min
[13850/50000] Loss: 4.4093e-02 | PDE: 7.6660e-03 | Holes: 9.6585e-05 | Ext: 8.5045e-04 | ms/ep: 129.8 | LR: 8.24e-04 | ETA: 78.2min
[13860/50000] Loss: 3.9454e-02 | PDE: 8.0403e-03 | Holes: 4.0557e-05 | Ext: 1.0085e-03 | ms/ep: 130.3 | LR: 8.24e-04 | ETA: 78.5min
[13870/50000] Loss: 5.0782e-02 | PDE: 9.9525e-03 | Holes: 1.6181e-04 | Ext: 1.4602e-03 | ms/ep: 130.0 | LR: 8.24e-04 | ETA: 78.3min
[13880/50000] Loss: 4.3405e-02 | PDE: 1.1851e-02 | Holes: 9.2368e-05 | Ext: 1.1272e-03 | ms/ep: 130.6 | LR: 8.23e-04 | ETA: 78.6min
[13890/50000] Loss: 4.0230e-02 | PDE: 8.8311e-03 | Holes: 1.1756e-04 | Ext: 8.4475e-04 | ms/ep: 130.0 | LR: 8.23e-04 | ETA: 78.2min
[13900/50000] Loss: 3.6219e-02 | PDE: 5.1121e-03 | Holes: 9.9951e-05 | Ext: 7.9842e-04 | ms/ep: 130.3 | LR: 8.23e-04 | ETA: 78.4min
[13910/50000] Loss: 4.0842e-02 | PDE: 4.4380e-03 | Holes: 2.0903e-04 | Ext: 9.3785e-04 | ms/ep: 129.6 | LR: 8.23e-04 | ETA: 78.0min
[13920/50000] Loss: 3.4126e-02 | PDE: 3.7463e-03 | Holes: 1.0751e-04 | Ext: 8.8473e-04 | ms/ep: 130.1 | LR: 8.22e-04 | ETA: 78.2min
[13930/50000] Loss: 4.3758e-02 | PDE: 6.2301e-03 | Holes: 2.2746e-04 | Ext: 9.3401e-04 | ms/ep: 130.3 | LR: 8.22e-04 | ETA: 78.3min
[13940/50000] Loss: 3.8399e-02 | PDE: 4.9327e-03 | Holes: 1.5158e-04 | Ext: 9.8819e-04 | ms/ep: 130.1 | LR: 8.22e-04 | ETA: 78.2min
[13950/50000] Loss: 3.1690e-02 | PDE: 4.7450e-03 | Holes: 4.7319e-05 | Ext: 9.8120e-04 | ms/ep: 130.0 | LR: 8.22e-04 | ETA: 78.1min
[13960/50000] Loss: 4.9899e-02 | PDE: 8.0317e-03 | Holes: 1.6754e-04 | Ext: 1.5222e-03 | ms/ep: 129.8 | LR: 8.21e-04 | ETA: 78.0min
[13970/50000] Loss: 3.4900e-02 | PDE: 6.4513e-03 | Holes: 5.5978e-05 | Ext: 8.8755e-04 | ms/ep: 129.8 | LR: 8.21e-04 | ETA: 77.9min
[13980/50000] Loss: 3.2037e-02 | PDE: 5.4364e-03 | Holes: 3.5019e-05 | Ext: 8.0884e-04 | ms/ep: 130.6 | LR: 8.21e-04 | ETA: 78.4min
[13990/50000] Loss: 4.3517e-02 | PDE: 5.8959e-03 | Holes: 2.4683e-04 | Ext: 1.0335e-03 | ms/ep: 130.4 | LR: 8.21e-04 | ETA: 78.3min
[14000/50000] Loss: 7.1914e-02 | PDE: 7.7906e-03 | Holes: 5.8827e-04 | Ext: 1.2215e-03 | ms/ep: 130.2 | LR: 8.21e-04 | ETA: 78.1min
[14010/50000] Loss: 9.8946e-02 | PDE: 1.8646e-02 | Holes: 3.7336e-04 | Ext: 2.8241e-03 | ms/ep: 130.5 | LR: 8.20e-04 | ETA: 78.3min
[14020/50000] Loss: 1.8706e-01 | PDE: 3.5001e-02 | Holes: 1.0130e-03 | Ext: 4.4774e-03 | ms/ep: 130.2 | LR: 8.20e-04 | ETA: 78.1min
[14030/50000] Loss: 1.6140e-01 | PDE: 5.5609e-02 | Holes: 7.1970e-04 | Ext: 3.0611e-03 | ms/ep: 129.8 | LR: 8.20e-04 | ETA: 77.8min
[14040/50000] Loss: 1.7181e-01 | PDE: 7.0515e-02 | Holes: 3.7318e-04 | Ext: 3.8744e-03 | ms/ep: 130.5 | LR: 8.20e-04 | ETA: 78.2min
[14050/50000] Loss: 8.2388e-02 | PDE: 2.9337e-02 | Holes: 2.2106e-04 | Ext: 1.3487e-03 | ms/ep: 130.4 | LR: 8.19e-04 | ETA: 78.1min
[14060/50000] Loss: 5.0901e-02 | PDE: 1.5808e-02 | Holes: 3.2430e-05 | Ext: 1.3560e-03 | ms/ep: 130.6 | LR: 8.19e-04 | ETA: 78.3min
[14070/50000] Loss: 4.0646e-02 | PDE: 8.9252e-03 | Holes: 5.2527e-05 | Ext: 9.5466e-04 | ms/ep: 129.4 | LR: 8.19e-04 | ETA: 77.5min
[14080/50000] Loss: 3.5023e-02 | PDE: 5.9862e-03 | Holes: 3.5811e-05 | Ext: 9.6718e-04 | ms/ep: 130.2 | LR: 8.19e-04 | ETA: 78.0min
[14090/50000] Loss: 3.1743e-02 | PDE: 4.6907e-03 | Holes: 1.5739e-05 | Ext: 9.1897e-04 | ms/ep: 130.5 | LR: 8.18e-04 | ETA: 78.1min
[14100/50000] Loss: 3.0235e-02 | PDE: 3.9779e-03 | Holes: 1.3516e-05 | Ext: 9.0830e-04 | ms/ep: 130.1 | LR: 8.18e-04 | ETA: 77.8min
[14110/50000] Loss: 2.9466e-02 | PDE: 3.7193e-03 | Holes: 1.2214e-05 | Ext: 9.1106e-04 | ms/ep: 130.1 | LR: 8.18e-04 | ETA: 77.8min
[14120/50000] Loss: 2.8988e-02 | PDE: 3.5469e-03 | Holes: 1.1863e-05 | Ext: 9.1160e-04 | ms/ep: 130.3 | LR: 8.18e-04 | ETA: 77.9min
[14130/50000] Loss: 2.8655e-02 | PDE: 3.4490e-03 | Holes: 1.1515e-05 | Ext: 8.9576e-04 | ms/ep: 129.8 | LR: 8.17e-04 | ETA: 77.6min
[14140/50000] Loss: 2.8405e-02 | PDE: 3.3721e-03 | Holes: 1.1569e-05 | Ext: 8.8287e-04 | ms/ep: 129.9 | LR: 8.17e-04 | ETA: 77.6min
[14150/50000] Loss: 3.0620e-02 | PDE: 3.9746e-03 | Holes: 2.4696e-05 | Ext: 7.7761e-04 | ms/ep: 130.3 | LR: 8.17e-04 | ETA: 77.8min
[14160/50000] Loss: 2.8280e-02 | PDE: 3.3140e-03 | Holes: 1.4110e-05 | Ext: 8.7924e-04 | ms/ep: 130.3 | LR: 8.17e-04 | ETA: 77.8min
[14170/50000] Loss: 3.0157e-02 | PDE: 3.5062e-03 | Holes: 3.3624e-05 | Ext: 1.0074e-03 | ms/ep: 130.3 | LR: 8.16e-04 | ETA: 77.8min
[14180/50000] Loss: 2.7996e-02 | PDE: 3.2348e-03 | Holes: 1.3070e-05 | Ext: 9.0411e-04 | ms/ep: 130.6 | LR: 8.16e-04 | ETA: 77.9min
[14190/50000] Loss: 2.8853e-02 | PDE: 3.3991e-03 | Holes: 1.7281e-05 | Ext: 9.7726e-04 | ms/ep: 130.4 | LR: 8.16e-04 | ETA: 77.8min
[14200/50000] Loss: 3.3253e-02 | PDE: 3.5960e-03 | Holes: 9.4021e-05 | Ext: 1.0103e-03 | ms/ep: 129.8 | LR: 8.16e-04 | ETA: 77.5min
[14210/50000] Loss: 2.8690e-02 | PDE: 3.4855e-03 | Holes: 1.3542e-05 | Ext: 7.8004e-04 | ms/ep: 130.1 | LR: 8.15e-04 | ETA: 77.6min
[14220/50000] Loss: 3.6111e-02 | PDE: 4.4939e-03 | Holes: 1.0724e-04 | Ext: 7.8817e-04 | ms/ep: 130.0 | LR: 8.15e-04 | ETA: 77.5min
[14230/50000] Loss: 2.8426e-02 | PDE: 3.1837e-03 | Holes: 2.5252e-05 | Ext: 8.7883e-04 | ms/ep: 130.0 | LR: 8.15e-04 | ETA: 77.5min
[14240/50000] Loss: 3.3291e-02 | PDE: 3.5868e-03 | Holes: 9.2464e-05 | Ext: 1.0108e-03 | ms/ep: 130.3 | LR: 8.15e-04 | ETA: 77.6min
[14250/50000] Loss: 3.0331e-02 | PDE: 3.6097e-03 | Holes: 2.7164e-05 | Ext: 1.0121e-03 | ms/ep: 130.3 | LR: 8.14e-04 | ETA: 77.6min
[14260/50000] Loss: 3.3751e-02 | PDE: 3.5942e-03 | Holes: 9.3204e-05 | Ext: 1.0522e-03 | ms/ep: 131.0 | LR: 8.14e-04 | ETA: 78.0min
[14270/50000] Loss: 2.8625e-02 | PDE: 3.4875e-03 | Holes: 1.6041e-05 | Ext: 8.6704e-04 | ms/ep: 130.1 | LR: 8.14e-04 | ETA: 77.5min
[14280/50000] Loss: 3.5671e-02 | PDE: 3.5868e-03 | Holes: 1.0108e-04 | Ext: 8.1512e-04 | ms/ep: 129.8 | LR: 8.14e-04 | ETA: 77.3min
[14290/50000] Loss: 2.9276e-02 | PDE: 3.3027e-03 | Holes: 3.4934e-05 | Ext: 9.2729e-04 | ms/ep: 130.1 | LR: 8.14e-04 | ETA: 77.4min
[14300/50000] Loss: 2.9483e-02 | PDE: 3.4860e-03 | Holes: 4.0479e-05 | Ext: 9.2803e-04 | ms/ep: 130.1 | LR: 8.13e-04 | ETA: 77.4min
[14310/50000] Loss: 3.4856e-02 | PDE: 6.1420e-03 | Holes: 1.0018e-04 | Ext: 9.0806e-04 | ms/ep: 130.1 | LR: 8.13e-04 | ETA: 77.4min
[14320/50000] Loss: 3.9404e-02 | PDE: 5.2122e-03 | Holes: 1.2706e-04 | Ext: 7.6761e-04 | ms/ep: 130.1 | LR: 8.13e-04 | ETA: 77.3min
[14330/50000] Loss: 3.5804e-02 | PDE: 4.6372e-03 | Holes: 1.3204e-04 | Ext: 8.8458e-04 | ms/ep: 130.2 | LR: 8.13e-04 | ETA: 77.4min
[14340/50000] Loss: 2.9482e-02 | PDE: 4.0360e-03 | Holes: 3.4412e-05 | Ext: 8.9733e-04 | ms/ep: 130.2 | LR: 8.12e-04 | ETA: 77.4min
[14350/50000] Loss: 3.3605e-02 | PDE: 3.5312e-03 | Holes: 9.3670e-05 | Ext: 8.4541e-04 | ms/ep: 130.4 | LR: 8.12e-04 | ETA: 77.5min
[14360/50000] Loss: 4.7519e-02 | PDE: 5.1221e-03 | Holes: 2.9416e-04 | Ext: 9.6225e-04 | ms/ep: 130.6 | LR: 8.12e-04 | ETA: 77.6min
[14370/50000] Loss: 2.7612e-02 | PDE: 3.1159e-03 | Holes: 1.9618e-05 | Ext: 8.6554e-04 | ms/ep: 130.2 | LR: 8.12e-04 | ETA: 77.3min
[14380/50000] Loss: 3.9917e-02 | PDE: 5.0551e-03 | Holes: 1.2924e-04 | Ext: 1.2758e-03 | ms/ep: 130.1 | LR: 8.11e-04 | ETA: 77.2min
[14390/50000] Loss: 3.0020e-02 | PDE: 3.6282e-03 | Holes: 4.7431e-05 | Ext: 9.5943e-04 | ms/ep: 130.1 | LR: 8.11e-04 | ETA: 77.2min
[14400/50000] Loss: 3.2328e-02 | PDE: 3.4393e-03 | Holes: 8.4822e-05 | Ext: 1.0036e-03 | ms/ep: 131.3 | LR: 8.11e-04 | ETA: 77.9min
[14410/50000] Loss: 4.8012e-02 | PDE: 4.5423e-03 | Holes: 2.8014e-04 | Ext: 1.2973e-03 | ms/ep: 130.2 | LR: 8.11e-04 | ETA: 77.2min
[14420/50000] Loss: 4.1632e-02 | PDE: 3.5758e-03 | Holes: 2.1969e-04 | Ext: 9.0910e-04 | ms/ep: 129.9 | LR: 8.10e-04 | ETA: 77.0min
[14430/50000] Loss: 3.4338e-02 | PDE: 4.0235e-03 | Holes: 3.3878e-05 | Ext: 1.2444e-03 | ms/ep: 129.8 | LR: 8.10e-04 | ETA: 76.9min
[14440/50000] Loss: 3.0052e-02 | PDE: 4.3809e-03 | Holes: 2.8495e-05 | Ext: 7.8601e-04 | ms/ep: 130.7 | LR: 8.10e-04 | ETA: 77.5min
[14450/50000] Loss: 2.8619e-02 | PDE: 3.2206e-03 | Holes: 3.3832e-05 | Ext: 8.2600e-04 | ms/ep: 130.5 | LR: 8.10e-04 | ETA: 77.3min
[14460/50000] Loss: 4.4073e-02 | PDE: 4.5287e-03 | Holes: 2.2201e-04 | Ext: 1.2042e-03 | ms/ep: 129.7 | LR: 8.09e-04 | ETA: 76.8min
[14470/50000] Loss: 3.1556e-02 | PDE: 5.3296e-03 | Holes: 4.0123e-05 | Ext: 9.7119e-04 | ms/ep: 130.0 | LR: 8.09e-04 | ETA: 77.0min
[14480/50000] Loss: 3.0084e-02 | PDE: 3.6004e-03 | Holes: 5.5938e-05 | Ext: 8.3143e-04 | ms/ep: 129.6 | LR: 8.09e-04 | ETA: 76.7min
[14490/50000] Loss: 3.6287e-02 | PDE: 5.2494e-03 | Holes: 1.3889e-04 | Ext: 9.4021e-04 | ms/ep: 129.8 | LR: 8.09e-04 | ETA: 76.8min
[14500/50000] Loss: 3.4769e-02 | PDE: 5.0209e-03 | Holes: 5.1506e-05 | Ext: 7.0748e-04 | ms/ep: 130.1 | LR: 8.08e-04 | ETA: 77.0min
[14510/50000] Loss: 3.0541e-02 | PDE: 4.2917e-03 | Holes: 3.6739e-05 | Ext: 8.7384e-04 | ms/ep: 130.4 | LR: 8.08e-04 | ETA: 77.1min
[14520/50000] Loss: 4.8580e-02 | PDE: 4.7032e-03 | Holes: 3.1094e-04 | Ext: 1.2405e-03 | ms/ep: 130.5 | LR: 8.08e-04 | ETA: 77.2min
[14530/50000] Loss: 5.3801e-02 | PDE: 8.3622e-03 | Holes: 2.9108e-04 | Ext: 1.1175e-03 | ms/ep: 129.7 | LR: 8.08e-04 | ETA: 76.7min
[14540/50000] Loss: 7.7124e-02 | PDE: 1.0293e-02 | Holes: 3.9337e-04 | Ext: 2.2964e-03 | ms/ep: 130.3 | LR: 8.07e-04 | ETA: 77.0min
[14550/50000] Loss: 6.3856e-02 | PDE: 1.6047e-02 | Holes: 2.9210e-04 | Ext: 1.0352e-03 | ms/ep: 130.1 | LR: 8.07e-04 | ETA: 76.9min
[14560/50000] Loss: 7.4610e-02 | PDE: 1.9714e-02 | Holes: 2.5787e-04 | Ext: 8.9672e-04 | ms/ep: 129.8 | LR: 8.07e-04 | ETA: 76.7min
[14570/50000] Loss: 6.8935e-02 | PDE: 1.4060e-02 | Holes: 3.6999e-04 | Ext: 1.7002e-03 | ms/ep: 130.1 | LR: 8.07e-04 | ETA: 76.8min
[14580/50000] Loss: 4.6043e-02 | PDE: 1.0242e-02 | Holes: 1.4212e-04 | Ext: 1.1712e-03 | ms/ep: 130.0 | LR: 8.06e-04 | ETA: 76.7min
[14590/50000] Loss: 3.4688e-02 | PDE: 6.0398e-03 | Holes: 4.7742e-05 | Ext: 8.5017e-04 | ms/ep: 129.7 | LR: 8.06e-04 | ETA: 76.5min
[14600/50000] Loss: 2.9700e-02 | PDE: 4.0532e-03 | Holes: 2.4983e-05 | Ext: 8.2963e-04 | ms/ep: 130.3 | LR: 8.06e-04 | ETA: 76.9min
[14610/50000] Loss: 2.7769e-02 | PDE: 3.3269e-03 | Holes: 1.8518e-05 | Ext: 8.7633e-04 | ms/ep: 130.3 | LR: 8.06e-04 | ETA: 76.8min
[14620/50000] Loss: 2.7134e-02 | PDE: 3.0782e-03 | Holes: 1.3132e-05 | Ext: 8.7151e-04 | ms/ep: 130.2 | LR: 8.05e-04 | ETA: 76.8min
[14630/50000] Loss: 3.3380e-02 | PDE: 3.9946e-03 | Holes: 7.2119e-05 | Ext: 1.0943e-03 | ms/ep: 129.7 | LR: 8.05e-04 | ETA: 76.5min
[14640/50000] Loss: 2.8053e-02 | PDE: 3.1054e-03 | Holes: 2.2651e-05 | Ext: 9.5670e-04 | ms/ep: 130.3 | LR: 8.05e-04 | ETA: 76.8min
[14650/50000] Loss: 3.1516e-02 | PDE: 3.6329e-03 | Holes: 7.7305e-05 | Ext: 8.1101e-04 | ms/ep: 129.9 | LR: 8.05e-04 | ETA: 76.6min
[14660/50000] Loss: 2.6719e-02 | PDE: 2.9733e-03 | Holes: 1.3536e-05 | Ext: 8.3403e-04 | ms/ep: 129.6 | LR: 8.04e-04 | ETA: 76.3min
[14670/50000] Loss: 2.9043e-02 | PDE: 3.2564e-03 | Holes: 3.3980e-05 | Ext: 9.8388e-04 | ms/ep: 127.6 | LR: 8.04e-04 | ETA: 75.1min
[14680/50000] Loss: 4.3693e-02 | PDE: 5.1717e-03 | Holes: 2.3366e-04 | Ext: 1.2427e-03 | ms/ep: 125.7 | LR: 8.04e-04 | ETA: 74.0min
[14690/50000] Loss: 3.0120e-02 | PDE: 3.5272e-03 | Holes: 5.4331e-05 | Ext: 7.7691e-04 | ms/ep: 129.9 | LR: 8.04e-04 | ETA: 76.4min
[14700/50000] Loss: 2.8715e-02 | PDE: 3.5624e-03 | Holes: 4.2073e-05 | Ext: 8.4696e-04 | ms/ep: 130.4 | LR: 8.03e-04 | ETA: 76.7min
[14710/50000] Loss: 2.6968e-02 | PDE: 3.0254e-03 | Holes: 2.0762e-05 | Ext: 8.1322e-04 | ms/ep: 130.0 | LR: 8.03e-04 | ETA: 76.4min
[14720/50000] Loss: 3.2512e-02 | PDE: 3.5079e-03 | Holes: 8.2586e-05 | Ext: 7.3714e-04 | ms/ep: 130.0 | LR: 8.03e-04 | ETA: 76.5min
[14730/50000] Loss: 4.6443e-02 | PDE: 5.9739e-03 | Holes: 3.0231e-04 | Ext: 1.0076e-03 | ms/ep: 129.9 | LR: 8.03e-04 | ETA: 76.4min
[14740/50000] Loss: 3.0262e-02 | PDE: 4.3376e-03 | Holes: 4.8148e-05 | Ext: 8.7303e-04 | ms/ep: 130.0 | LR: 8.02e-04 | ETA: 76.4min
[14750/50000] Loss: 2.9834e-02 | PDE: 3.0936e-03 | Holes: 5.7293e-05 | Ext: 9.5056e-04 | ms/ep: 130.0 | LR: 8.02e-04 | ETA: 76.4min
[14760/50000] Loss: 2.7062e-02 | PDE: 3.1676e-03 | Holes: 1.5400e-05 | Ext: 8.7813e-04 | ms/ep: 130.0 | LR: 8.02e-04 | ETA: 76.4min
[14770/50000] Loss: 3.8659e-02 | PDE: 3.7869e-03 | Holes: 1.8390e-04 | Ext: 1.1291e-03 | ms/ep: 130.0 | LR: 8.02e-04 | ETA: 76.3min
[14780/50000] Loss: 3.7584e-02 | PDE: 4.9062e-03 | Holes: 1.4208e-04 | Ext: 1.0852e-03 | ms/ep: 129.8 | LR: 8.01e-04 | ETA: 76.2min
[14790/50000] Loss: 4.2172e-02 | PDE: 5.4176e-03 | Holes: 2.2440e-04 | Ext: 9.0621e-04 | ms/ep: 130.7 | LR: 8.01e-04 | ETA: 76.7min
[14800/50000] Loss: 5.3304e-02 | PDE: 6.3258e-03 | Holes: 1.6492e-04 | Ext: 1.7271e-03 | ms/ep: 130.2 | LR: 8.01e-04 | ETA: 76.4min
[14810/50000] Loss: 6.3145e-02 | PDE: 1.7802e-02 | Holes: 2.4540e-04 | Ext: 1.1188e-03 | ms/ep: 129.9 | LR: 8.01e-04 | ETA: 76.2min
[14820/50000] Loss: 1.9119e-01 | PDE: 2.9716e-02 | Holes: 1.7732e-03 | Ext: 1.5729e-03 | ms/ep: 130.2 | LR: 8.00e-04 | ETA: 76.4min
[14830/50000] Loss: 1.3698e-01 | PDE: 2.2279e-02 | Holes: 1.3068e-03 | Ext: 2.7779e-03 | ms/ep: 129.9 | LR: 8.00e-04 | ETA: 76.1min
[14840/50000] Loss: 6.6976e-02 | PDE: 2.0232e-02 | Holes: 1.5114e-04 | Ext: 1.2992e-03 | ms/ep: 130.3 | LR: 8.00e-04 | ETA: 76.3min
[14850/50000] Loss: 3.9916e-02 | PDE: 1.0924e-02 | Holes: 2.9293e-05 | Ext: 9.6885e-04 | ms/ep: 130.1 | LR: 8.00e-04 | ETA: 76.2min
[14860/50000] Loss: 3.2252e-02 | PDE: 5.9294e-03 | Holes: 3.6603e-05 | Ext: 8.9177e-04 | ms/ep: 130.3 | LR: 7.99e-04 | ETA: 76.3min
[14870/50000] Loss: 2.9349e-02 | PDE: 4.2693e-03 | Holes: 2.2846e-05 | Ext: 8.6987e-04 | ms/ep: 130.1 | LR: 7.99e-04 | ETA: 76.1min
[14880/50000] Loss: 2.7597e-02 | PDE: 3.5042e-03 | Holes: 1.3412e-05 | Ext: 8.7423e-04 | ms/ep: 129.9 | LR: 7.99e-04 | ETA: 76.0min
[14890/50000] Loss: 2.6952e-02 | PDE: 3.1289e-03 | Holes: 1.2313e-05 | Ext: 8.0409e-04 | ms/ep: 129.9 | LR: 7.99e-04 | ETA: 76.0min
[14900/50000] Loss: 2.6541e-02 | PDE: 2.9899e-03 | Holes: 1.0759e-05 | Ext: 8.0964e-04 | ms/ep: 130.0 | LR: 7.98e-04 | ETA: 76.1min
[14910/50000] Loss: 2.6979e-02 | PDE: 3.0425e-03 | Holes: 1.6524e-05 | Ext: 7.7666e-04 | ms/ep: 130.3 | LR: 7.98e-04 | ETA: 76.2min
[14920/50000] Loss: 3.9001e-02 | PDE: 4.4489e-03 | Holes: 1.9346e-04 | Ext: 8.6310e-04 | ms/ep: 129.8 | LR: 7.98e-04 | ETA: 75.9min
[14930/50000] Loss: 2.7600e-02 | PDE: 3.0211e-03 | Holes: 2.6474e-05 | Ext: 9.1141e-04 | ms/ep: 130.0 | LR: 7.98e-04 | ETA: 76.0min
[14940/50000] Loss: 2.9545e-02 | PDE: 3.3677e-03 | Holes: 5.8908e-05 | Ext: 8.9658e-04 | ms/ep: 130.0 | LR: 7.97e-04 | ETA: 76.0min
[14950/50000] Loss: 2.7698e-02 | PDE: 2.9436e-03 | Holes: 2.7146e-05 | Ext: 9.2772e-04 | ms/ep: 130.8 | LR: 7.97e-04 | ETA: 76.4min
[14960/50000] Loss: 3.5476e-02 | PDE: 3.7151e-03 | Holes: 1.1414e-04 | Ext: 1.1327e-03 | ms/ep: 129.8 | LR: 7.97e-04 | ETA: 75.8min
[14970/50000] Loss: 2.8122e-02 | PDE: 3.2656e-03 | Holes: 3.6829e-05 | Ext: 8.7332e-04 | ms/ep: 129.8 | LR: 7.97e-04 | ETA: 75.8min
[14980/50000] Loss: 2.6820e-02 | PDE: 2.9194e-03 | Holes: 1.9255e-05 | Ext: 8.8931e-04 | ms/ep: 130.2 | LR: 7.96e-04 | ETA: 76.0min
[14990/50000] Loss: 5.2088e-02 | PDE: 4.9221e-03 | Holes: 3.2887e-04 | Ext: 1.4418e-03 | ms/ep: 130.3 | LR: 7.96e-04 | ETA: 76.0min
[15000/50000] Loss: 3.0500e-02 | PDE: 3.4980e-03 | Holes: 6.0826e-05 | Ext: 7.4689e-04 | ms/ep: 130.0 | LR: 7.96e-04 | ETA: 75.8min
[15010/50000] Loss: 2.8333e-02 | PDE: 3.3424e-03 | Holes: 4.6386e-05 | Ext: 8.2814e-04 | ms/ep: 129.8 | LR: 7.96e-04 | ETA: 75.7min
[15020/50000] Loss: 2.7468e-02 | PDE: 3.4299e-03 | Holes: 2.3986e-05 | Ext: 7.9633e-04 | ms/ep: 129.8 | LR: 7.95e-04 | ETA: 75.7min
[15030/50000] Loss: 3.5329e-02 | PDE: 3.7204e-03 | Holes: 9.9978e-05 | Ext: 1.1474e-03 | ms/ep: 130.1 | LR: 7.95e-04 | ETA: 75.8min
[15040/50000] Loss: 3.9191e-02 | PDE: 3.8491e-03 | Holes: 1.3187e-04 | Ext: 1.2479e-03 | ms/ep: 129.8 | LR: 7.95e-04 | ETA: 75.7min
[15050/50000] Loss: 3.2620e-02 | PDE: 3.6044e-03 | Holes: 9.1514e-05 | Ext: 7.4283e-04 | ms/ep: 129.9 | LR: 7.95e-04 | ETA: 75.7min
[15060/50000] Loss: 3.2248e-02 | PDE: 3.3362e-03 | Holes: 8.8552e-05 | Ext: 7.4710e-04 | ms/ep: 129.8 | LR: 7.94e-04 | ETA: 75.6min
[15070/50000] Loss: 3.2649e-02 | PDE: 3.2594e-03 | Holes: 7.3677e-05 | Ext: 1.0940e-03 | ms/ep: 130.0 | LR: 7.94e-04 | ETA: 75.7min
[15080/50000] Loss: 3.4047e-02 | PDE: 4.9586e-03 | Holes: 1.0663e-04 | Ext: 9.4477e-04 | ms/ep: 129.5 | LR: 7.94e-04 | ETA: 75.4min
[15090/50000] Loss: 2.8397e-02 | PDE: 3.3260e-03 | Holes: 1.4569e-05 | Ext: 9.6993e-04 | ms/ep: 129.5 | LR: 7.94e-04 | ETA: 75.3min
[15100/50000] Loss: 3.1411e-02 | PDE: 3.4686e-03 | Holes: 6.8538e-05 | Ext: 1.0401e-03 | ms/ep: 130.1 | LR: 7.93e-04 | ETA: 75.7min
[15110/50000] Loss: 3.5544e-02 | PDE: 5.5793e-03 | Holes: 1.1138e-04 | Ext: 8.3618e-04 | ms/ep: 130.4 | LR: 7.93e-04 | ETA: 75.8min
[15120/50000] Loss: 2.6495e-02 | PDE: 3.0218e-03 | Holes: 2.2940e-05 | Ext: 8.0383e-04 | ms/ep: 130.1 | LR: 7.93e-04 | ETA: 75.6min
[15130/50000] Loss: 3.9011e-02 | PDE: 4.6376e-03 | Holes: 2.1468e-04 | Ext: 8.8414e-04 | ms/ep: 130.3 | LR: 7.93e-04 | ETA: 75.8min
[15140/50000] Loss: 3.4150e-02 | PDE: 4.1052e-03 | Holes: 8.5346e-05 | Ext: 7.2012e-04 | ms/ep: 129.8 | LR: 7.92e-04 | ETA: 75.4min
[15150/50000] Loss: 2.8810e-02 | PDE: 3.3704e-03 | Holes: 4.6117e-05 | Ext: 9.2009e-04 | ms/ep: 130.7 | LR: 7.92e-04 | ETA: 75.9min
[15160/50000] Loss: 4.0454e-02 | PDE: 4.2873e-03 | Holes: 1.9052e-04 | Ext: 1.1842e-03 | ms/ep: 130.3 | LR: 7.92e-04 | ETA: 75.6min
[15170/50000] Loss: 2.8580e-02 | PDE: 3.0782e-03 | Holes: 2.7778e-05 | Ext: 1.0129e-03 | ms/ep: 130.0 | LR: 7.92e-04 | ETA: 75.5min
[15180/50000] Loss: 3.6843e-02 | PDE: 3.5979e-03 | Holes: 1.4888e-04 | Ext: 7.3689e-04 | ms/ep: 129.9 | LR: 7.91e-04 | ETA: 75.4min
[15190/50000] Loss: 3.4294e-02 | PDE: 5.9286e-03 | Holes: 9.0513e-05 | Ext: 9.6157e-04 | ms/ep: 130.1 | LR: 7.91e-04 | ETA: 75.5min
[15200/50000] Loss: 3.0068e-02 | PDE: 3.4063e-03 | Holes: 7.9233e-05 | Ext: 9.1630e-04 | ms/ep: 130.2 | LR: 7.91e-04 | ETA: 75.5min
[15210/50000] Loss: 4.3355e-02 | PDE: 5.7355e-03 | Holes: 2.6144e-04 | Ext: 1.0950e-03 | ms/ep: 130.1 | LR: 7.91e-04 | ETA: 75.4min
[15220/50000] Loss: 2.6648e-02 | PDE: 3.4385e-03 | Holes: 1.2300e-05 | Ext: 7.2912e-04 | ms/ep: 129.9 | LR: 7.90e-04 | ETA: 75.3min
[15230/50000] Loss: 3.0803e-02 | PDE: 3.9391e-03 | Holes: 8.5123e-05 | Ext: 8.3656e-04 | ms/ep: 129.9 | LR: 7.90e-04 | ETA: 75.3min
[15240/50000] Loss: 3.0817e-02 | PDE: 4.2067e-03 | Holes: 7.6055e-05 | Ext: 9.3992e-04 | ms/ep: 130.1 | LR: 7.90e-04 | ETA: 75.4min
[15250/50000] Loss: 3.3076e-02 | PDE: 3.7362e-03 | Holes: 7.5699e-05 | Ext: 1.0757e-03 | ms/ep: 129.7 | LR: 7.90e-04 | ETA: 75.1min
[15260/50000] Loss: 2.9866e-02 | PDE: 3.8085e-03 | Holes: 3.4249e-05 | Ext: 7.1989e-04 | ms/ep: 129.9 | LR: 7.89e-04 | ETA: 75.2min
[15270/50000] Loss: 4.2696e-02 | PDE: 4.7129e-03 | Holes: 2.8702e-04 | Ext: 9.6809e-04 | ms/ep: 130.5 | LR: 7.89e-04 | ETA: 75.5min
[15280/50000] Loss: 3.0408e-02 | PDE: 3.3004e-03 | Holes: 8.2268e-05 | Ext: 7.9857e-04 | ms/ep: 129.9 | LR: 7.89e-04 | ETA: 75.2min
[15290/50000] Loss: 3.0344e-02 | PDE: 3.6978e-03 | Holes: 6.2213e-05 | Ext: 9.8985e-04 | ms/ep: 129.8 | LR: 7.89e-04 | ETA: 75.1min
[15300/50000] Loss: 3.7217e-02 | PDE: 4.1014e-03 | Holes: 1.2120e-04 | Ext: 1.1536e-03 | ms/ep: 130.3 | LR: 7.88e-04 | ETA: 75.4min
[15310/50000] Loss: 4.2623e-02 | PDE: 3.6931e-03 | Holes: 1.8393e-04 | Ext: 7.3166e-04 | ms/ep: 129.8 | LR: 7.88e-04 | ETA: 75.1min
[15320/50000] Loss: 3.3370e-02 | PDE: 4.1436e-03 | Holes: 9.9035e-05 | Ext: 1.0495e-03 | ms/ep: 130.1 | LR: 7.88e-04 | ETA: 75.2min
[15330/50000] Loss: 3.7469e-02 | PDE: 4.0100e-03 | Holes: 1.2109e-04 | Ext: 1.1551e-03 | ms/ep: 130.3 | LR: 7.88e-04 | ETA: 75.3min
[15340/50000] Loss: 3.3034e-02 | PDE: 3.5056e-03 | Holes: 1.0489e-04 | Ext: 1.0500e-03 | ms/ep: 129.8 | LR: 7.87e-04 | ETA: 75.0min
[15350/50000] Loss: 3.0078e-02 | PDE: 4.4202e-03 | Holes: 5.2342e-05 | Ext: 8.0243e-04 | ms/ep: 130.1 | LR: 7.87e-04 | ETA: 75.1min
[15360/50000] Loss: 4.0226e-02 | PDE: 4.1532e-03 | Holes: 1.3902e-04 | Ext: 1.3173e-03 | ms/ep: 130.7 | LR: 7.87e-04 | ETA: 75.5min
[15370/50000] Loss: 3.9358e-02 | PDE: 9.0354e-03 | Holes: 1.1905e-04 | Ext: 1.0690e-03 | ms/ep: 130.3 | LR: 7.87e-04 | ETA: 75.2min
[15380/50000] Loss: 5.0516e-02 | PDE: 1.4807e-02 | Holes: 5.8397e-05 | Ext: 1.3721e-03 | ms/ep: 129.6 | LR: 7.86e-04 | ETA: 74.8min
[15390/50000] Loss: 4.5064e-02 | PDE: 8.6090e-03 | Holes: 2.4485e-04 | Ext: 9.3430e-04 | ms/ep: 130.1 | LR: 7.86e-04 | ETA: 75.1min
[15400/50000] Loss: 7.3125e-02 | PDE: 8.9723e-03 | Holes: 5.6718e-04 | Ext: 1.4764e-03 | ms/ep: 130.4 | LR: 7.86e-04 | ETA: 75.2min
[15410/50000] Loss: 5.5807e-01 | PDE: 8.1181e-02 | Holes: 4.2410e-03 | Ext: 1.4321e-02 | ms/ep: 130.1 | LR: 7.86e-04 | ETA: 75.0min
[15420/50000] Loss: 1.9220e-01 | PDE: 6.5314e-02 | Holes: 5.6172e-04 | Ext: 3.7009e-03 | ms/ep: 130.2 | LR: 7.85e-04 | ETA: 75.0min
[15430/50000] Loss: 1.4292e-01 | PDE: 4.1249e-02 | Holes: 7.3196e-04 | Ext: 2.3009e-03 | ms/ep: 130.1 | LR: 7.85e-04 | ETA: 75.0min
[15440/50000] Loss: 7.1051e-02 | PDE: 2.2117e-02 | Holes: 1.0817e-04 | Ext: 1.5783e-03 | ms/ep: 129.4 | LR: 7.85e-04 | ETA: 74.5min
[15450/50000] Loss: 5.1600e-02 | PDE: 1.3630e-02 | Holes: 3.4179e-05 | Ext: 1.3733e-03 | ms/ep: 130.1 | LR: 7.85e-04 | ETA: 74.9min
[15460/50000] Loss: 4.3388e-02 | PDE: 9.8225e-03 | Holes: 4.0091e-05 | Ext: 1.0716e-03 | ms/ep: 130.1 | LR: 7.84e-04 | ETA: 74.9min
[15470/50000] Loss: 3.6761e-02 | PDE: 7.4754e-03 | Holes: 2.2060e-05 | Ext: 1.0492e-03 | ms/ep: 130.0 | LR: 7.84e-04 | ETA: 74.8min
[15480/50000] Loss: 3.3245e-02 | PDE: 5.7201e-03 | Holes: 1.6186e-05 | Ext: 8.5274e-04 | ms/ep: 129.9 | LR: 7.84e-04 | ETA: 74.7min
[15490/50000] Loss: 3.1521e-02 | PDE: 5.0075e-03 | Holes: 1.7522e-05 | Ext: 8.1317e-04 | ms/ep: 129.6 | LR: 7.83e-04 | ETA: 74.6min
[15500/50000] Loss: 2.9743e-02 | PDE: 4.3307e-03 | Holes: 1.7616e-05 | Ext: 8.0658e-04 | ms/ep: 129.7 | LR: 7.83e-04 | ETA: 74.6min
[15510/50000] Loss: 3.0380e-02 | PDE: 4.3289e-03 | Holes: 3.2365e-05 | Ext: 9.7905e-04 | ms/ep: 130.4 | LR: 7.83e-04 | ETA: 74.9min
[15520/50000] Loss: 3.1404e-02 | PDE: 4.3962e-03 | Holes: 4.7909e-05 | Ext: 7.5174e-04 | ms/ep: 129.9 | LR: 7.83e-04 | ETA: 74.6min
[15530/50000] Loss: 2.6953e-02 | PDE: 3.3182e-03 | Holes: 1.1533e-05 | Ext: 8.5759e-04 | ms/ep: 130.0 | LR: 7.82e-04 | ETA: 74.7min
[15540/50000] Loss: 2.6672e-02 | PDE: 3.1918e-03 | Holes: 1.2436e-05 | Ext: 8.5776e-04 | ms/ep: 130.3 | LR: 7.82e-04 | ETA: 74.8min
[15550/50000] Loss: 2.6179e-02 | PDE: 3.0897e-03 | Holes: 1.0529e-05 | Ext: 7.8942e-04 | ms/ep: 130.2 | LR: 7.82e-04 | ETA: 74.8min
[15560/50000] Loss: 2.6526e-02 | PDE: 3.1625e-03 | Holes: 1.4427e-05 | Ext: 7.4588e-04 | ms/ep: 130.1 | LR: 7.82e-04 | ETA: 74.7min
[15570/50000] Loss: 2.5738e-02 | PDE: 2.9421e-03 | Holes: 1.0204e-05 | Ext: 7.9099e-04 | ms/ep: 129.8 | LR: 7.81e-04 | ETA: 74.5min
[15580/50000] Loss: 2.5703e-02 | PDE: 2.9255e-03 | Holes: 1.0716e-05 | Ext: 8.1829e-04 | ms/ep: 129.7 | LR: 7.81e-04 | ETA: 74.4min
[15590/50000] Loss: 2.9028e-02 | PDE: 4.2081e-03 | Holes: 4.3738e-05 | Ext: 8.5237e-04 | ms/ep: 129.9 | LR: 7.81e-04 | ETA: 74.5min
[15600/50000] Loss: 3.0429e-02 | PDE: 3.5431e-03 | Holes: 4.6665e-05 | Ext: 6.9544e-04 | ms/ep: 129.9 | LR: 7.81e-04 | ETA: 74.5min
[15610/50000] Loss: 2.8242e-02 | PDE: 3.4407e-03 | Holes: 3.8990e-05 | Ext: 9.2186e-04 | ms/ep: 129.6 | LR: 7.80e-04 | ETA: 74.3min
[15620/50000] Loss: 2.5802e-02 | PDE: 2.8813e-03 | Holes: 1.4320e-05 | Ext: 8.3858e-04 | ms/ep: 130.0 | LR: 7.80e-04 | ETA: 74.5min
[15630/50000] Loss: 2.9925e-02 | PDE: 3.6469e-03 | Holes: 6.1436e-05 | Ext: 7.1725e-04 | ms/ep: 130.1 | LR: 7.80e-04 | ETA: 74.5min
[15640/50000] Loss: 2.5784e-02 | PDE: 2.9429e-03 | Holes: 1.2246e-05 | Ext: 7.1687e-04 | ms/ep: 129.5 | LR: 7.80e-04 | ETA: 74.2min
[15650/50000] Loss: 2.5792e-02 | PDE: 2.9776e-03 | Holes: 1.4675e-05 | Ext: 7.1479e-04 | ms/ep: 129.9 | LR: 7.79e-04 | ETA: 74.4min
[15660/50000] Loss: 3.2527e-02 | PDE: 4.2414e-03 | Holes: 1.0862e-04 | Ext: 7.7572e-04 | ms/ep: 129.8 | LR: 7.79e-04 | ETA: 74.3min
[15670/50000] Loss: 3.2987e-02 | PDE: 3.2545e-03 | Holes: 1.0087e-04 | Ext: 1.0409e-03 | ms/ep: 130.3 | LR: 7.79e-04 | ETA: 74.6min
[15680/50000] Loss: 2.5794e-02 | PDE: 2.9349e-03 | Holes: 1.5333e-05 | Ext: 7.0334e-04 | ms/ep: 129.6 | LR: 7.79e-04 | ETA: 74.1min
[15690/50000] Loss: 2.9139e-02 | PDE: 4.6928e-03 | Holes: 4.8712e-05 | Ext: 8.2172e-04 | ms/ep: 130.1 | LR: 7.78e-04 | ETA: 74.4min
[15700/50000] Loss: 2.8303e-02 | PDE: 3.4387e-03 | Holes: 2.9130e-05 | Ext: 6.8364e-04 | ms/ep: 129.8 | LR: 7.78e-04 | ETA: 74.2min
[15710/50000] Loss: 2.6240e-02 | PDE: 3.0876e-03 | Holes: 1.1735e-05 | Ext: 6.6270e-04 | ms/ep: 130.1 | LR: 7.78e-04 | ETA: 74.4min
[15720/50000] Loss: 4.3756e-02 | PDE: 6.4393e-03 | Holes: 2.5059e-04 | Ext: 8.0991e-04 | ms/ep: 129.8 | LR: 7.78e-04 | ETA: 74.2min
[15730/50000] Loss: 4.1539e-02 | PDE: 3.8893e-03 | Holes: 2.2436e-04 | Ext: 1.0684e-03 | ms/ep: 129.6 | LR: 7.77e-04 | ETA: 74.0min
[15740/50000] Loss: 8.3649e-02 | PDE: 2.2294e-02 | Holes: 3.5327e-04 | Ext: 1.6453e-03 | ms/ep: 129.5 | LR: 7.77e-04 | ETA: 73.9min
[15750/50000] Loss: 6.2436e-02 | PDE: 1.7329e-02 | Holes: 1.3876e-04 | Ext: 4.9407e-04 | ms/ep: 130.4 | LR: 7.77e-04 | ETA: 74.4min
[15760/50000] Loss: 8.0380e-02 | PDE: 2.6150e-02 | Holes: 2.6200e-04 | Ext: 1.7010e-03 | ms/ep: 130.1 | LR: 7.77e-04 | ETA: 74.3min
[15770/50000] Loss: 6.2304e-02 | PDE: 2.2623e-02 | Holes: 6.5384e-05 | Ext: 1.1114e-03 | ms/ep: 129.5 | LR: 7.76e-04 | ETA: 73.9min
[15780/50000] Loss: 3.8405e-02 | PDE: 1.0691e-02 | Holes: 4.8144e-05 | Ext: 9.0501e-04 | ms/ep: 129.8 | LR: 7.76e-04 | ETA: 74.0min
[15790/50000] Loss: 3.0501e-02 | PDE: 5.5095e-03 | Holes: 2.7159e-05 | Ext: 7.8931e-04 | ms/ep: 129.7 | LR: 7.76e-04 | ETA: 73.9min
[15800/50000] Loss: 2.6783e-02 | PDE: 3.7747e-03 | Holes: 1.1528e-05 | Ext: 8.1739e-04 | ms/ep: 129.9 | LR: 7.75e-04 | ETA: 74.0min
[15810/50000] Loss: 2.9103e-02 | PDE: 3.4489e-03 | Holes: 4.8857e-05 | Ext: 9.3082e-04 | ms/ep: 130.4 | LR: 7.75e-04 | ETA: 74.3min
[15820/50000] Loss: 2.6388e-02 | PDE: 2.9876e-03 | Holes: 2.4191e-05 | Ext: 8.4048e-04 | ms/ep: 130.0 | LR: 7.75e-04 | ETA: 74.0min
[15830/50000] Loss: 2.7602e-02 | PDE: 3.1199e-03 | Holes: 3.9183e-05 | Ext: 8.9909e-04 | ms/ep: 129.4 | LR: 7.75e-04 | ETA: 73.7min
[15840/50000] Loss: 3.3230e-02 | PDE: 3.7644e-03 | Holes: 1.1727e-04 | Ext: 1.0104e-03 | ms/ep: 130.5 | LR: 7.74e-04 | ETA: 74.3min
[15850/50000] Loss: 2.6128e-02 | PDE: 2.8753e-03 | Holes: 2.4700e-05 | Ext: 7.2622e-04 | ms/ep: 129.8 | LR: 7.74e-04 | ETA: 73.9min
[15860/50000] Loss: 3.5022e-02 | PDE: 4.2654e-03 | Holes: 1.5492e-04 | Ext: 8.0808e-04 | ms/ep: 129.6 | LR: 7.74e-04 | ETA: 73.7min
[15870/50000] Loss: 2.4905e-02 | PDE: 2.6710e-03 | Holes: 1.2065e-05 | Ext: 7.6462e-04 | ms/ep: 130.4 | LR: 7.74e-04 | ETA: 74.2min
[15880/50000] Loss: 3.4479e-02 | PDE: 3.8845e-03 | Holes: 1.3216e-04 | Ext: 1.0389e-03 | ms/ep: 129.9 | LR: 7.73e-04 | ETA: 73.9min
[15890/50000] Loss: 2.7983e-02 | PDE: 3.0536e-03 | Holes: 2.4393e-05 | Ext: 9.7444e-04 | ms/ep: 130.0 | LR: 7.73e-04 | ETA: 73.9min
[15900/50000] Loss: 2.9316e-02 | PDE: 3.0503e-03 | Holes: 7.1803e-05 | Ext: 7.2716e-04 | ms/ep: 130.0 | LR: 7.73e-04 | ETA: 73.9min
[15910/50000] Loss: 3.3203e-02 | PDE: 3.2092e-03 | Holes: 1.2904e-04 | Ext: 7.4329e-04 | ms/ep: 130.4 | LR: 7.73e-04 | ETA: 74.1min
[15920/50000] Loss: 2.5113e-02 | PDE: 2.7929e-03 | Holes: 1.0854e-05 | Ext: 8.4382e-04 | ms/ep: 130.2 | LR: 7.72e-04 | ETA: 74.0min
[15930/50000] Loss: 3.9495e-02 | PDE: 4.6685e-03 | Holes: 2.1351e-04 | Ext: 1.0893e-03 | ms/ep: 129.9 | LR: 7.72e-04 | ETA: 73.7min
[15940/50000] Loss: 2.5772e-02 | PDE: 2.7629e-03 | Holes: 2.6931e-05 | Ext: 8.2896e-04 | ms/ep: 129.5 | LR: 7.72e-04 | ETA: 73.5min
[15950/50000] Loss: 3.2876e-02 | PDE: 3.1664e-03 | Holes: 1.0916e-04 | Ext: 6.8878e-04 | ms/ep: 130.1 | LR: 7.72e-04 | ETA: 73.8min
[15960/50000] Loss: 2.6732e-02 | PDE: 3.4801e-03 | Holes: 2.1329e-05 | Ext: 8.7986e-04 | ms/ep: 130.2 | LR: 7.71e-04 | ETA: 73.9min
[15970/50000] Loss: 3.5465e-02 | PDE: 4.6549e-03 | Holes: 1.4937e-04 | Ext: 1.0218e-03 | ms/ep: 129.6 | LR: 7.71e-04 | ETA: 73.5min
[15980/50000] Loss: 2.5241e-02 | PDE: 2.7062e-03 | Holes: 1.7063e-05 | Ext: 8.4126e-04 | ms/ep: 130.2 | LR: 7.71e-04 | ETA: 73.8min
[15990/50000] Loss: 2.9803e-02 | PDE: 3.2173e-03 | Holes: 7.2007e-05 | Ext: 6.9510e-04 | ms/ep: 130.1 | LR: 7.70e-04 | ETA: 73.7min
[16000/50000] Loss: 2.8977e-02 | PDE: 4.0635e-03 | Holes: 5.1583e-05 | Ext: 7.3475e-04 | ms/ep: 130.6 | LR: 7.70e-04 | ETA: 74.0min
[16010/50000] Loss: 2.9235e-02 | PDE: 3.0404e-03 | Holes: 8.1914e-05 | Ext: 8.4027e-04 | ms/ep: 130.0 | LR: 7.70e-04 | ETA: 73.7min
[16020/50000] Loss: 3.3392e-02 | PDE: 6.7510e-03 | Holes: 9.4381e-05 | Ext: 8.0026e-04 | ms/ep: 130.3 | LR: 7.70e-04 | ETA: 73.8min
[16030/50000] Loss: 3.1760e-02 | PDE: 4.9527e-03 | Holes: 2.4011e-05 | Ext: 9.6926e-04 | ms/ep: 130.1 | LR: 7.69e-04 | ETA: 73.7min
[16040/50000] Loss: 4.1218e-02 | PDE: 6.2508e-03 | Holes: 1.2486e-04 | Ext: 1.1280e-03 | ms/ep: 129.4 | LR: 7.69e-04 | ETA: 73.3min
[16050/50000] Loss: 4.4299e-02 | PDE: 5.2951e-03 | Holes: 2.6772e-04 | Ext: 1.2317e-03 | ms/ep: 129.7 | LR: 7.69e-04 | ETA: 73.4min
[16060/50000] Loss: 1.7955e-01 | PDE: 3.3115e-02 | Holes: 7.3553e-04 | Ext: 4.7813e-03 | ms/ep: 129.6 | LR: 7.69e-04 | ETA: 73.3min
[16070/50000] Loss: 1.1860e-01 | PDE: 3.3241e-02 | Holes: 4.8304e-04 | Ext: 2.5003e-03 | ms/ep: 130.4 | LR: 7.68e-04 | ETA: 73.8min
[16080/50000] Loss: 6.1343e-02 | PDE: 1.9061e-02 | Holes: 2.6256e-04 | Ext: 1.0820e-03 | ms/ep: 129.9 | LR: 7.68e-04 | ETA: 73.5min
[16090/50000] Loss: 3.8421e-02 | PDE: 9.3410e-03 | Holes: 9.4939e-05 | Ext: 9.1330e-04 | ms/ep: 130.2 | LR: 7.68e-04 | ETA: 73.6min
[16100/50000] Loss: 3.1211e-02 | PDE: 5.3509e-03 | Holes: 4.9890e-05 | Ext: 8.7098e-04 | ms/ep: 129.9 | LR: 7.68e-04 | ETA: 73.4min
[16110/50000] Loss: 2.6787e-02 | PDE: 3.7303e-03 | Holes: 1.2818e-05 | Ext: 7.7014e-04 | ms/ep: 130.1 | LR: 7.67e-04 | ETA: 73.5min
[16120/50000] Loss: 2.5406e-02 | PDE: 2.9934e-03 | Holes: 1.1309e-05 | Ext: 8.2257e-04 | ms/ep: 130.2 | LR: 7.67e-04 | ETA: 73.5min
[16130/50000] Loss: 2.5042e-02 | PDE: 2.8755e-03 | Holes: 1.2349e-05 | Ext: 7.5041e-04 | ms/ep: 130.0 | LR: 7.67e-04 | ETA: 73.4min
[16140/50000] Loss: 2.7080e-02 | PDE: 3.1207e-03 | Holes: 2.5836e-05 | Ext: 6.4773e-04 | ms/ep: 129.9 | LR: 7.67e-04 | ETA: 73.3min
[16150/50000] Loss: 2.4666e-02 | PDE: 2.6932e-03 | Holes: 1.1098e-05 | Ext: 7.3282e-04 | ms/ep: 130.1 | LR: 7.66e-04 | ETA: 73.4min
[16160/50000] Loss: 2.5314e-02 | PDE: 2.9184e-03 | Holes: 2.1690e-05 | Ext: 7.4655e-04 | ms/ep: 129.9 | LR: 7.66e-04 | ETA: 73.2min
[16170/50000] Loss: 2.6342e-02 | PDE: 3.2347e-03 | Holes: 3.1791e-05 | Ext: 7.2866e-04 | ms/ep: 130.0 | LR: 7.66e-04 | ETA: 73.3min
[16180/50000] Loss: 2.9615e-02 | PDE: 3.6434e-03 | Holes: 7.2665e-05 | Ext: 9.2270e-04 | ms/ep: 129.5 | LR: 7.65e-04 | ETA: 73.0min
[16190/50000] Loss: 2.5056e-02 | PDE: 2.8146e-03 | Holes: 1.1044e-05 | Ext: 6.7948e-04 | ms/ep: 129.7 | LR: 7.65e-04 | ETA: 73.1min
[16200/50000] Loss: 3.1133e-02 | PDE: 3.8323e-03 | Holes: 1.0917e-04 | Ext: 7.8899e-04 | ms/ep: 130.1 | LR: 7.65e-04 | ETA: 73.3min
[16210/50000] Loss: 2.4656e-02 | PDE: 2.8046e-03 | Holes: 1.2519e-05 | Ext: 7.5773e-04 | ms/ep: 130.2 | LR: 7.65e-04 | ETA: 73.3min
[16220/50000] Loss: 3.2595e-02 | PDE: 5.1812e-03 | Holes: 9.4746e-05 | Ext: 9.6472e-04 | ms/ep: 130.1 | LR: 7.64e-04 | ETA: 73.3min
[16230/50000] Loss: 2.8485e-02 | PDE: 3.3824e-03 | Holes: 1.2032e-05 | Ext: 1.0398e-03 | ms/ep: 129.9 | LR: 7.64e-04 | ETA: 73.1min
[16240/50000] Loss: 3.0523e-02 | PDE: 4.0660e-03 | Holes: 9.5684e-05 | Ext: 7.9834e-04 | ms/ep: 129.9 | LR: 7.64e-04 | ETA: 73.1min
[16250/50000] Loss: 2.5267e-02 | PDE: 2.8202e-03 | Holes: 1.5162e-05 | Ext: 6.7942e-04 | ms/ep: 130.3 | LR: 7.64e-04 | ETA: 73.3min
[16260/50000] Loss: 3.3155e-02 | PDE: 3.6506e-03 | Holes: 1.2432e-04 | Ext: 1.0051e-03 | ms/ep: 129.8 | LR: 7.63e-04 | ETA: 73.0min
[16270/50000] Loss: 2.7076e-02 | PDE: 2.8139e-03 | Holes: 4.0261e-05 | Ext: 8.9713e-04 | ms/ep: 130.6 | LR: 7.63e-04 | ETA: 73.4min
[16280/50000] Loss: 2.7144e-02 | PDE: 3.8314e-03 | Holes: 3.1959e-05 | Ext: 6.8838e-04 | ms/ep: 130.4 | LR: 7.63e-04 | ETA: 73.3min
[16290/50000] Loss: 3.9431e-02 | PDE: 7.3571e-03 | Holes: 1.7918e-04 | Ext: 9.9889e-04 | ms/ep: 130.3 | LR: 7.63e-04 | ETA: 73.2min
[16300/50000] Loss: 2.4734e-02 | PDE: 2.8208e-03 | Holes: 1.1866e-05 | Ext: 8.2774e-04 | ms/ep: 130.2 | LR: 7.62e-04 | ETA: 73.1min
[16310/50000] Loss: 3.0620e-02 | PDE: 3.9574e-03 | Holes: 1.0429e-04 | Ext: 7.8661e-04 | ms/ep: 129.9 | LR: 7.62e-04 | ETA: 72.9min
[16320/50000] Loss: 2.7417e-02 | PDE: 2.8209e-03 | Holes: 5.7522e-05 | Ext: 7.0675e-04 | ms/ep: 130.4 | LR: 7.62e-04 | ETA: 73.2min
[16330/50000] Loss: 3.1735e-02 | PDE: 3.3840e-03 | Holes: 9.9055e-05 | Ext: 1.0136e-03 | ms/ep: 129.8 | LR: 7.62e-04 | ETA: 72.8min
[16340/50000] Loss: 2.7550e-02 | PDE: 2.9782e-03 | Holes: 5.8096e-05 | Ext: 8.6785e-04 | ms/ep: 129.8 | LR: 7.61e-04 | ETA: 72.8min
[16350/50000] Loss: 2.9422e-02 | PDE: 3.8029e-03 | Holes: 7.1204e-05 | Ext: 6.8176e-04 | ms/ep: 130.3 | LR: 7.61e-04 | ETA: 73.1min
[16360/50000] Loss: 4.0161e-02 | PDE: 6.7606e-03 | Holes: 2.2220e-04 | Ext: 8.3323e-04 | ms/ep: 129.5 | LR: 7.61e-04 | ETA: 72.6min
[16370/50000] Loss: 2.9409e-02 | PDE: 3.8172e-03 | Holes: 4.2062e-05 | Ext: 6.0663e-04 | ms/ep: 129.6 | LR: 7.60e-04 | ETA: 72.6min
[16380/50000] Loss: 3.0301e-02 | PDE: 3.4348e-03 | Holes: 9.8765e-05 | Ext: 8.5505e-04 | ms/ep: 130.0 | LR: 7.60e-04 | ETA: 72.9min
[16390/50000] Loss: 3.1529e-02 | PDE: 3.9268e-03 | Holes: 1.1747e-04 | Ext: 8.1503e-04 | ms/ep: 129.9 | LR: 7.60e-04 | ETA: 72.8min
[16400/50000] Loss: 2.7914e-02 | PDE: 3.3895e-03 | Holes: 4.2932e-05 | Ext: 7.1265e-04 | ms/ep: 130.4 | LR: 7.60e-04 | ETA: 73.0min
[16410/50000] Loss: 3.5687e-02 | PDE: 4.3684e-03 | Holes: 1.2525e-04 | Ext: 9.2459e-04 | ms/ep: 130.1 | LR: 7.59e-04 | ETA: 72.8min
[16420/50000] Loss: 6.1685e-02 | PDE: 8.8576e-03 | Holes: 5.2447e-04 | Ext: 1.3744e-03 | ms/ep: 130.3 | LR: 7.59e-04 | ETA: 72.9min
[16430/50000] Loss: 1.4665e-01 | PDE: 3.1574e-02 | Holes: 4.4387e-04 | Ext: 3.9896e-03 | ms/ep: 130.5 | LR: 7.59e-04 | ETA: 73.0min
[16440/50000] Loss: 1.6103e-01 | PDE: 4.6357e-02 | Holes: 1.1621e-03 | Ext: 2.5816e-03 | ms/ep: 129.6 | LR: 7.59e-04 | ETA: 72.5min
[16450/50000] Loss: 6.5486e-02 | PDE: 2.0745e-02 | Holes: 8.4577e-05 | Ext: 1.7812e-03 | ms/ep: 129.8 | LR: 7.58e-04 | ETA: 72.6min
[16460/50000] Loss: 4.8192e-02 | PDE: 1.1868e-02 | Holes: 1.6268e-04 | Ext: 9.9589e-04 | ms/ep: 130.2 | LR: 7.58e-04 | ETA: 72.8min
[16470/50000] Loss: 3.6596e-02 | PDE: 6.2298e-03 | Holes: 1.0447e-04 | Ext: 7.9917e-04 | ms/ep: 130.2 | LR: 7.58e-04 | ETA: 72.8min
[16480/50000] Loss: 2.8551e-02 | PDE: 4.1923e-03 | Holes: 3.6742e-05 | Ext: 8.0749e-04 | ms/ep: 129.9 | LR: 7.58e-04 | ETA: 72.6min
[16490/50000] Loss: 2.5747e-02 | PDE: 3.3517e-03 | Holes: 1.0365e-05 | Ext: 7.5811e-04 | ms/ep: 130.5 | LR: 7.57e-04 | ETA: 72.9min
[16500/50000] Loss: 2.5075e-02 | PDE: 2.8473e-03 | Holes: 1.3605e-05 | Ext: 7.6365e-04 | ms/ep: 130.4 | LR: 7.57e-04 | ETA: 72.8min
[16510/50000] Loss: 2.4574e-02 | PDE: 2.7000e-03 | Holes: 1.0884e-05 | Ext: 7.2215e-04 | ms/ep: 130.0 | LR: 7.57e-04 | ETA: 72.6min
[16520/50000] Loss: 2.4257e-02 | PDE: 2.6158e-03 | Holes: 9.6504e-06 | Ext: 7.1976e-04 | ms/ep: 129.7 | LR: 7.56e-04 | ETA: 72.4min
[16530/50000] Loss: 2.6402e-02 | PDE: 2.9536e-03 | Holes: 3.3541e-05 | Ext: 6.6878e-04 | ms/ep: 130.2 | LR: 7.56e-04 | ETA: 72.6min
[16540/50000] Loss: 2.3929e-02 | PDE: 2.5368e-03 | Holes: 9.2400e-06 | Ext: 7.2208e-04 | ms/ep: 129.9 | LR: 7.56e-04 | ETA: 72.5min
[16550/50000] Loss: 2.6009e-02 | PDE: 2.8692e-03 | Holes: 2.7554e-05 | Ext: 8.7160e-04 | ms/ep: 129.6 | LR: 7.56e-04 | ETA: 72.3min
[16560/50000] Loss: 2.3940e-02 | PDE: 2.5444e-03 | Holes: 1.1414e-05 | Ext: 7.4247e-04 | ms/ep: 129.5 | LR: 7.55e-04 | ETA: 72.1min
[16570/50000] Loss: 2.6690e-02 | PDE: 2.9718e-03 | Holes: 3.3188e-05 | Ext: 6.2484e-04 | ms/ep: 130.0 | LR: 7.55e-04 | ETA: 72.4min
[16580/50000] Loss: 2.5191e-02 | PDE: 2.8709e-03 | Holes: 2.4433e-05 | Ext: 6.6918e-04 | ms/ep: 130.5 | LR: 7.55e-04 | ETA: 72.7min
[16590/50000] Loss: 2.5470e-02 | PDE: 3.1473e-03 | Holes: 3.1650e-05 | Ext: 7.2971e-04 | ms/ep: 129.9 | LR: 7.55e-04 | ETA: 72.4min
[16600/50000] Loss: 2.8018e-02 | PDE: 3.8892e-03 | Holes: 6.3462e-05 | Ext: 7.7088e-04 | ms/ep: 130.7 | LR: 7.54e-04 | ETA: 72.7min
[16610/50000] Loss: 2.5324e-02 | PDE: 2.9354e-03 | Holes: 2.8168e-05 | Ext: 6.8653e-04 | ms/ep: 129.6 | LR: 7.54e-04 | ETA: 72.1min
[16620/50000] Loss: 3.1124e-02 | PDE: 3.2165e-03 | Holes: 9.9948e-05 | Ext: 6.7814e-04 | ms/ep: 129.8 | LR: 7.54e-04 | ETA: 72.2min
[16630/50000] Loss: 2.6022e-02 | PDE: 2.8898e-03 | Holes: 2.5702e-05 | Ext: 6.3108e-04 | ms/ep: 130.0 | LR: 7.53e-04 | ETA: 72.3min
[16640/50000] Loss: 3.4294e-02 | PDE: 3.6367e-03 | Holes: 1.6720e-04 | Ext: 7.7494e-04 | ms/ep: 129.6 | LR: 7.53e-04 | ETA: 72.0min
[16650/50000] Loss: 2.8891e-02 | PDE: 3.4389e-03 | Holes: 3.3401e-05 | Ext: 1.0321e-03 | ms/ep: 130.2 | LR: 7.53e-04 | ETA: 72.3min
[16660/50000] Loss: 2.4714e-02 | PDE: 3.2645e-03 | Holes: 1.3522e-05 | Ext: 6.7714e-04 | ms/ep: 130.7 | LR: 7.53e-04 | ETA: 72.6min
[16670/50000] Loss: 3.1048e-02 | PDE: 3.7233e-03 | Holes: 6.5660e-05 | Ext: 5.7632e-04 | ms/ep: 130.1 | LR: 7.52e-04 | ETA: 72.3min
[16680/50000] Loss: 3.6589e-02 | PDE: 4.8995e-03 | Holes: 1.6188e-04 | Ext: 7.6174e-04 | ms/ep: 130.1 | LR: 7.52e-04 | ETA: 72.2min
[16690/50000] Loss: 6.1514e-02 | PDE: 1.9930e-02 | Holes: 2.1385e-04 | Ext: 6.6645e-04 | ms/ep: 130.0 | LR: 7.52e-04 | ETA: 72.2min
[16700/50000] Loss: 9.8494e-02 | PDE: 3.1633e-02 | Holes: 6.3023e-04 | Ext: 1.5880e-03 | ms/ep: 129.7 | LR: 7.52e-04 | ETA: 72.0min
[16710/50000] Loss: 4.5500e-02 | PDE: 1.3757e-02 | Holes: 1.2173e-04 | Ext: 1.0391e-03 | ms/ep: 129.8 | LR: 7.51e-04 | ETA: 72.0min
[16720/50000] Loss: 3.3022e-02 | PDE: 5.8457e-03 | Holes: 8.5580e-05 | Ext: 8.3245e-04 | ms/ep: 129.7 | LR: 7.51e-04 | ETA: 71.9min
[16730/50000] Loss: 2.7814e-02 | PDE: 4.3512e-03 | Holes: 2.8266e-05 | Ext: 8.8276e-04 | ms/ep: 130.3 | LR: 7.51e-04 | ETA: 72.3min
[16740/50000] Loss: 2.6688e-02 | PDE: 3.2288e-03 | Holes: 4.2610e-05 | Ext: 7.3735e-04 | ms/ep: 130.0 | LR: 7.51e-04 | ETA: 72.1min
[16750/50000] Loss: 2.5329e-02 | PDE: 2.7320e-03 | Holes: 1.9838e-05 | Ext: 8.5230e-04 | ms/ep: 129.5 | LR: 7.50e-04 | ETA: 71.8min
[16760/50000] Loss: 2.5157e-02 | PDE: 2.8801e-03 | Holes: 2.7508e-05 | Ext: 6.8631e-04 | ms/ep: 129.3 | LR: 7.50e-04 | ETA: 71.6min
[16770/50000] Loss: 2.3468e-02 | PDE: 2.4961e-03 | Holes: 9.2045e-06 | Ext: 7.2841e-04 | ms/ep: 130.4 | LR: 7.50e-04 | ETA: 72.2min
[16780/50000] Loss: 3.2443e-02 | PDE: 4.3137e-03 | Holes: 8.9059e-05 | Ext: 1.0317e-03 | ms/ep: 130.4 | LR: 7.49e-04 | ETA: 72.2min
[16790/50000] Loss: 2.5256e-02 | PDE: 3.0033e-03 | Holes: 3.2793e-05 | Ext: 7.2986e-04 | ms/ep: 130.1 | LR: 7.49e-04 | ETA: 72.0min
[16800/50000] Loss: 2.4045e-02 | PDE: 2.7236e-03 | Holes: 1.8234e-05 | Ext: 7.3499e-04 | ms/ep: 130.1 | LR: 7.49e-04 | ETA: 72.0min
[16810/50000] Loss: 2.4883e-02 | PDE: 2.5459e-03 | Holes: 2.2454e-05 | Ext: 8.4471e-04 | ms/ep: 129.6 | LR: 7.49e-04 | ETA: 71.7min
[16820/50000] Loss: 2.7372e-02 | PDE: 2.7929e-03 | Holes: 4.4204e-05 | Ext: 9.3067e-04 | ms/ep: 130.2 | LR: 7.48e-04 | ETA: 72.0min
[16830/50000] Loss: 2.4086e-02 | PDE: 2.6091e-03 | Holes: 1.9955e-05 | Ext: 7.6014e-04 | ms/ep: 130.3 | LR: 7.48e-04 | ETA: 72.0min
[16840/50000] Loss: 3.5105e-02 | PDE: 3.6543e-03 | Holes: 1.5918e-04 | Ext: 1.0499e-03 | ms/ep: 129.6 | LR: 7.48e-04 | ETA: 71.7min
[16850/50000] Loss: 2.8227e-02 | PDE: 3.0313e-03 | Holes: 4.0131e-05 | Ext: 5.7960e-04 | ms/ep: 130.4 | LR: 7.48e-04 | ETA: 72.1min
[16860/50000] Loss: 2.9160e-02 | PDE: 3.3249e-03 | Holes: 5.9986e-05 | Ext: 6.0351e-04 | ms/ep: 129.8 | LR: 7.47e-04 | ETA: 71.7min
[16870/50000] Loss: 2.5244e-02 | PDE: 2.6329e-03 | Holes: 3.7013e-05 | Ext: 7.3002e-04 | ms/ep: 130.1 | LR: 7.47e-04 | ETA: 71.8min
[16880/50000] Loss: 3.0098e-02 | PDE: 3.0614e-03 | Holes: 9.8481e-05 | Ext: 8.8133e-04 | ms/ep: 130.2 | LR: 7.47e-04 | ETA: 71.9min
[16890/50000] Loss: 3.1570e-02 | PDE: 3.4328e-03 | Holes: 1.3921e-04 | Ext: 8.1124e-04 | ms/ep: 129.9 | LR: 7.46e-04 | ETA: 71.7min
[16900/50000] Loss: 4.1978e-02 | PDE: 9.6751e-03 | Holes: 1.7283e-04 | Ext: 8.6649e-04 | ms/ep: 130.2 | LR: 7.46e-04 | ETA: 71.8min
[16910/50000] Loss: 3.2976e-02 | PDE: 4.8496e-03 | Holes: 7.2333e-05 | Ext: 9.3433e-04 | ms/ep: 129.3 | LR: 7.46e-04 | ETA: 71.3min
[16920/50000] Loss: 3.3641e-02 | PDE: 6.1270e-03 | Holes: 9.2494e-05 | Ext: 6.4644e-04 | ms/ep: 131.0 | LR: 7.46e-04 | ETA: 72.2min
[16930/50000] Loss: 7.5146e-02 | PDE: 9.4811e-03 | Holes: 5.2559e-04 | Ext: 1.6514e-03 | ms/ep: 131.1 | LR: 7.45e-04 | ETA: 72.2min
[16940/50000] Loss: 4.0812e-02 | PDE: 8.1705e-03 | Holes: 2.0430e-04 | Ext: 9.5469e-04 | ms/ep: 130.6 | LR: 7.45e-04 | ETA: 72.0min
[16950/50000] Loss: 4.0010e-02 | PDE: 4.9732e-03 | Holes: 2.3189e-04 | Ext: 9.3680e-04 | ms/ep: 131.5 | LR: 7.45e-04 | ETA: 72.4min
[16960/50000] Loss: 4.8370e-02 | PDE: 1.1462e-02 | Holes: 2.7330e-04 | Ext: 9.5481e-04 | ms/ep: 130.4 | LR: 7.45e-04 | ETA: 71.8min
[16970/50000] Loss: 3.0148e-02 | PDE: 5.5130e-03 | Holes: 5.3322e-05 | Ext: 8.6225e-04 | ms/ep: 131.1 | LR: 7.44e-04 | ETA: 72.2min
[16980/50000] Loss: 2.4845e-02 | PDE: 3.1250e-03 | Holes: 1.9699e-05 | Ext: 7.2000e-04 | ms/ep: 130.3 | LR: 7.44e-04 | ETA: 71.7min
[16990/50000] Loss: 2.5303e-02 | PDE: 3.1965e-03 | Holes: 1.1695e-05 | Ext: 6.0675e-04 | ms/ep: 129.9 | LR: 7.44e-04 | ETA: 71.5min
[17000/50000] Loss: 2.3372e-02 | PDE: 2.5739e-03 | Holes: 1.0039e-05 | Ext: 7.3131e-04 | ms/ep: 130.4 | LR: 7.43e-04 | ETA: 71.7min
[17010/50000] Loss: 3.0694e-02 | PDE: 3.0530e-03 | Holes: 7.8605e-05 | Ext: 1.0168e-03 | ms/ep: 130.1 | LR: 7.43e-04 | ETA: 71.5min
[17020/50000] Loss: 2.3781e-02 | PDE: 2.6344e-03 | Holes: 1.2287e-05 | Ext: 7.8943e-04 | ms/ep: 129.7 | LR: 7.43e-04 | ETA: 71.3min
[17030/50000] Loss: 2.5934e-02 | PDE: 2.9199e-03 | Holes: 4.6457e-05 | Ext: 6.5745e-04 | ms/ep: 130.1 | LR: 7.43e-04 | ETA: 71.5min
[17040/50000] Loss: 2.7749e-02 | PDE: 3.3309e-03 | Holes: 6.3117e-05 | Ext: 6.5352e-04 | ms/ep: 129.7 | LR: 7.42e-04 | ETA: 71.2min
[17050/50000] Loss: 2.4306e-02 | PDE: 2.4856e-03 | Holes: 2.6179e-05 | Ext: 7.6350e-04 | ms/ep: 130.3 | LR: 7.42e-04 | ETA: 71.6min
[17060/50000] Loss: 3.2020e-02 | PDE: 3.8506e-03 | Holes: 1.3444e-04 | Ext: 8.4433e-04 | ms/ep: 129.5 | LR: 7.42e-04 | ETA: 71.1min
[17070/50000] Loss: 2.7163e-02 | PDE: 3.6909e-03 | Holes: 6.2468e-05 | Ext: 7.0851e-04 | ms/ep: 130.2 | LR: 7.42e-04 | ETA: 71.5min
[17080/50000] Loss: 2.5330e-02 | PDE: 2.6383e-03 | Holes: 3.8171e-05 | Ext: 6.3125e-04 | ms/ep: 130.3 | LR: 7.41e-04 | ETA: 71.5min
[17090/50000] Loss: 3.0686e-02 | PDE: 3.7567e-03 | Holes: 9.7087e-05 | Ext: 9.5217e-04 | ms/ep: 130.0 | LR: 7.41e-04 | ETA: 71.3min
[17100/50000] Loss: 2.4571e-02 | PDE: 2.5129e-03 | Holes: 3.1720e-05 | Ext: 6.5049e-04 | ms/ep: 129.9 | LR: 7.41e-04 | ETA: 71.2min
[17110/50000] Loss: 3.2268e-02 | PDE: 3.9794e-03 | Holes: 1.4852e-04 | Ext: 7.4503e-04 | ms/ep: 129.8 | LR: 7.40e-04 | ETA: 71.2min
[17120/50000] Loss: 3.7075e-02 | PDE: 5.6238e-03 | Holes: 1.8514e-04 | Ext: 8.7760e-04 | ms/ep: 129.8 | LR: 7.40e-04 | ETA: 71.1min
[17130/50000] Loss: 2.6479e-02 | PDE: 3.7332e-03 | Holes: 4.4989e-05 | Ext: 7.1819e-04 | ms/ep: 129.3 | LR: 7.40e-04 | ETA: 70.9min
[17140/50000] Loss: 2.9849e-02 | PDE: 4.3447e-03 | Holes: 8.0220e-05 | Ext: 6.3085e-04 | ms/ep: 129.5 | LR: 7.40e-04 | ETA: 70.9min
[17150/50000] Loss: 2.4706e-02 | PDE: 3.7042e-03 | Holes: 1.7737e-05 | Ext: 7.3583e-04 | ms/ep: 129.9 | LR: 7.39e-04 | ETA: 71.1min
[17160/50000] Loss: 3.5762e-02 | PDE: 4.4114e-03 | Holes: 1.3988e-04 | Ext: 1.0190e-03 | ms/ep: 130.0 | LR: 7.39e-04 | ETA: 71.2min
[17170/50000] Loss: 2.5805e-02 | PDE: 4.0638e-03 | Holes: 1.6305e-05 | Ext: 7.3756e-04 | ms/ep: 129.6 | LR: 7.39e-04 | ETA: 70.9min
[17180/50000] Loss: 2.9482e-02 | PDE: 3.6401e-03 | Holes: 5.4894e-05 | Ext: 5.4516e-04 | ms/ep: 130.0 | LR: 7.39e-04 | ETA: 71.1min
[17190/50000] Loss: 2.5729e-02 | PDE: 3.7129e-03 | Holes: 2.7991e-05 | Ext: 6.0460e-04 | ms/ep: 130.1 | LR: 7.38e-04 | ETA: 71.1min
[17200/50000] Loss: 2.5086e-02 | PDE: 2.9806e-03 | Holes: 3.8136e-05 | Ext: 6.5548e-04 | ms/ep: 130.0 | LR: 7.38e-04 | ETA: 71.1min
[17210/50000] Loss: 3.4044e-02 | PDE: 4.1027e-03 | Holes: 1.6396e-04 | Ext: 7.5765e-04 | ms/ep: 130.0 | LR: 7.38e-04 | ETA: 71.0min
[17220/50000] Loss: 3.4139e-02 | PDE: 3.8621e-03 | Holes: 8.1812e-05 | Ext: 1.1788e-03 | ms/ep: 129.7 | LR: 7.37e-04 | ETA: 70.8min
[17230/50000] Loss: 2.5245e-02 | PDE: 3.9710e-03 | Holes: 2.1136e-05 | Ext: 6.6323e-04 | ms/ep: 129.4 | LR: 7.37e-04 | ETA: 70.7min
[17240/50000] Loss: 2.4433e-02 | PDE: 2.8742e-03 | Holes: 3.2354e-05 | Ext: 7.4448e-04 | ms/ep: 130.3 | LR: 7.37e-04 | ETA: 71.1min
[17250/50000] Loss: 3.5004e-02 | PDE: 9.0175e-03 | Holes: 8.6953e-05 | Ext: 8.8537e-04 | ms/ep: 129.7 | LR: 7.37e-04 | ETA: 70.8min
[17260/50000] Loss: 1.3588e-01 | PDE: 2.9832e-02 | Holes: 4.3278e-04 | Ext: 3.4957e-03 | ms/ep: 129.9 | LR: 7.36e-04 | ETA: 70.9min
[17270/50000] Loss: 1.5054e-01 | PDE: 3.9509e-02 | Holes: 6.9260e-04 | Ext: 1.7044e-03 | ms/ep: 130.0 | LR: 7.36e-04 | ETA: 70.9min
[17280/50000] Loss: 8.8447e-02 | PDE: 2.0996e-02 | Holes: 5.3179e-04 | Ext: 1.8100e-03 | ms/ep: 130.3 | LR: 7.36e-04 | ETA: 71.1min
[17290/50000] Loss: 4.4200e-02 | PDE: 1.1645e-02 | Holes: 2.0638e-04 | Ext: 8.3344e-04 | ms/ep: 129.8 | LR: 7.36e-04 | ETA: 70.8min
[17300/50000] Loss: 3.4439e-02 | PDE: 5.3966e-03 | Holes: 1.0854e-04 | Ext: 8.2204e-04 | ms/ep: 129.9 | LR: 7.35e-04 | ETA: 70.8min
[17310/50000] Loss: 2.5959e-02 | PDE: 3.7680e-03 | Holes: 2.6142e-05 | Ext: 7.0765e-04 | ms/ep: 129.7 | LR: 7.35e-04 | ETA: 70.7min
[17320/50000] Loss: 2.3865e-02 | PDE: 2.9239e-03 | Holes: 9.5865e-06 | Ext: 6.7033e-04 | ms/ep: 129.9 | LR: 7.35e-04 | ETA: 70.8min
[17330/50000] Loss: 2.3382e-02 | PDE: 2.5960e-03 | Holes: 1.2639e-05 | Ext: 7.0331e-04 | ms/ep: 130.1 | LR: 7.34e-04 | ETA: 70.8min
[17340/50000] Loss: 2.2997e-02 | PDE: 2.4185e-03 | Holes: 1.1329e-05 | Ext: 6.8937e-04 | ms/ep: 131.4 | LR: 7.34e-04 | ETA: 71.5min
[17350/50000] Loss: 2.3413e-02 | PDE: 2.4976e-03 | Holes: 1.4591e-05 | Ext: 7.5859e-04 | ms/ep: 126.7 | LR: 7.34e-04 | ETA: 68.9min
[17360/50000] Loss: 2.6909e-02 | PDE: 2.9077e-03 | Holes: 6.5805e-05 | Ext: 8.2004e-04 | ms/ep: 104.1 | LR: 7.34e-04 | ETA: 56.6min
[17370/50000] Loss: 2.3358e-02 | PDE: 2.4954e-03 | Holes: 1.7108e-05 | Ext: 6.5571e-04 | ms/ep: 104.4 | LR: 7.33e-04 | ETA: 56.8min
[17380/50000] Loss: 2.6589e-02 | PDE: 2.8271e-03 | Holes: 6.3682e-05 | Ext: 6.5206e-04 | ms/ep: 104.3 | LR: 7.33e-04 | ETA: 56.7min
[17390/50000] Loss: 2.2586e-02 | PDE: 2.3261e-03 | Holes: 1.0031e-05 | Ext: 6.9612e-04 | ms/ep: 104.3 | LR: 7.33e-04 | ETA: 56.7min
[17400/50000] Loss: 2.6998e-02 | PDE: 3.5483e-03 | Holes: 5.2558e-05 | Ext: 8.4804e-04 | ms/ep: 107.7 | LR: 7.32e-04 | ETA: 58.5min
[17410/50000] Loss: 2.5363e-02 | PDE: 2.8175e-03 | Holes: 2.0660e-05 | Ext: 8.9038e-04 | ms/ep: 106.9 | LR: 7.32e-04 | ETA: 58.0min
[17420/50000] Loss: 2.5170e-02 | PDE: 2.6831e-03 | Holes: 4.2113e-05 | Ext: 6.1825e-04 | ms/ep: 104.3 | LR: 7.32e-04 | ETA: 56.6min
[17430/50000] Loss: 2.8209e-02 | PDE: 2.7376e-03 | Holes: 8.5436e-05 | Ext: 6.5323e-04 | ms/ep: 104.2 | LR: 7.32e-04 | ETA: 56.6min
[17440/50000] Loss: 2.9189e-02 | PDE: 3.4809e-03 | Holes: 5.3960e-05 | Ext: 9.8950e-04 | ms/ep: 104.2 | LR: 7.31e-04 | ETA: 56.5min
[17450/50000] Loss: 2.3708e-02 | PDE: 2.9317e-03 | Holes: 1.7335e-05 | Ext: 7.3616e-04 | ms/ep: 104.4 | LR: 7.31e-04 | ETA: 56.6min
[17460/50000] Loss: 2.5324e-02 | PDE: 2.6488e-03 | Holes: 3.0366e-05 | Ext: 8.7006e-04 | ms/ep: 104.5 | LR: 7.31e-04 | ETA: 56.7min
[17470/50000] Loss: 3.0480e-02 | PDE: 4.4345e-03 | Holes: 1.0404e-04 | Ext: 8.5278e-04 | ms/ep: 104.2 | LR: 7.31e-04 | ETA: 56.5min
[17480/50000] Loss: 2.3790e-02 | PDE: 2.5218e-03 | Holes: 2.0486e-05 | Ext: 7.9377e-04 | ms/ep: 104.1 | LR: 7.30e-04 | ETA: 56.4min
[17490/50000] Loss: 2.3918e-02 | PDE: 2.6026e-03 | Holes: 3.1387e-05 | Ext: 6.8258e-04 | ms/ep: 104.1 | LR: 7.30e-04 | ETA: 56.4min
[17500/50000] Loss: 2.7817e-02 | PDE: 2.9739e-03 | Holes: 8.6456e-05 | Ext: 6.5121e-04 | ms/ep: 105.6 | LR: 7.30e-04 | ETA: 57.2min
[17510/50000] Loss: 2.8396e-02 | PDE: 3.2502e-03 | Holes: 7.1196e-05 | Ext: 6.0412e-04 | ms/ep: 104.3 | LR: 7.29e-04 | ETA: 56.5min
[17520/50000] Loss: 3.2686e-02 | PDE: 3.6178e-03 | Holes: 1.5192e-04 | Ext: 8.1009e-04 | ms/ep: 104.4 | LR: 7.29e-04 | ETA: 56.5min
[17530/50000] Loss: 3.3513e-02 | PDE: 5.6715e-03 | Holes: 1.4231e-04 | Ext: 8.7881e-04 | ms/ep: 104.2 | LR: 7.29e-04 | ETA: 56.4min
[17540/50000] Loss: 2.4432e-02 | PDE: 3.4922e-03 | Holes: 1.8127e-05 | Ext: 6.3155e-04 | ms/ep: 104.3 | LR: 7.29e-04 | ETA: 56.4min
[17550/50000] Loss: 2.3656e-02 | PDE: 2.5801e-03 | Holes: 2.3645e-05 | Ext: 6.6114e-04 | ms/ep: 104.2 | LR: 7.28e-04 | ETA: 56.3min
[17560/50000] Loss: 3.5586e-02 | PDE: 4.3520e-03 | Holes: 2.0996e-04 | Ext: 8.5411e-04 | ms/ep: 104.5 | LR: 7.28e-04 | ETA: 56.5min
[17570/50000] Loss: 2.8037e-02 | PDE: 3.2458e-03 | Holes: 8.4451e-05 | Ext: 6.5532e-04 | ms/ep: 104.1 | LR: 7.28e-04 | ETA: 56.3min
[17580/50000] Loss: 2.2979e-02 | PDE: 2.6753e-03 | Holes: 1.5457e-05 | Ext: 7.0072e-04 | ms/ep: 104.3 | LR: 7.28e-04 | ETA: 56.4min
[17590/50000] Loss: 2.9606e-02 | PDE: 2.9978e-03 | Holes: 8.8896e-05 | Ext: 5.6571e-04 | ms/ep: 104.3 | LR: 7.27e-04 | ETA: 56.3min
[17600/50000] Loss: 4.6867e-02 | PDE: 4.4331e-03 | Holes: 2.9028e-04 | Ext: 6.3325e-04 | ms/ep: 105.7 | LR: 7.27e-04 | ETA: 57.1min
[17610/50000] Loss: 3.2237e-02 | PDE: 7.1804e-03 | Holes: 3.7681e-05 | Ext: 5.8052e-04 | ms/ep: 104.3 | LR: 7.27e-04 | ETA: 56.3min
[17620/50000] Loss: 4.8915e-02 | PDE: 1.0874e-02 | Holes: 2.5261e-04 | Ext: 1.1677e-03 | ms/ep: 104.2 | LR: 7.26e-04 | ETA: 56.3min
[17630/50000] Loss: 1.1116e-01 | PDE: 3.2551e-02 | Holes: 5.9424e-04 | Ext: 1.9833e-03 | ms/ep: 104.2 | LR: 7.26e-04 | ETA: 56.2min
[17640/50000] Loss: 5.1216e-02 | PDE: 1.5096e-02 | Holes: 1.9388e-04 | Ext: 1.2114e-03 | ms/ep: 104.2 | LR: 7.26e-04 | ETA: 56.2min
[17650/50000] Loss: 4.2945e-02 | PDE: 8.2784e-03 | Holes: 1.6590e-04 | Ext: 1.2302e-03 | ms/ep: 104.5 | LR: 7.26e-04 | ETA: 56.3min
[17660/50000] Loss: 2.6321e-02 | PDE: 4.5781e-03 | Holes: 2.4403e-05 | Ext: 7.7203e-04 | ms/ep: 104.3 | LR: 7.25e-04 | ETA: 56.2min
[17670/50000] Loss: 2.4448e-02 | PDE: 3.1890e-03 | Holes: 1.7512e-05 | Ext: 6.5502e-04 | ms/ep: 104.4 | LR: 7.25e-04 | ETA: 56.2min
[17680/50000] Loss: 2.3161e-02 | PDE: 2.7373e-03 | Holes: 9.7208e-06 | Ext: 7.2213e-04 | ms/ep: 104.1 | LR: 7.25e-04 | ETA: 56.1min
[17690/50000] Loss: 2.3846e-02 | PDE: 2.5715e-03 | Holes: 1.7062e-05 | Ext: 8.0937e-04 | ms/ep: 104.2 | LR: 7.24e-04 | ETA: 56.1min
[17700/50000] Loss: 2.3329e-02 | PDE: 2.5059e-03 | Holes: 1.5640e-05 | Ext: 7.7741e-04 | ms/ep: 104.3 | LR: 7.24e-04 | ETA: 56.2min
[17710/50000] Loss: 2.4696e-02 | PDE: 2.6045e-03 | Holes: 3.9008e-05 | Ext: 7.8982e-04 | ms/ep: 104.4 | LR: 7.24e-04 | ETA: 56.2min
[17720/50000] Loss: 2.2647e-02 | PDE: 2.3036e-03 | Holes: 1.2099e-05 | Ext: 7.4957e-04 | ms/ep: 104.2 | LR: 7.24e-04 | ETA: 56.0min
[17730/50000] Loss: 2.8996e-02 | PDE: 2.9577e-03 | Holes: 7.6872e-05 | Ext: 9.5491e-04 | ms/ep: 104.3 | LR: 7.23e-04 | ETA: 56.1min
[17740/50000] Loss: 2.3366e-02 | PDE: 2.4329e-03 | Holes: 2.0353e-05 | Ext: 6.0068e-04 | ms/ep: 104.2 | LR: 7.23e-04 | ETA: 56.0min
[17750/50000] Loss: 2.7270e-02 | PDE: 2.8037e-03 | Holes: 8.8311e-05 | Ext: 7.0468e-04 | ms/ep: 104.1 | LR: 7.23e-04 | ETA: 55.9min
[17760/50000] Loss: 2.3285e-02 | PDE: 2.5572e-03 | Holes: 1.3511e-05 | Ext: 5.8918e-04 | ms/ep: 104.3 | LR: 7.22e-04 | ETA: 56.1min
[17770/50000] Loss: 2.2527e-02 | PDE: 2.4125e-03 | Holes: 1.4443e-05 | Ext: 6.7383e-04 | ms/ep: 104.3 | LR: 7.22e-04 | ETA: 56.0min
[17780/50000] Loss: 3.9368e-02 | PDE: 3.4873e-03 | Holes: 2.2062e-04 | Ext: 1.1411e-03 | ms/ep: 104.3 | LR: 7.22e-04 | ETA: 56.0min
[17790/50000] Loss: 2.9361e-02 | PDE: 4.3067e-03 | Holes: 1.0494e-04 | Ext: 7.5392e-04 | ms/ep: 104.3 | LR: 7.22e-04 | ETA: 56.0min
[17800/50000] Loss: 2.3580e-02 | PDE: 2.6822e-03 | Holes: 2.5400e-05 | Ext: 7.4741e-04 | ms/ep: 104.1 | LR: 7.21e-04 | ETA: 55.9min
[17810/50000] Loss: 2.9693e-02 | PDE: 3.7161e-03 | Holes: 8.7031e-05 | Ext: 9.4059e-04 | ms/ep: 104.3 | LR: 7.21e-04 | ETA: 55.9min
[17820/50000] Loss: 2.8498e-02 | PDE: 5.2012e-03 | Holes: 6.0164e-05 | Ext: 6.9610e-04 | ms/ep: 104.4 | LR: 7.21e-04 | ETA: 56.0min
[17830/50000] Loss: 2.6212e-02 | PDE: 3.6357e-03 | Holes: 5.0898e-05 | Ext: 7.7298e-04 | ms/ep: 104.3 | LR: 7.21e-04 | ETA: 55.9min
[17840/50000] Loss: 2.8901e-02 | PDE: 3.0244e-03 | Holes: 8.1139e-05 | Ext: 9.4697e-04 | ms/ep: 104.4 | LR: 7.20e-04 | ETA: 55.9min
[17850/50000] Loss: 2.4911e-02 | PDE: 3.8108e-03 | Holes: 3.4304e-05 | Ext: 6.8845e-04 | ms/ep: 104.1 | LR: 7.20e-04 | ETA: 55.8min
[17860/50000] Loss: 3.1163e-02 | PDE: 6.1627e-03 | Holes: 1.0258e-04 | Ext: 6.9061e-04 | ms/ep: 104.1 | LR: 7.20e-04 | ETA: 55.8min
[17870/50000] Loss: 6.3835e-02 | PDE: 7.2846e-03 | Holes: 4.1050e-04 | Ext: 1.6350e-03 | ms/ep: 104.3 | LR: 7.19e-04 | ETA: 55.8min
[17880/50000] Loss: 5.1295e-01 | PDE: 8.2719e-02 | Holes: 2.9470e-03 | Ext: 1.2494e-02 | ms/ep: 104.4 | LR: 7.19e-04 | ETA: 55.9min
[17890/50000] Loss: 2.9944e-01 | PDE: 7.6810e-02 | Holes: 7.7736e-04 | Ext: 7.3771e-03 | ms/ep: 104.4 | LR: 7.19e-04 | ETA: 55.9min
[17900/50000] Loss: 1.8541e-01 | PDE: 4.6592e-02 | Holes: 1.5847e-04 | Ext: 4.5450e-03 | ms/ep: 104.2 | LR: 7.19e-04 | ETA: 55.8min
[17910/50000] Loss: 1.5001e-01 | PDE: 3.3652e-02 | Holes: 2.1507e-04 | Ext: 3.4535e-03 | ms/ep: 104.6 | LR: 7.18e-04 | ETA: 56.0min
[17920/50000] Loss: 1.1882e-01 | PDE: 2.3599e-02 | Holes: 8.4356e-05 | Ext: 2.9813e-03 | ms/ep: 105.1 | LR: 7.18e-04 | ETA: 56.2min
[17930/50000] Loss: 1.0227e-01 | PDE: 1.9279e-02 | Holes: 5.4809e-05 | Ext: 2.7435e-03 | ms/ep: 104.4 | LR: 7.18e-04 | ETA: 55.8min
[17940/50000] Loss: 9.1817e-02 | PDE: 1.6684e-02 | Holes: 3.4576e-05 | Ext: 2.5688e-03 | ms/ep: 104.2 | LR: 7.17e-04 | ETA: 55.7min
[17950/50000] Loss: 8.4441e-02 | PDE: 1.5242e-02 | Holes: 2.9558e-05 | Ext: 2.3741e-03 | ms/ep: 104.1 | LR: 7.17e-04 | ETA: 55.6min
[17960/50000] Loss: 7.8403e-02 | PDE: 1.3955e-02 | Holes: 2.6560e-05 | Ext: 2.2162e-03 | ms/ep: 104.1 | LR: 7.17e-04 | ETA: 55.6min
[17970/50000] Loss: 7.3389e-02 | PDE: 1.3200e-02 | Holes: 2.5062e-05 | Ext: 2.0668e-03 | ms/ep: 104.2 | LR: 7.17e-04 | ETA: 55.6min
[17980/50000] Loss: 6.9130e-02 | PDE: 1.2715e-02 | Holes: 2.3682e-05 | Ext: 1.9461e-03 | ms/ep: 104.4 | LR: 7.16e-04 | ETA: 55.7min
[17990/50000] Loss: 6.5292e-02 | PDE: 1.2312e-02 | Holes: 2.2177e-05 | Ext: 1.8398e-03 | ms/ep: 104.2 | LR: 7.16e-04 | ETA: 55.6min
[18000/50000] Loss: 6.1807e-02 | PDE: 1.1922e-02 | Holes: 2.0593e-05 | Ext: 1.7411e-03 | ms/ep: 104.2 | LR: 7.16e-04 | ETA: 55.6min
[18010/50000] Loss: 5.8688e-02 | PDE: 1.1493e-02 | Holes: 1.9256e-05 | Ext: 1.6457e-03 | ms/ep: 104.0 | LR: 7.15e-04 | ETA: 55.5min
[18020/50000] Loss: 5.5875e-02 | PDE: 1.1022e-02 | Holes: 1.8129e-05 | Ext: 1.5596e-03 | ms/ep: 104.4 | LR: 7.15e-04 | ETA: 55.7min
[18030/50000] Loss: 5.3309e-02 | PDE: 1.0513e-02 | Holes: 1.7166e-05 | Ext: 1.4792e-03 | ms/ep: 104.1 | LR: 7.15e-04 | ETA: 55.5min
[18040/50000] Loss: 5.0994e-02 | PDE: 1.0005e-02 | Holes: 1.6360e-05 | Ext: 1.4081e-03 | ms/ep: 104.2 | LR: 7.15e-04 | ETA: 55.5min
[18050/50000] Loss: 4.8957e-02 | PDE: 9.5292e-03 | Holes: 1.5607e-05 | Ext: 1.3487e-03 | ms/ep: 104.0 | LR: 7.14e-04 | ETA: 55.4min
[18060/50000] Loss: 4.7186e-02 | PDE: 9.0892e-03 | Holes: 1.4866e-05 | Ext: 1.2997e-03 | ms/ep: 104.1 | LR: 7.14e-04 | ETA: 55.4min
[18070/50000] Loss: 4.5650e-02 | PDE: 8.7046e-03 | Holes: 1.4203e-05 | Ext: 1.2611e-03 | ms/ep: 104.1 | LR: 7.14e-04 | ETA: 55.4min
[18080/50000] Loss: 5.0513e-02 | PDE: 1.0355e-02 | Holes: 5.8229e-05 | Ext: 1.4812e-03 | ms/ep: 104.3 | LR: 7.14e-04 | ETA: 55.5min
[18090/50000] Loss: 4.9143e-02 | PDE: 8.9946e-03 | Holes: 8.6161e-05 | Ext: 1.1449e-03 | ms/ep: 104.2 | LR: 7.13e-04 | ETA: 55.4min
[18100/50000] Loss: 4.4547e-02 | PDE: 7.9437e-03 | Holes: 4.4875e-05 | Ext: 1.2145e-03 | ms/ep: 104.4 | LR: 7.13e-04 | ETA: 55.5min
[18110/50000] Loss: 4.3104e-02 | PDE: 7.8312e-03 | Holes: 3.7920e-05 | Ext: 1.2187e-03 | ms/ep: 104.2 | LR: 7.13e-04 | ETA: 55.4min
[18120/50000] Loss: 4.4298e-02 | PDE: 7.7134e-03 | Holes: 7.6600e-05 | Ext: 1.1852e-03 | ms/ep: 104.2 | LR: 7.12e-04 | ETA: 55.4min
[18130/50000] Loss: 5.4326e-02 | PDE: 9.1796e-03 | Holes: 1.8906e-04 | Ext: 1.3255e-03 | ms/ep: 104.1 | LR: 7.12e-04 | ETA: 55.3min
[18140/50000] Loss: 4.2456e-02 | PDE: 9.2743e-03 | Holes: 1.5086e-05 | Ext: 9.7801e-04 | ms/ep: 104.4 | LR: 7.12e-04 | ETA: 55.4min
[18150/50000] Loss: 3.9481e-02 | PDE: 7.0464e-03 | Holes: 4.0404e-05 | Ext: 1.0732e-03 | ms/ep: 104.3 | LR: 7.12e-04 | ETA: 55.3min
[18160/50000] Loss: 3.6986e-02 | PDE: 6.7613e-03 | Holes: 1.4699e-05 | Ext: 1.0937e-03 | ms/ep: 104.3 | LR: 7.11e-04 | ETA: 55.3min
[18170/50000] Loss: 3.6449e-02 | PDE: 6.4742e-03 | Holes: 1.9596e-05 | Ext: 1.0707e-03 | ms/ep: 104.1 | LR: 7.11e-04 | ETA: 55.2min
[18180/50000] Loss: 3.5264e-02 | PDE: 6.3389e-03 | Holes: 1.2504e-05 | Ext: 1.0601e-03 | ms/ep: 104.1 | LR: 7.11e-04 | ETA: 55.2min
[18190/50000] Loss: 3.4437e-02 | PDE: 6.0479e-03 | Holes: 1.4857e-05 | Ext: 1.0249e-03 | ms/ep: 104.2 | LR: 7.10e-04 | ETA: 55.2min
[18200/50000] Loss: 3.4500e-02 | PDE: 6.0028e-03 | Holes: 2.3852e-05 | Ext: 1.0362e-03 | ms/ep: 104.4 | LR: 7.10e-04 | ETA: 55.3min
[18210/50000] Loss: 3.3356e-02 | PDE: 5.7371e-03 | Holes: 1.9866e-05 | Ext: 9.8665e-04 | ms/ep: 104.3 | LR: 7.10e-04 | ETA: 55.2min
[18220/50000] Loss: 3.1977e-02 | PDE: 5.4347e-03 | Holes: 1.1438e-05 | Ext: 9.0479e-04 | ms/ep: 104.2 | LR: 7.10e-04 | ETA: 55.2min
[18230/50000] Loss: 3.6680e-02 | PDE: 6.3442e-03 | Holes: 7.2257e-05 | Ext: 8.3546e-04 | ms/ep: 104.1 | LR: 7.09e-04 | ETA: 55.1min
[18240/50000] Loss: 3.1686e-02 | PDE: 5.2560e-03 | Holes: 1.8387e-05 | Ext: 9.1224e-04 | ms/ep: 104.1 | LR: 7.09e-04 | ETA: 55.1min
[18250/50000] Loss: 3.5310e-02 | PDE: 5.2193e-03 | Holes: 8.3977e-05 | Ext: 1.0109e-03 | ms/ep: 104.5 | LR: 7.09e-04 | ETA: 55.3min
[18260/50000] Loss: 3.0703e-02 | PDE: 4.9631e-03 | Holes: 1.8426e-05 | Ext: 8.1334e-04 | ms/ep: 104.2 | LR: 7.08e-04 | ETA: 55.1min
[18270/50000] Loss: 3.4280e-02 | PDE: 5.6159e-03 | Holes: 5.8068e-05 | Ext: 7.7198e-04 | ms/ep: 104.3 | LR: 7.08e-04 | ETA: 55.2min
[18280/50000] Loss: 3.9052e-02 | PDE: 6.0488e-03 | Holes: 9.8977e-05 | Ext: 1.2271e-03 | ms/ep: 104.1 | LR: 7.08e-04 | ETA: 55.1min
[18290/50000] Loss: 3.0363e-02 | PDE: 4.8743e-03 | Holes: 2.0215e-05 | Ext: 9.6208e-04 | ms/ep: 104.2 | LR: 7.08e-04 | ETA: 55.1min
[18300/50000] Loss: 3.9208e-02 | PDE: 6.4096e-03 | Holes: 9.1887e-05 | Ext: 1.2430e-03 | ms/ep: 104.2 | LR: 7.07e-04 | ETA: 55.0min
[18310/50000] Loss: 4.3284e-02 | PDE: 8.1190e-03 | Holes: 2.0711e-04 | Ext: 9.6077e-04 | ms/ep: 104.6 | LR: 7.07e-04 | ETA: 55.2min
[18320/50000] Loss: 3.7592e-02 | PDE: 5.7029e-03 | Holes: 7.6032e-05 | Ext: 1.1999e-03 | ms/ep: 104.2 | LR: 7.07e-04 | ETA: 55.0min
[18330/50000] Loss: 4.6878e-02 | PDE: 6.6113e-03 | Holes: 2.9630e-04 | Ext: 9.7822e-04 | ms/ep: 104.2 | LR: 7.06e-04 | ETA: 55.0min
[18340/50000] Loss: 3.3220e-02 | PDE: 4.8318e-03 | Holes: 8.0390e-05 | Ext: 9.5641e-04 | ms/ep: 104.2 | LR: 7.06e-04 | ETA: 55.0min
[18350/50000] Loss: 3.7763e-02 | PDE: 6.9461e-03 | Holes: 7.9221e-05 | Ext: 6.9076e-04 | ms/ep: 104.1 | LR: 7.06e-04 | ETA: 54.9min
[18360/50000] Loss: 3.7626e-02 | PDE: 5.7253e-03 | Holes: 1.4338e-04 | Ext: 1.0631e-03 | ms/ep: 104.6 | LR: 7.06e-04 | ETA: 55.2min
[18370/50000] Loss: 3.2634e-02 | PDE: 5.0497e-03 | Holes: 8.4859e-05 | Ext: 7.6179e-04 | ms/ep: 104.3 | LR: 7.05e-04 | ETA: 55.0min
[18380/50000] Loss: 3.3064e-02 | PDE: 4.4373e-03 | Holes: 9.2599e-05 | Ext: 1.0014e-03 | ms/ep: 104.1 | LR: 7.05e-04 | ETA: 54.9min
[18390/50000] Loss: 2.7286e-02 | PDE: 4.1219e-03 | Holes: 1.8064e-05 | Ext: 7.3237e-04 | ms/ep: 104.2 | LR: 7.05e-04 | ETA: 54.9min
[18400/50000] Loss: 2.7818e-02 | PDE: 4.0930e-03 | Holes: 2.5405e-05 | Ext: 7.1955e-04 | ms/ep: 104.3 | LR: 7.04e-04 | ETA: 54.9min
[18410/50000] Loss: 2.5887e-02 | PDE: 3.6677e-03 | Holes: 9.2012e-06 | Ext: 7.7952e-04 | ms/ep: 104.4 | LR: 7.04e-04 | ETA: 55.0min
[18420/50000] Loss: 2.9845e-02 | PDE: 4.2712e-03 | Holes: 4.6774e-05 | Ext: 9.7486e-04 | ms/ep: 104.3 | LR: 7.04e-04 | ETA: 54.9min
[18430/50000] Loss: 2.7409e-02 | PDE: 3.9822e-03 | Holes: 2.9352e-05 | Ext: 8.5344e-04 | ms/ep: 104.2 | LR: 7.04e-04 | ETA: 54.8min
[18440/50000] Loss: 3.0060e-02 | PDE: 4.0758e-03 | Holes: 7.4966e-05 | Ext: 7.3161e-04 | ms/ep: 104.2 | LR: 7.03e-04 | ETA: 54.8min
[18450/50000] Loss: 2.8823e-02 | PDE: 3.9558e-03 | Holes: 5.8125e-05 | Ext: 7.2466e-04 | ms/ep: 104.2 | LR: 7.03e-04 | ETA: 54.8min
[18460/50000] Loss: 2.9488e-02 | PDE: 5.2122e-03 | Holes: 5.4639e-05 | Ext: 8.2738e-04 | ms/ep: 104.4 | LR: 7.03e-04 | ETA: 54.9min
[18470/50000] Loss: 2.7875e-02 | PDE: 3.7315e-03 | Holes: 4.0824e-05 | Ext: 6.9728e-04 | ms/ep: 104.4 | LR: 7.02e-04 | ETA: 54.8min
[18480/50000] Loss: 3.0040e-02 | PDE: 4.0143e-03 | Holes: 5.9814e-05 | Ext: 6.4919e-04 | ms/ep: 104.4 | LR: 7.02e-04 | ETA: 54.8min
[18490/50000] Loss: 2.7293e-02 | PDE: 3.5636e-03 | Holes: 4.4595e-05 | Ext: 7.3543e-04 | ms/ep: 104.1 | LR: 7.02e-04 | ETA: 54.7min
[18500/50000] Loss: 2.6843e-02 | PDE: 3.6561e-03 | Holes: 1.3874e-05 | Ext: 9.2380e-04 | ms/ep: 104.2 | LR: 7.02e-04 | ETA: 54.7min
[18510/50000] Loss: 3.2359e-02 | PDE: 4.7630e-03 | Holes: 7.6249e-05 | Ext: 1.0204e-03 | ms/ep: 104.1 | LR: 7.01e-04 | ETA: 54.6min
[18520/50000] Loss: 3.7199e-02 | PDE: 4.6887e-03 | Holes: 1.8528e-04 | Ext: 8.0062e-04 | ms/ep: 104.4 | LR: 7.01e-04 | ETA: 54.8min
[18530/50000] Loss: 3.7156e-02 | PDE: 8.5590e-03 | Holes: 1.0253e-04 | Ext: 1.0040e-03 | ms/ep: 104.3 | LR: 7.01e-04 | ETA: 54.7min
[18540/50000] Loss: 3.2851e-02 | PDE: 4.2068e-03 | Holes: 1.2123e-04 | Ext: 8.0195e-04 | ms/ep: 104.2 | LR: 7.00e-04 | ETA: 54.7min
[18550/50000] Loss: 3.3342e-02 | PDE: 7.4629e-03 | Holes: 5.9297e-05 | Ext: 6.6943e-04 | ms/ep: 104.2 | LR: 7.00e-04 | ETA: 54.6min
[18560/50000] Loss: 4.4696e-02 | PDE: 6.1993e-03 | Holes: 2.5266e-04 | Ext: 1.0565e-03 | ms/ep: 105.4 | LR: 7.00e-04 | ETA: 55.2min
[18570/50000] Loss: 3.9258e-02 | PDE: 8.1128e-03 | Holes: 4.2185e-05 | Ext: 1.3049e-03 | ms/ep: 104.1 | LR: 7.00e-04 | ETA: 54.6min
[18580/50000] Loss: 1.9675e-01 | PDE: 6.1061e-02 | Holes: 9.6392e-04 | Ext: 3.6967e-03 | ms/ep: 104.4 | LR: 6.99e-04 | ETA: 54.7min
[18590/50000] Loss: 1.1135e-01 | PDE: 3.5798e-02 | Holes: 5.6312e-04 | Ext: 1.5712e-03 | ms/ep: 104.3 | LR: 6.99e-04 | ETA: 54.6min
[18600/50000] Loss: 4.7921e-02 | PDE: 1.4841e-02 | Holes: 8.3487e-05 | Ext: 9.6165e-04 | ms/ep: 104.2 | LR: 6.99e-04 | ETA: 54.5min
[18610/50000] Loss: 3.4015e-02 | PDE: 8.2592e-03 | Holes: 2.5957e-05 | Ext: 8.4653e-04 | ms/ep: 104.1 | LR: 6.98e-04 | ETA: 54.4min
[18620/50000] Loss: 2.9613e-02 | PDE: 5.2254e-03 | Holes: 2.2782e-05 | Ext: 7.5234e-04 | ms/ep: 104.6 | LR: 6.98e-04 | ETA: 54.7min
[18630/50000] Loss: 2.6720e-02 | PDE: 3.9593e-03 | Holes: 1.4689e-05 | Ext: 8.4899e-04 | ms/ep: 104.1 | LR: 6.98e-04 | ETA: 54.4min
[18640/50000] Loss: 2.5250e-02 | PDE: 3.3920e-03 | Holes: 1.2207e-05 | Ext: 7.6290e-04 | ms/ep: 104.2 | LR: 6.98e-04 | ETA: 54.5min
[18650/50000] Loss: 3.3318e-02 | PDE: 5.4536e-03 | Holes: 6.6658e-05 | Ext: 1.0827e-03 | ms/ep: 104.2 | LR: 6.97e-04 | ETA: 54.4min
[18660/50000] Loss: 2.9249e-02 | PDE: 4.1106e-03 | Holes: 5.5149e-05 | Ext: 6.4068e-04 | ms/ep: 104.1 | LR: 6.97e-04 | ETA: 54.4min
[18670/50000] Loss: 2.8224e-02 | PDE: 3.5972e-03 | Holes: 5.1160e-05 | Ext: 9.0933e-04 | ms/ep: 104.1 | LR: 6.97e-04 | ETA: 54.4min
[18680/50000] Loss: 2.6262e-02 | PDE: 3.4911e-03 | Holes: 3.5109e-05 | Ext: 6.5825e-04 | ms/ep: 104.5 | LR: 6.96e-04 | ETA: 54.5min
[18690/50000] Loss: 2.3671e-02 | PDE: 2.8842e-03 | Holes: 9.1498e-06 | Ext: 7.0817e-04 | ms/ep: 104.3 | LR: 6.96e-04 | ETA: 54.4min
[18700/50000] Loss: 2.4287e-02 | PDE: 3.0431e-03 | Holes: 1.3034e-05 | Ext: 7.9399e-04 | ms/ep: 104.3 | LR: 6.96e-04 | ETA: 54.4min
[18710/50000] Loss: 2.5530e-02 | PDE: 3.1754e-03 | Holes: 3.0114e-05 | Ext: 8.2930e-04 | ms/ep: 104.1 | LR: 6.96e-04 | ETA: 54.3min
[18720/50000] Loss: 2.4742e-02 | PDE: 3.0679e-03 | Holes: 2.6159e-05 | Ext: 6.7369e-04 | ms/ep: 104.1 | LR: 6.95e-04 | ETA: 54.3min
[18730/50000] Loss: 2.8387e-02 | PDE: 3.6111e-03 | Holes: 4.8262e-05 | Ext: 9.5558e-04 | ms/ep: 104.3 | LR: 6.95e-04 | ETA: 54.3min
[18740/50000] Loss: 2.3272e-02 | PDE: 2.7888e-03 | Holes: 9.8431e-06 | Ext: 7.4544e-04 | ms/ep: 104.4 | LR: 6.95e-04 | ETA: 54.4min
[18750/50000] Loss: 2.2918e-02 | PDE: 2.7378e-03 | Holes: 8.4451e-06 | Ext: 7.1454e-04 | ms/ep: 104.4 | LR: 6.94e-04 | ETA: 54.4min
[18760/50000] Loss: 4.2847e-02 | PDE: 5.5101e-03 | Holes: 2.3876e-04 | Ext: 1.1759e-03 | ms/ep: 104.1 | LR: 6.94e-04 | ETA: 54.2min
[18770/50000] Loss: 2.9156e-02 | PDE: 5.5051e-03 | Holes: 6.9129e-05 | Ext: 7.4043e-04 | ms/ep: 104.0 | LR: 6.94e-04 | ETA: 54.2min
[18780/50000] Loss: 2.9199e-02 | PDE: 3.2838e-03 | Holes: 8.7448e-05 | Ext: 8.8532e-04 | ms/ep: 105.0 | LR: 6.94e-04 | ETA: 54.7min
[18790/50000] Loss: 2.3118e-02 | PDE: 2.8389e-03 | Holes: 1.0474e-05 | Ext: 7.3132e-04 | ms/ep: 104.3 | LR: 6.93e-04 | ETA: 54.3min
[18800/50000] Loss: 2.6745e-02 | PDE: 3.8967e-03 | Holes: 4.9737e-05 | Ext: 6.1010e-04 | ms/ep: 104.3 | LR: 6.93e-04 | ETA: 54.2min
[18810/50000] Loss: 2.3778e-02 | PDE: 2.9465e-03 | Holes: 2.0352e-05 | Ext: 6.0974e-04 | ms/ep: 104.0 | LR: 6.93e-04 | ETA: 54.1min
[18820/50000] Loss: 3.1412e-02 | PDE: 3.5871e-03 | Holes: 1.2714e-04 | Ext: 9.1751e-04 | ms/ep: 104.0 | LR: 6.92e-04 | ETA: 54.1min
[18830/50000] Loss: 2.5759e-02 | PDE: 4.3422e-03 | Holes: 3.5309e-05 | Ext: 7.3218e-04 | ms/ep: 109.6 | LR: 6.92e-04 | ETA: 56.9min
[18840/50000] Loss: 2.6903e-02 | PDE: 4.5074e-03 | Holes: 5.1528e-05 | Ext: 7.7306e-04 | ms/ep: 104.3 | LR: 6.92e-04 | ETA: 54.1min
[18850/50000] Loss: 3.0073e-02 | PDE: 3.4776e-03 | Holes: 6.9835e-05 | Ext: 9.8159e-04 | ms/ep: 105.4 | LR: 6.92e-04 | ETA: 54.7min
[18860/50000] Loss: 2.6228e-02 | PDE: 3.2675e-03 | Holes: 4.7690e-05 | Ext: 7.9854e-04 | ms/ep: 105.7 | LR: 6.91e-04 | ETA: 54.9min
[18870/50000] Loss: 2.6485e-02 | PDE: 3.7724e-03 | Holes: 3.1708e-05 | Ext: 8.4355e-04 | ms/ep: 105.4 | LR: 6.91e-04 | ETA: 54.7min
[18880/50000] Loss: 2.3822e-02 | PDE: 3.5558e-03 | Holes: 1.1434e-05 | Ext: 6.8251e-04 | ms/ep: 105.0 | LR: 6.91e-04 | ETA: 54.5min
[18890/50000] Loss: 3.6833e-02 | PDE: 8.2531e-03 | Holes: 1.6464e-04 | Ext: 8.2188e-04 | ms/ep: 106.5 | LR: 6.90e-04 | ETA: 55.2min
[18900/50000] Loss: 2.6216e-02 | PDE: 5.3434e-03 | Holes: 2.1965e-05 | Ext: 7.1610e-04 | ms/ep: 106.1 | LR: 6.90e-04 | ETA: 55.0min
[18910/50000] Loss: 3.0000e-02 | PDE: 3.8691e-03 | Holes: 1.2275e-04 | Ext: 7.6917e-04 | ms/ep: 124.8 | LR: 6.90e-04 | ETA: 64.7min
[18920/50000] Loss: 3.1853e-02 | PDE: 7.3442e-03 | Holes: 6.1604e-05 | Ext: 8.8472e-04 | ms/ep: 119.6 | LR: 6.90e-04 | ETA: 62.0min
[18930/50000] Loss: 4.3457e-01 | PDE: 8.3021e-02 | Holes: 3.0783e-03 | Ext: 9.7005e-03 | ms/ep: 106.1 | LR: 6.89e-04 | ETA: 54.9min
[18940/50000] Loss: 2.2280e-01 | PDE: 6.5027e-02 | Holes: 1.3373e-03 | Ext: 4.0685e-03 | ms/ep: 106.5 | LR: 6.89e-04 | ETA: 55.1min
[18950/50000] Loss: 9.7880e-02 | PDE: 3.6432e-02 | Holes: 2.5928e-04 | Ext: 1.7728e-03 | ms/ep: 106.8 | LR: 6.89e-04 | ETA: 55.3min
[18960/50000] Loss: 5.3388e-02 | PDE: 1.8226e-02 | Holes: 1.1074e-04 | Ext: 1.0447e-03 | ms/ep: 106.8 | LR: 6.88e-04 | ETA: 55.2min
[18970/50000] Loss: 3.3036e-02 | PDE: 8.7617e-03 | Holes: 2.4961e-05 | Ext: 7.6004e-04 | ms/ep: 106.6 | LR: 6.88e-04 | ETA: 55.1min
[18980/50000] Loss: 2.7873e-02 | PDE: 5.5215e-03 | Holes: 2.0245e-05 | Ext: 7.7364e-04 | ms/ep: 106.3 | LR: 6.88e-04 | ETA: 55.0min
[18990/50000] Loss: 2.4846e-02 | PDE: 3.7060e-03 | Holes: 1.3294e-05 | Ext: 7.1199e-04 | ms/ep: 106.6 | LR: 6.88e-04 | ETA: 55.1min
[19000/50000] Loss: 2.3914e-02 | PDE: 3.2334e-03 | Holes: 1.2863e-05 | Ext: 7.3246e-04 | ms/ep: 106.3 | LR: 6.87e-04 | ETA: 54.9min
[19010/50000] Loss: 2.4256e-02 | PDE: 3.0828e-03 | Holes: 2.1395e-05 | Ext: 7.7403e-04 | ms/ep: 106.3 | LR: 6.87e-04 | ETA: 54.9min
[19020/50000] Loss: 2.3496e-02 | PDE: 2.9030e-03 | Holes: 1.7001e-05 | Ext: 6.1956e-04 | ms/ep: 107.0 | LR: 6.87e-04 | ETA: 55.2min
[19030/50000] Loss: 2.3696e-02 | PDE: 2.9159e-03 | Holes: 1.7615e-05 | Ext: 7.7584e-04 | ms/ep: 106.8 | LR: 6.86e-04 | ETA: 55.1min
[19040/50000] Loss: 2.2521e-02 | PDE: 2.6679e-03 | Holes: 1.1601e-05 | Ext: 6.0977e-04 | ms/ep: 107.7 | LR: 6.86e-04 | ETA: 55.6min
[19050/50000] Loss: 2.2362e-02 | PDE: 2.6447e-03 | Holes: 1.2149e-05 | Ext: 6.1356e-04 | ms/ep: 111.9 | LR: 6.86e-04 | ETA: 57.7min
[19060/50000] Loss: 2.1914e-02 | PDE: 2.4992e-03 | Holes: 8.9758e-06 | Ext: 6.8108e-04 | ms/ep: 112.7 | LR: 6.85e-04 | ETA: 58.1min
[19070/50000] Loss: 2.4785e-02 | PDE: 3.1078e-03 | Holes: 3.7949e-05 | Ext: 7.8914e-04 | ms/ep: 110.0 | LR: 6.85e-04 | ETA: 56.7min
[19080/50000] Loss: 2.2766e-02 | PDE: 2.7630e-03 | Holes: 2.1072e-05 | Ext: 5.9312e-04 | ms/ep: 114.4 | LR: 6.85e-04 | ETA: 58.9min
[19090/50000] Loss: 2.1574e-02 | PDE: 2.4332e-03 | Holes: 8.3583e-06 | Ext: 6.7128e-04 | ms/ep: 106.5 | LR: 6.85e-04 | ETA: 54.9min
[19100/50000] Loss: 2.2573e-02 | PDE: 2.6655e-03 | Holes: 1.9880e-05 | Ext: 7.0860e-04 | ms/ep: 112.1 | LR: 6.84e-04 | ETA: 57.7min
[19110/50000] Loss: 2.1589e-02 | PDE: 2.4279e-03 | Holes: 1.0249e-05 | Ext: 6.7755e-04 | ms/ep: 113.8 | LR: 6.84e-04 | ETA: 58.6min
[19120/50000] Loss: 2.2450e-02 | PDE: 2.6146e-03 | Holes: 2.0301e-05 | Ext: 7.0775e-04 | ms/ep: 104.8 | LR: 6.84e-04 | ETA: 53.9min
[19130/50000] Loss: 2.4943e-02 | PDE: 3.1222e-03 | Holes: 4.3596e-05 | Ext: 7.9815e-04 | ms/ep: 104.2 | LR: 6.83e-04 | ETA: 53.6min
[19140/50000] Loss: 2.2322e-02 | PDE: 2.5582e-03 | Holes: 1.2771e-05 | Ext: 5.2884e-04 | ms/ep: 104.4 | LR: 6.83e-04 | ETA: 53.7min
[19150/50000] Loss: 2.5044e-02 | PDE: 3.3135e-03 | Holes: 5.2394e-05 | Ext: 5.7061e-04 | ms/ep: 113.2 | LR: 6.83e-04 | ETA: 58.2min
[19160/50000] Loss: 2.2340e-02 | PDE: 2.4868e-03 | Holes: 1.4317e-05 | Ext: 7.4763e-04 | ms/ep: 104.2 | LR: 6.83e-04 | ETA: 53.6min
[19170/50000] Loss: 2.6737e-02 | PDE: 5.0762e-03 | Holes: 5.0315e-05 | Ext: 5.9884e-04 | ms/ep: 105.6 | LR: 6.82e-04 | ETA: 54.3min
[19180/50000] Loss: 2.3289e-02 | PDE: 3.6536e-03 | Holes: 1.1478e-05 | Ext: 5.4224e-04 | ms/ep: 106.6 | LR: 6.82e-04 | ETA: 54.8min
[19190/50000] Loss: 2.5208e-02 | PDE: 4.7632e-03 | Holes: 3.1350e-05 | Ext: 6.4204e-04 | ms/ep: 104.3 | LR: 6.82e-04 | ETA: 53.5min
[19200/50000] Loss: 2.7783e-02 | PDE: 6.7170e-03 | Holes: 2.2609e-05 | Ext: 5.7132e-04 | ms/ep: 108.3 | LR: 6.81e-04 | ETA: 55.6min
[19210/50000] Loss: 2.5504e-02 | PDE: 4.5684e-03 | Holes: 2.7468e-05 | Ext: 6.1023e-04 | ms/ep: 104.3 | LR: 6.81e-04 | ETA: 53.5min
[19220/50000] Loss: 2.2535e-02 | PDE: 2.8449e-03 | Holes: 2.1575e-05 | Ext: 6.7205e-04 | ms/ep: 104.1 | LR: 6.81e-04 | ETA: 53.4min
[19230/50000] Loss: 3.0699e-02 | PDE: 4.7417e-03 | Holes: 1.2853e-04 | Ext: 7.5683e-04 | ms/ep: 104.1 | LR: 6.81e-04 | ETA: 53.4min
[19240/50000] Loss: 2.7086e-02 | PDE: 3.8219e-03 | Holes: 3.1038e-05 | Ext: 8.5999e-04 | ms/ep: 104.8 | LR: 6.80e-04 | ETA: 53.7min
[19250/50000] Loss: 2.5868e-02 | PDE: 3.8825e-03 | Holes: 5.5292e-05 | Ext: 7.4610e-04 | ms/ep: 104.3 | LR: 6.80e-04 | ETA: 53.5min
[19260/50000] Loss: 3.8211e-02 | PDE: 5.5588e-03 | Holes: 1.9555e-04 | Ext: 1.0203e-03 | ms/ep: 104.7 | LR: 6.80e-04 | ETA: 53.6min
[19270/50000] Loss: 5.3848e-02 | PDE: 1.0715e-02 | Holes: 2.4150e-04 | Ext: 1.3253e-03 | ms/ep: 104.2 | LR: 6.79e-04 | ETA: 53.3min
[19280/50000] Loss: 3.6784e-02 | PDE: 9.3411e-03 | Holes: 1.0938e-04 | Ext: 7.4457e-04 | ms/ep: 104.1 | LR: 6.79e-04 | ETA: 53.3min
[19290/50000] Loss: 4.9925e-02 | PDE: 2.1568e-02 | Holes: 7.0212e-05 | Ext: 5.9429e-04 | ms/ep: 104.2 | LR: 6.79e-04 | ETA: 53.3min
[19300/50000] Loss: 4.9205e-02 | PDE: 1.2281e-02 | Holes: 1.5762e-04 | Ext: 1.3481e-03 | ms/ep: 104.4 | LR: 6.79e-04 | ETA: 53.4min
[19310/50000] Loss: 3.4564e-02 | PDE: 9.0813e-03 | Holes: 1.0104e-04 | Ext: 7.7036e-04 | ms/ep: 104.2 | LR: 6.78e-04 | ETA: 53.3min
[19320/50000] Loss: 2.6013e-02 | PDE: 4.7698e-03 | Holes: 4.5394e-05 | Ext: 6.3809e-04 | ms/ep: 104.1 | LR: 6.78e-04 | ETA: 53.2min
[19330/50000] Loss: 2.2642e-02 | PDE: 3.0058e-03 | Holes: 1.4632e-05 | Ext: 5.3293e-04 | ms/ep: 104.2 | LR: 6.78e-04 | ETA: 53.2min
[19340/50000] Loss: 2.2262e-02 | PDE: 2.7673e-03 | Holes: 2.4093e-05 | Ext: 6.2045e-04 | ms/ep: 104.8 | LR: 6.77e-04 | ETA: 53.6min
[19350/50000] Loss: 2.0868e-02 | PDE: 2.3007e-03 | Holes: 8.2676e-06 | Ext: 5.8865e-04 | ms/ep: 106.4 | LR: 6.77e-04 | ETA: 54.3min
[19360/50000] Loss: 2.2061e-02 | PDE: 2.4658e-03 | Holes: 2.2829e-05 | Ext: 5.5664e-04 | ms/ep: 105.6 | LR: 6.77e-04 | ETA: 53.9min
[19370/50000] Loss: 2.1581e-02 | PDE: 2.4134e-03 | Holes: 2.0356e-05 | Ext: 5.8261e-04 | ms/ep: 104.9 | LR: 6.76e-04 | ETA: 53.5min
[19380/50000] Loss: 2.2294e-02 | PDE: 2.4644e-03 | Holes: 3.0955e-05 | Ext: 5.7004e-04 | ms/ep: 104.2 | LR: 6.76e-04 | ETA: 53.2min
[19390/50000] Loss: 2.3811e-02 | PDE: 2.8881e-03 | Holes: 4.9188e-05 | Ext: 5.7629e-04 | ms/ep: 104.4 | LR: 6.76e-04 | ETA: 53.3min
[19400/50000] Loss: 2.1103e-02 | PDE: 2.4201e-03 | Holes: 9.4539e-06 | Ext: 6.7826e-04 | ms/ep: 104.2 | LR: 6.76e-04 | ETA: 53.1min
[19410/50000] Loss: 2.4410e-02 | PDE: 3.0957e-03 | Holes: 5.4025e-05 | Ext: 7.2655e-04 | ms/ep: 104.2 | LR: 6.75e-04 | ETA: 53.1min
[19420/50000] Loss: 2.0684e-02 | PDE: 2.2460e-03 | Holes: 1.0232e-05 | Ext: 6.2833e-04 | ms/ep: 104.1 | LR: 6.75e-04 | ETA: 53.1min
[19430/50000] Loss: 2.3167e-02 | PDE: 2.7053e-03 | Holes: 4.5126e-05 | Ext: 6.1607e-04 | ms/ep: 104.7 | LR: 6.75e-04 | ETA: 53.4min
[19440/50000] Loss: 2.3198e-02 | PDE: 3.4658e-03 | Holes: 2.5971e-05 | Ext: 5.8205e-04 | ms/ep: 104.4 | LR: 6.74e-04 | ETA: 53.2min
[19450/50000] Loss: 3.3420e-02 | PDE: 6.1756e-03 | Holes: 1.5120e-04 | Ext: 8.3098e-04 | ms/ep: 104.2 | LR: 6.74e-04 | ETA: 53.0min
[19460/50000] Loss: 3.7726e-02 | PDE: 4.9241e-03 | Holes: 1.6074e-04 | Ext: 5.7308e-04 | ms/ep: 104.2 | LR: 6.74e-04 | ETA: 53.0min
[19470/50000] Loss: 5.7466e-02 | PDE: 1.8188e-02 | Holes: 2.4005e-04 | Ext: 6.6758e-04 | ms/ep: 104.1 | LR: 6.74e-04 | ETA: 53.0min
[19480/50000] Loss: 4.9269e-02 | PDE: 1.6225e-02 | Holes: 1.0163e-04 | Ext: 5.3653e-04 | ms/ep: 104.1 | LR: 6.73e-04 | ETA: 53.0min
[19490/50000] Loss: 4.3618e-02 | PDE: 1.1119e-02 | Holes: 6.7978e-05 | Ext: 1.2134e-03 | ms/ep: 104.4 | LR: 6.73e-04 | ETA: 53.1min
[19500/50000] Loss: 3.2208e-02 | PDE: 8.1046e-03 | Holes: 5.1038e-05 | Ext: 5.7325e-04 | ms/ep: 104.2 | LR: 6.73e-04 | ETA: 53.0min
[19510/50000] Loss: 2.3521e-02 | PDE: 3.9599e-03 | Holes: 1.6391e-05 | Ext: 6.5062e-04 | ms/ep: 104.2 | LR: 6.72e-04 | ETA: 53.0min
[19520/50000] Loss: 2.1690e-02 | PDE: 2.8449e-03 | Holes: 9.0799e-06 | Ext: 6.6228e-04 | ms/ep: 104.1 | LR: 6.72e-04 | ETA: 52.9min
[19530/50000] Loss: 2.0939e-02 | PDE: 2.4277e-03 | Holes: 9.6209e-06 | Ext: 6.3903e-04 | ms/ep: 104.1 | LR: 6.72e-04 | ETA: 52.8min
[19540/50000] Loss: 2.0517e-02 | PDE: 2.2161e-03 | Holes: 7.6950e-06 | Ext: 5.8467e-04 | ms/ep: 104.4 | LR: 6.72e-04 | ETA: 53.0min
[19550/50000] Loss: 2.1486e-02 | PDE: 2.3510e-03 | Holes: 2.1420e-05 | Ext: 5.6814e-04 | ms/ep: 104.3 | LR: 6.71e-04 | ETA: 52.9min
[19560/50000] Loss: 2.1054e-02 | PDE: 2.3649e-03 | Holes: 1.3936e-05 | Ext: 6.6636e-04 | ms/ep: 104.5 | LR: 6.71e-04 | ETA: 53.0min
[19570/50000] Loss: 2.6219e-02 | PDE: 3.6366e-03 | Holes: 7.0563e-05 | Ext: 7.8495e-04 | ms/ep: 104.8 | LR: 6.71e-04 | ETA: 53.1min
[19580/50000] Loss: 2.1562e-02 | PDE: 2.6432e-03 | Holes: 1.0584e-05 | Ext: 5.2483e-04 | ms/ep: 104.7 | LR: 6.70e-04 | ETA: 53.1min
[19590/50000] Loss: 2.4560e-02 | PDE: 2.9476e-03 | Holes: 4.6724e-05 | Ext: 7.9520e-04 | ms/ep: 105.4 | LR: 6.70e-04 | ETA: 53.4min
[19600/50000] Loss: 3.0178e-02 | PDE: 3.2565e-03 | Holes: 9.9471e-05 | Ext: 9.7892e-04 | ms/ep: 104.8 | LR: 6.70e-04 | ETA: 53.1min
[19610/50000] Loss: 2.1878e-02 | PDE: 2.3598e-03 | Holes: 1.6681e-05 | Ext: 4.9131e-04 | ms/ep: 105.4 | LR: 6.69e-04 | ETA: 53.4min
[19620/50000] Loss: 2.7975e-02 | PDE: 6.0706e-03 | Holes: 6.8750e-05 | Ext: 7.3362e-04 | ms/ep: 106.4 | LR: 6.69e-04 | ETA: 53.9min
[19630/50000] Loss: 2.4087e-02 | PDE: 4.2079e-03 | Holes: 2.4262e-05 | Ext: 7.4951e-04 | ms/ep: 105.6 | LR: 6.69e-04 | ETA: 53.4min
[19640/50000] Loss: 3.0734e-02 | PDE: 6.7723e-03 | Holes: 1.0831e-04 | Ext: 7.3831e-04 | ms/ep: 105.4 | LR: 6.69e-04 | ETA: 53.3min
[19650/50000] Loss: 2.2842e-02 | PDE: 3.5657e-03 | Holes: 2.5628e-05 | Ext: 6.0087e-04 | ms/ep: 105.2 | LR: 6.68e-04 | ETA: 53.2min
[19660/50000] Loss: 2.9874e-02 | PDE: 7.3753e-03 | Holes: 7.5421e-05 | Ext: 7.0282e-04 | ms/ep: 106.0 | LR: 6.68e-04 | ETA: 53.6min
[19670/50000] Loss: 2.1349e-02 | PDE: 2.7583e-03 | Holes: 1.1382e-05 | Ext: 5.9158e-04 | ms/ep: 105.7 | LR: 6.68e-04 | ETA: 53.5min
[19680/50000] Loss: 3.2311e-02 | PDE: 4.0503e-03 | Holes: 1.4842e-04 | Ext: 9.5252e-04 | ms/ep: 104.4 | LR: 6.67e-04 | ETA: 52.8min
[19690/50000] Loss: 2.4979e-02 | PDE: 2.7461e-03 | Holes: 5.0887e-05 | Ext: 4.9462e-04 | ms/ep: 104.4 | LR: 6.67e-04 | ETA: 52.7min
[19700/50000] Loss: 2.3784e-02 | PDE: 3.0941e-03 | Holes: 3.6732e-05 | Ext: 5.0525e-04 | ms/ep: 104.5 | LR: 6.67e-04 | ETA: 52.8min
[19710/50000] Loss: 3.4011e-02 | PDE: 5.3584e-03 | Holes: 3.1069e-05 | Ext: 3.1716e-04 | ms/ep: 104.3 | LR: 6.67e-04 | ETA: 52.6min
[19720/50000] Loss: 2.5800e-02 | PDE: 4.4974e-03 | Holes: 4.0030e-05 | Ext: 7.7163e-04 | ms/ep: 104.3 | LR: 6.66e-04 | ETA: 52.6min
[19730/50000] Loss: 1.3619e-01 | PDE: 1.2804e-02 | Holes: 1.6201e-03 | Ext: 2.3631e-03 | ms/ep: 105.7 | LR: 6.66e-04 | ETA: 53.3min
[19740/50000] Loss: 9.6184e-02 | PDE: 2.0021e-02 | Holes: 7.5992e-04 | Ext: 1.7751e-03 | ms/ep: 109.2 | LR: 6.66e-04 | ETA: 55.0min
[19750/50000] Loss: 4.3470e-02 | PDE: 1.2267e-02 | Holes: 1.5422e-04 | Ext: 7.6204e-04 | ms/ep: 122.9 | LR: 6.65e-04 | ETA: 62.0min
[19760/50000] Loss: 2.7594e-02 | PDE: 6.6413e-03 | Holes: 3.0314e-05 | Ext: 6.7825e-04 | ms/ep: 106.9 | LR: 6.65e-04 | ETA: 53.9min
[19770/50000] Loss: 2.3843e-02 | PDE: 4.5110e-03 | Holes: 1.5859e-05 | Ext: 5.7189e-04 | ms/ep: 106.2 | LR: 6.65e-04 | ETA: 53.5min
[19780/50000] Loss: 2.1294e-02 | PDE: 2.7211e-03 | Holes: 1.0001e-05 | Ext: 6.3285e-04 | ms/ep: 106.5 | LR: 6.64e-04 | ETA: 53.7min
[19790/50000] Loss: 2.1741e-02 | PDE: 2.5227e-03 | Holes: 1.4385e-05 | Ext: 7.2180e-04 | ms/ep: 106.4 | LR: 6.64e-04 | ETA: 53.6min
[19800/50000] Loss: 2.0763e-02 | PDE: 2.2930e-03 | Holes: 1.2958e-05 | Ext: 6.4121e-04 | ms/ep: 106.3 | LR: 6.64e-04 | ETA: 53.5min
[19810/50000] Loss: 2.0777e-02 | PDE: 2.2433e-03 | Holes: 1.4524e-05 | Ext: 6.5235e-04 | ms/ep: 106.2 | LR: 6.64e-04 | ETA: 53.5min
[19820/50000] Loss: 2.1823e-02 | PDE: 2.4422e-03 | Holes: 3.0396e-05 | Ext: 6.6051e-04 | ms/ep: 106.4 | LR: 6.63e-04 | ETA: 53.5min
[19830/50000] Loss: 2.1493e-02 | PDE: 2.3401e-03 | Holes: 2.5032e-05 | Ext: 5.3110e-04 | ms/ep: 106.9 | LR: 6.63e-04 | ETA: 53.7min
[19840/50000] Loss: 2.1909e-02 | PDE: 2.4241e-03 | Holes: 3.7775e-05 | Ext: 6.2071e-04 | ms/ep: 106.4 | LR: 6.63e-04 | ETA: 53.5min
[19850/50000] Loss: 2.2120e-02 | PDE: 2.3808e-03 | Holes: 3.6299e-05 | Ext: 5.3614e-04 | ms/ep: 106.4 | LR: 6.62e-04 | ETA: 53.5min
[19860/50000] Loss: 2.6245e-02 | PDE: 3.1183e-03 | Holes: 9.4463e-05 | Ext: 5.8196e-04 | ms/ep: 106.4 | LR: 6.62e-04 | ETA: 53.4min
[19870/50000] Loss: 2.2130e-02 | PDE: 2.4965e-03 | Holes: 3.2087e-05 | Ext: 7.0080e-04 | ms/ep: 106.4 | LR: 6.62e-04 | ETA: 53.5min
[19880/50000] Loss: 2.2486e-02 | PDE: 3.0376e-03 | Holes: 3.2931e-05 | Ext: 5.7519e-04 | ms/ep: 106.1 | LR: 6.62e-04 | ETA: 53.3min
[19890/50000] Loss: 2.2899e-02 | PDE: 3.1134e-03 | Holes: 1.9642e-05 | Ext: 4.7001e-04 | ms/ep: 106.2 | LR: 6.61e-04 | ETA: 53.3min
[19900/50000] Loss: 3.0436e-02 | PDE: 5.9026e-03 | Holes: 8.6572e-05 | Ext: 8.4476e-04 | ms/ep: 106.3 | LR: 6.61e-04 | ETA: 53.3min
[19910/50000] Loss: 8.5963e-02 | PDE: 1.7698e-02 | Holes: 7.3342e-04 | Ext: 1.6569e-03 | ms/ep: 106.1 | LR: 6.61e-04 | ETA: 53.2min
[19920/50000] Loss: 8.8980e-02 | PDE: 2.4367e-02 | Holes: 2.6598e-04 | Ext: 2.1806e-03 | ms/ep: 106.4 | LR: 6.60e-04 | ETA: 53.3min
[19930/50000] Loss: 4.5111e-02 | PDE: 1.1147e-02 | Holes: 2.0748e-04 | Ext: 6.2234e-04 | ms/ep: 106.2 | LR: 6.60e-04 | ETA: 53.2min
[19940/50000] Loss: 3.8736e-02 | PDE: 6.9914e-03 | Holes: 1.8241e-04 | Ext: 1.0481e-03 | ms/ep: 106.4 | LR: 6.60e-04 | ETA: 53.3min
[19950/50000] Loss: 2.3883e-02 | PDE: 3.9143e-03 | Holes: 1.5344e-05 | Ext: 7.4585e-04 | ms/ep: 106.6 | LR: 6.59e-04 | ETA: 53.4min
[19960/50000] Loss: 2.1806e-02 | PDE: 2.6698e-03 | Holes: 2.0065e-05 | Ext: 5.8223e-04 | ms/ep: 106.0 | LR: 6.59e-04 | ETA: 53.1min
[19970/50000] Loss: 2.0757e-02 | PDE: 2.3305e-03 | Holes: 1.0802e-05 | Ext: 5.6849e-04 | ms/ep: 106.9 | LR: 6.59e-04 | ETA: 53.5min
[19980/50000] Loss: 2.0148e-02 | PDE: 2.1180e-03 | Holes: 8.2387e-06 | Ext: 5.7676e-04 | ms/ep: 106.3 | LR: 6.59e-04 | ETA: 53.2min
[19990/50000] Loss: 1.9984e-02 | PDE: 2.0800e-03 | Holes: 8.1217e-06 | Ext: 5.7809e-04 | ms/ep: 106.2 | LR: 6.58e-04 | ETA: 53.1min
[20000/50000] Loss: 2.1125e-02 | PDE: 2.3872e-03 | Holes: 2.1431e-05 | Ext: 5.3888e-04 | ms/ep: 106.5 | LR: 6.58e-04 | ETA: 53.2min
[20010/50000] Loss: 2.0316e-02 | PDE: 2.1931e-03 | Holes: 1.3688e-05 | Ext: 5.6028e-04 | ms/ep: 106.6 | LR: 6.58e-04 | ETA: 53.3min
[20020/50000] Loss: 2.0918e-02 | PDE: 2.2692e-03 | Holes: 2.1573e-05 | Ext: 5.3624e-04 | ms/ep: 106.4 | LR: 6.57e-04 | ETA: 53.2min
[20030/50000] Loss: 2.2816e-02 | PDE: 2.9536e-03 | Holes: 4.5756e-05 | Ext: 5.8561e-04 | ms/ep: 107.6 | LR: 6.57e-04 | ETA: 53.8min
[20040/50000] Loss: 2.0290e-02 | PDE: 2.2829e-03 | Holes: 1.3451e-05 | Ext: 5.7844e-04 | ms/ep: 107.0 | LR: 6.57e-04 | ETA: 53.4min
[20050/50000] Loss: 2.4555e-02 | PDE: 3.5982e-03 | Holes: 6.2133e-05 | Ext: 6.5364e-04 | ms/ep: 106.5 | LR: 6.56e-04 | ETA: 53.2min
[20060/50000] Loss: 2.1699e-02 | PDE: 2.8704e-03 | Holes: 2.9777e-05 | Ext: 6.0167e-04 | ms/ep: 106.3 | LR: 6.56e-04 | ETA: 53.0min
[20070/50000] Loss: 2.4936e-02 | PDE: 4.7206e-03 | Holes: 3.8928e-05 | Ext: 7.3060e-04 | ms/ep: 106.3 | LR: 6.56e-04 | ETA: 53.0min
[20080/50000] Loss: 2.2500e-02 | PDE: 2.8971e-03 | Holes: 1.3637e-05 | Ext: 7.6986e-04 | ms/ep: 106.1 | LR: 6.56e-04 | ETA: 52.9min
[20090/50000] Loss: 2.6349e-02 | PDE: 2.9123e-03 | Holes: 9.4317e-05 | Ext: 7.6735e-04 | ms/ep: 107.6 | LR: 6.55e-04 | ETA: 53.6min
[20100/50000] Loss: 2.2651e-02 | PDE: 2.6741e-03 | Holes: 4.6031e-05 | Ext: 5.4795e-04 | ms/ep: 106.0 | LR: 6.55e-04 | ETA: 52.8min
[20110/50000] Loss: 2.4965e-02 | PDE: 3.9322e-03 | Holes: 2.8584e-05 | Ext: 4.4205e-04 | ms/ep: 107.9 | LR: 6.55e-04 | ETA: 53.8min
[20120/50000] Loss: 2.3754e-02 | PDE: 2.6241e-03 | Holes: 6.0997e-05 | Ext: 5.3841e-04 | ms/ep: 130.2 | LR: 6.54e-04 | ETA: 64.8min
[20130/50000] Loss: 2.4682e-02 | PDE: 3.0991e-03 | Holes: 6.8561e-05 | Ext: 6.8963e-04 | ms/ep: 129.5 | LR: 6.54e-04 | ETA: 64.4min
[20140/50000] Loss: 2.3198e-02 | PDE: 2.9265e-03 | Holes: 1.9032e-05 | Ext: 7.9167e-04 | ms/ep: 127.7 | LR: 6.54e-04 | ETA: 63.5min
[20150/50000] Loss: 2.9356e-02 | PDE: 6.5725e-03 | Holes: 8.5356e-05 | Ext: 7.2761e-04 | ms/ep: 106.1 | LR: 6.54e-04 | ETA: 52.8min
[20160/50000] Loss: 2.2473e-02 | PDE: 3.6312e-03 | Holes: 1.4829e-05 | Ext: 6.6760e-04 | ms/ep: 119.4 | LR: 6.53e-04 | ETA: 59.4min
[20170/50000] Loss: 3.3014e-02 | PDE: 4.2959e-03 | Holes: 1.4054e-04 | Ext: 8.5562e-04 | ms/ep: 104.8 | LR: 6.53e-04 | ETA: 52.1min
[20180/50000] Loss: 8.9083e-02 | PDE: 1.9196e-02 | Holes: 5.2077e-04 | Ext: 2.2596e-03 | ms/ep: 113.9 | LR: 6.53e-04 | ETA: 56.6min
[20190/50000] Loss: 1.5906e-01 | PDE: 5.5751e-02 | Holes: 5.6800e-04 | Ext: 2.6114e-03 | ms/ep: 113.4 | LR: 6.52e-04 | ETA: 56.3min
[20200/50000] Loss: 1.3445e-01 | PDE: 4.0252e-02 | Holes: 2.9661e-04 | Ext: 3.6064e-03 | ms/ep: 125.6 | LR: 6.52e-04 | ETA: 62.4min
[20210/50000] Loss: 6.9456e-02 | PDE: 2.0218e-02 | Holes: 1.4804e-04 | Ext: 1.6941e-03 | ms/ep: 119.0 | LR: 6.52e-04 | ETA: 59.1min
[20220/50000] Loss: 4.1600e-02 | PDE: 1.1932e-02 | Holes: 5.9871e-05 | Ext: 9.1947e-04 | ms/ep: 122.4 | LR: 6.51e-04 | ETA: 60.8min
[20230/50000] Loss: 3.0491e-02 | PDE: 6.7549e-03 | Holes: 2.3635e-05 | Ext: 8.4356e-04 | ms/ep: 127.3 | LR: 6.51e-04 | ETA: 63.2min
[20240/50000] Loss: 2.5860e-02 | PDE: 4.2482e-03 | Holes: 1.3977e-05 | Ext: 7.2898e-04 | ms/ep: 113.8 | LR: 6.51e-04 | ETA: 56.5min
[20250/50000] Loss: 2.3724e-02 | PDE: 3.2982e-03 | Holes: 1.0300e-05 | Ext: 6.9395e-04 | ms/ep: 124.9 | LR: 6.51e-04 | ETA: 61.9min
[20260/50000] Loss: 2.2546e-02 | PDE: 2.9639e-03 | Holes: 7.6385e-06 | Ext: 6.5015e-04 | ms/ep: 120.9 | LR: 6.50e-04 | ETA: 59.9min
[20270/50000] Loss: 2.1762e-02 | PDE: 2.6639e-03 | Holes: 6.9164e-06 | Ext: 6.3604e-04 | ms/ep: 107.6 | LR: 6.50e-04 | ETA: 53.3min
[20280/50000] Loss: 2.1172e-02 | PDE: 2.4970e-03 | Holes: 6.9405e-06 | Ext: 6.1323e-04 | ms/ep: 104.2 | LR: 6.50e-04 | ETA: 51.6min
[20290/50000] Loss: 2.0998e-02 | PDE: 2.4730e-03 | Holes: 9.4149e-06 | Ext: 5.6920e-04 | ms/ep: 113.1 | LR: 6.49e-04 | ETA: 56.0min
[20300/50000] Loss: 2.3481e-02 | PDE: 3.3553e-03 | Holes: 3.9708e-05 | Ext: 5.9020e-04 | ms/ep: 112.7 | LR: 6.49e-04 | ETA: 55.8min
[20310/50000] Loss: 2.2021e-02 | PDE: 2.5261e-03 | Holes: 3.1255e-05 | Ext: 5.8768e-04 | ms/ep: 118.7 | LR: 6.49e-04 | ETA: 58.7min
[20320/50000] Loss: 2.1838e-02 | PDE: 2.4451e-03 | Holes: 2.7792e-05 | Ext: 5.5021e-04 | ms/ep: 114.9 | LR: 6.48e-04 | ETA: 56.8min
[20330/50000] Loss: 2.0935e-02 | PDE: 2.4186e-03 | Holes: 1.2983e-05 | Ext: 6.7550e-04 | ms/ep: 125.0 | LR: 6.48e-04 | ETA: 61.8min
[20340/50000] Loss: 2.3201e-02 | PDE: 3.0388e-03 | Holes: 4.8968e-05 | Ext: 6.2737e-04 | ms/ep: 125.6 | LR: 6.48e-04 | ETA: 62.1min
[20350/50000] Loss: 2.0533e-02 | PDE: 2.3170e-03 | Holes: 1.4177e-05 | Ext: 6.3961e-04 | ms/ep: 130.8 | LR: 6.48e-04 | ETA: 64.6min
[20360/50000] Loss: 2.0062e-02 | PDE: 2.1709e-03 | Holes: 8.5299e-06 | Ext: 6.4199e-04 | ms/ep: 127.7 | LR: 6.47e-04 | ETA: 63.1min
[20370/50000] Loss: 3.1450e-02 | PDE: 5.1960e-03 | Holes: 1.3869e-04 | Ext: 8.3440e-04 | ms/ep: 124.2 | LR: 6.47e-04 | ETA: 61.4min
[20380/50000] Loss: 2.8320e-02 | PDE: 4.2722e-03 | Holes: 1.2430e-04 | Ext: 6.8745e-04 | ms/ep: 112.1 | LR: 6.47e-04 | ETA: 55.4min
[20390/50000] Loss: 2.5277e-02 | PDE: 2.8231e-03 | Holes: 8.4760e-05 | Ext: 6.5446e-04 | ms/ep: 104.2 | LR: 6.46e-04 | ETA: 51.4min
[20400/50000] Loss: 2.1323e-02 | PDE: 2.5526e-03 | Holes: 2.0828e-05 | Ext: 4.7475e-04 | ms/ep: 108.1 | LR: 6.46e-04 | ETA: 53.3min
[20410/50000] Loss: 2.1598e-02 | PDE: 3.1983e-03 | Holes: 1.8664e-05 | Ext: 6.6190e-04 | ms/ep: 129.3 | LR: 6.46e-04 | ETA: 63.8min
[20420/50000] Loss: 2.5713e-02 | PDE: 3.4418e-03 | Holes: 8.8529e-05 | Ext: 6.9063e-04 | ms/ep: 119.9 | LR: 6.45e-04 | ETA: 59.1min
[20430/50000] Loss: 2.0025e-02 | PDE: 2.3503e-03 | Holes: 1.0030e-05 | Ext: 5.3111e-04 | ms/ep: 121.6 | LR: 6.45e-04 | ETA: 59.9min
[20440/50000] Loss: 2.6272e-02 | PDE: 3.9993e-03 | Holes: 9.6639e-05 | Ext: 6.2081e-04 | ms/ep: 108.0 | LR: 6.45e-04 | ETA: 53.2min
[20450/50000] Loss: 2.0098e-02 | PDE: 2.2384e-03 | Holes: 9.6837e-06 | Ext: 5.0412e-04 | ms/ep: 114.2 | LR: 6.45e-04 | ETA: 56.2min
[20460/50000] Loss: 2.4481e-02 | PDE: 3.2408e-03 | Holes: 6.5977e-05 | Ext: 7.0329e-04 | ms/ep: 114.4 | LR: 6.44e-04 | ETA: 56.3min
[20470/50000] Loss: 2.6473e-02 | PDE: 5.7531e-03 | Holes: 2.0985e-05 | Ext: 4.3840e-04 | ms/ep: 129.0 | LR: 6.44e-04 | ETA: 63.5min
[20480/50000] Loss: 2.3739e-02 | PDE: 3.5905e-03 | Holes: 3.5633e-05 | Ext: 6.2986e-04 | ms/ep: 129.8 | LR: 6.44e-04 | ETA: 63.9min
[20490/50000] Loss: 2.8929e-02 | PDE: 4.7666e-03 | Holes: 3.2685e-05 | Ext: 9.9638e-04 | ms/ep: 119.9 | LR: 6.43e-04 | ETA: 59.0min
[20500/50000] Loss: 2.6246e-02 | PDE: 4.0821e-03 | Holes: 5.2614e-05 | Ext: 7.4829e-04 | ms/ep: 119.0 | LR: 6.43e-04 | ETA: 58.5min
[20510/50000] Loss: 2.9466e-02 | PDE: 4.7681e-03 | Holes: 8.9602e-05 | Ext: 5.8949e-04 | ms/ep: 129.7 | LR: 6.43e-04 | ETA: 63.7min
[20520/50000] Loss: 2.6751e-02 | PDE: 6.3823e-03 | Holes: 4.5988e-05 | Ext: 6.1009e-04 | ms/ep: 126.1 | LR: 6.43e-04 | ETA: 61.9min
[20530/50000] Loss: 2.1891e-02 | PDE: 2.6142e-03 | Holes: 4.2898e-05 | Ext: 6.0163e-04 | ms/ep: 116.3 | LR: 6.42e-04 | ETA: 57.1min
[20540/50000] Loss: 2.1006e-02 | PDE: 2.9669e-03 | Holes: 1.2062e-05 | Ext: 5.2630e-04 | ms/ep: 128.4 | LR: 6.42e-04 | ETA: 63.0min
[20550/50000] Loss: 2.2316e-02 | PDE: 2.6905e-03 | Holes: 3.3852e-05 | Ext: 7.0969e-04 | ms/ep: 123.2 | LR: 6.42e-04 | ETA: 60.5min
[20560/50000] Loss: 2.1776e-02 | PDE: 2.7259e-03 | Holes: 1.2909e-05 | Ext: 7.3103e-04 | ms/ep: 112.0 | LR: 6.41e-04 | ETA: 55.0min
[20570/50000] Loss: 2.5551e-02 | PDE: 2.6188e-03 | Holes: 1.0625e-04 | Ext: 6.2392e-04 | ms/ep: 119.1 | LR: 6.41e-04 | ETA: 58.4min
[20580/50000] Loss: 1.9383e-02 | PDE: 2.1372e-03 | Holes: 9.1547e-06 | Ext: 5.5613e-04 | ms/ep: 117.0 | LR: 6.41e-04 | ETA: 57.4min
[20590/50000] Loss: 2.6440e-02 | PDE: 3.6583e-03 | Holes: 9.5073e-05 | Ext: 7.3802e-04 | ms/ep: 120.8 | LR: 6.40e-04 | ETA: 59.2min
[20600/50000] Loss: 2.1110e-02 | PDE: 2.3564e-03 | Holes: 3.4425e-05 | Ext: 5.9066e-04 | ms/ep: 104.5 | LR: 6.40e-04 | ETA: 51.2min
[20610/50000] Loss: 2.4416e-02 | PDE: 2.7985e-03 | Holes: 8.2218e-05 | Ext: 5.4464e-04 | ms/ep: 104.5 | LR: 6.40e-04 | ETA: 51.2min
[20620/50000] Loss: 2.1699e-02 | PDE: 2.5105e-03 | Holes: 4.3689e-05 | Ext: 5.4635e-04 | ms/ep: 104.8 | LR: 6.40e-04 | ETA: 51.3min
[20630/50000] Loss: 2.8169e-02 | PDE: 4.6522e-03 | Holes: 1.1873e-04 | Ext: 6.9157e-04 | ms/ep: 104.6 | LR: 6.39e-04 | ETA: 51.2min
[20640/50000] Loss: 2.4162e-02 | PDE: 2.8829e-03 | Holes: 7.2595e-05 | Ext: 6.7565e-04 | ms/ep: 104.6 | LR: 6.39e-04 | ETA: 51.2min
[20650/50000] Loss: 4.8904e-02 | PDE: 1.2169e-02 | Holes: 1.1111e-04 | Ext: 4.0871e-04 | ms/ep: 104.3 | LR: 6.39e-04 | ETA: 51.0min
[20660/50000] Loss: 5.3744e-02 | PDE: 1.2092e-02 | Holes: 1.7991e-04 | Ext: 1.1734e-03 | ms/ep: 104.6 | LR: 6.38e-04 | ETA: 51.2min
[20670/50000] Loss: 7.4910e-02 | PDE: 1.6964e-02 | Holes: 4.0846e-04 | Ext: 1.8255e-03 | ms/ep: 104.5 | LR: 6.38e-04 | ETA: 51.1min
[20680/50000] Loss: 1.0900e-01 | PDE: 2.7863e-02 | Holes: 7.5633e-04 | Ext: 1.8935e-03 | ms/ep: 104.8 | LR: 6.38e-04 | ETA: 51.2min
[20690/50000] Loss: 5.2684e-02 | PDE: 1.2338e-02 | Holes: 3.0497e-04 | Ext: 1.0841e-03 | ms/ep: 104.2 | LR: 6.37e-04 | ETA: 50.9min
[20700/50000] Loss: 3.2725e-02 | PDE: 6.1268e-03 | Holes: 1.3496e-04 | Ext: 7.7893e-04 | ms/ep: 104.6 | LR: 6.37e-04 | ETA: 51.1min
[20710/50000] Loss: 2.3134e-02 | PDE: 3.4569e-03 | Holes: 2.7637e-05 | Ext: 6.0054e-04 | ms/ep: 104.2 | LR: 6.37e-04 | ETA: 50.9min
[20720/50000] Loss: 2.1300e-02 | PDE: 2.6520e-03 | Holes: 1.9412e-05 | Ext: 6.1884e-04 | ms/ep: 104.5 | LR: 6.37e-04 | ETA: 51.0min
[20730/50000] Loss: 1.9954e-02 | PDE: 2.2310e-03 | Holes: 8.9983e-06 | Ext: 5.5086e-04 | ms/ep: 104.5 | LR: 6.36e-04 | ETA: 51.0min
[20740/50000] Loss: 1.9476e-02 | PDE: 2.0214e-03 | Holes: 7.8405e-06 | Ext: 5.4993e-04 | ms/ep: 104.4 | LR: 6.36e-04 | ETA: 50.9min
[20750/50000] Loss: 1.9232e-02 | PDE: 1.9600e-03 | Holes: 6.8756e-06 | Ext: 5.4159e-04 | ms/ep: 104.6 | LR: 6.36e-04 | ETA: 51.0min
[20760/50000] Loss: 1.9056e-02 | PDE: 1.9164e-03 | Holes: 6.5440e-06 | Ext: 5.5091e-04 | ms/ep: 104.3 | LR: 6.35e-04 | ETA: 50.8min
[20770/50000] Loss: 1.8968e-02 | PDE: 1.9057e-03 | Holes: 6.6997e-06 | Ext: 5.4417e-04 | ms/ep: 104.3 | LR: 6.35e-04 | ETA: 50.8min
[20780/50000] Loss: 2.3725e-02 | PDE: 2.5637e-03 | Holes: 6.2950e-05 | Ext: 4.8620e-04 | ms/ep: 104.4 | LR: 6.35e-04 | ETA: 50.8min
[20790/50000] Loss: 1.9064e-02 | PDE: 1.9468e-03 | Holes: 8.5961e-06 | Ext: 5.6638e-04 | ms/ep: 104.5 | LR: 6.34e-04 | ETA: 50.9min
[20800/50000] Loss: 2.2023e-02 | PDE: 2.2624e-03 | Holes: 3.6462e-05 | Ext: 7.2214e-04 | ms/ep: 104.3 | LR: 6.34e-04 | ETA: 50.7min
[20810/50000] Loss: 1.9005e-02 | PDE: 1.8945e-03 | Holes: 8.6355e-06 | Ext: 5.9065e-04 | ms/ep: 104.5 | LR: 6.34e-04 | ETA: 50.8min
[20820/50000] Loss: 2.2050e-02 | PDE: 2.3385e-03 | Holes: 3.7940e-05 | Ext: 7.1621e-04 | ms/ep: 104.4 | LR: 6.34e-04 | ETA: 50.8min
[20830/50000] Loss: 2.0312e-02 | PDE: 2.0268e-03 | Holes: 2.9541e-05 | Ext: 6.0988e-04 | ms/ep: 104.3 | LR: 6.33e-04 | ETA: 50.7min
[20840/50000] Loss: 2.4233e-02 | PDE: 3.7009e-03 | Holes: 6.9434e-05 | Ext: 6.2070e-04 | ms/ep: 104.6 | LR: 6.33e-04 | ETA: 50.8min
[20850/50000] Loss: 2.3656e-02 | PDE: 3.7213e-03 | Holes: 3.0569e-05 | Ext: 4.3023e-04 | ms/ep: 104.3 | LR: 6.33e-04 | ETA: 50.7min
[20860/50000] Loss: 4.3624e-02 | PDE: 7.5321e-03 | Holes: 2.6486e-04 | Ext: 9.1474e-04 | ms/ep: 104.5 | LR: 6.32e-04 | ETA: 50.8min
[20870/50000] Loss: 3.8105e-02 | PDE: 1.1444e-02 | Holes: 4.7949e-05 | Ext: 6.3038e-04 | ms/ep: 104.4 | LR: 6.32e-04 | ETA: 50.7min
[20880/50000] Loss: 3.4129e-02 | PDE: 7.6621e-03 | Holes: 9.6131e-05 | Ext: 9.1105e-04 | ms/ep: 114.2 | LR: 6.32e-04 | ETA: 55.4min
[20890/50000] Loss: 2.4931e-02 | PDE: 4.5848e-03 | Holes: 4.7221e-05 | Ext: 6.6040e-04 | ms/ep: 126.0 | LR: 6.31e-04 | ETA: 61.1min
[20900/50000] Loss: 2.6879e-02 | PDE: 5.8593e-03 | Holes: 5.1864e-05 | Ext: 5.0767e-04 | ms/ep: 104.3 | LR: 6.31e-04 | ETA: 50.6min
[20910/50000] Loss: 2.2455e-02 | PDE: 2.7834e-03 | Holes: 1.5404e-05 | Ext: 7.8164e-04 | ms/ep: 104.7 | LR: 6.31e-04 | ETA: 50.8min
[20920/50000] Loss: 2.2326e-02 | PDE: 2.5200e-03 | Holes: 4.8366e-05 | Ext: 6.3699e-04 | ms/ep: 115.2 | LR: 6.31e-04 | ETA: 55.8min
[20930/50000] Loss: 2.7556e-02 | PDE: 4.7320e-03 | Holes: 2.0500e-05 | Ext: 4.0194e-04 | ms/ep: 110.7 | LR: 6.30e-04 | ETA: 53.7min
[20940/50000] Loss: 2.7921e-02 | PDE: 4.8329e-03 | Holes: 1.1127e-04 | Ext: 6.9457e-04 | ms/ep: 128.2 | LR: 6.30e-04 | ETA: 62.1min
[20950/50000] Loss: 2.7913e-02 | PDE: 3.7964e-03 | Holes: 4.2915e-05 | Ext: 9.4732e-04 | ms/ep: 108.1 | LR: 6.30e-04 | ETA: 52.3min
[20960/50000] Loss: 2.0627e-02 | PDE: 2.3909e-03 | Holes: 2.1548e-05 | Ext: 5.1629e-04 | ms/ep: 106.4 | LR: 6.29e-04 | ETA: 51.5min
[20970/50000] Loss: 2.2706e-02 | PDE: 2.2536e-03 | Holes: 6.9773e-05 | Ext: 5.6967e-04 | ms/ep: 115.9 | LR: 6.29e-04 | ETA: 56.1min
[20980/50000] Loss: 1.9213e-02 | PDE: 1.9189e-03 | Holes: 1.3035e-05 | Ext: 5.4926e-04 | ms/ep: 105.2 | LR: 6.29e-04 | ETA: 50.9min
[20990/50000] Loss: 1.9343e-02 | PDE: 2.0758e-03 | Holes: 1.2026e-05 | Ext: 6.0441e-04 | ms/ep: 104.6 | LR: 6.28e-04 | ETA: 50.6min
[21000/50000] Loss: 2.3279e-02 | PDE: 2.4936e-03 | Holes: 7.3230e-05 | Ext: 6.1973e-04 | ms/ep: 105.5 | LR: 6.28e-04 | ETA: 51.0min
[21010/50000] Loss: 1.9477e-02 | PDE: 2.0872e-03 | Holes: 1.5098e-05 | Ext: 5.9222e-04 | ms/ep: 104.9 | LR: 6.28e-04 | ETA: 50.7min
[21020/50000] Loss: 2.3367e-02 | PDE: 2.4934e-03 | Holes: 6.8871e-05 | Ext: 6.9965e-04 | ms/ep: 105.4 | LR: 6.27e-04 | ETA: 50.9min
[21030/50000] Loss: 2.7564e-02 | PDE: 3.0560e-03 | Holes: 1.4228e-04 | Ext: 5.7660e-04 | ms/ep: 105.5 | LR: 6.27e-04 | ETA: 50.9min
[21040/50000] Loss: 1.9187e-02 | PDE: 2.1078e-03 | Holes: 8.8307e-06 | Ext: 6.1884e-04 | ms/ep: 107.2 | LR: 6.27e-04 | ETA: 51.8min
[21050/50000] Loss: 2.6539e-02 | PDE: 2.3817e-03 | Holes: 8.2209e-05 | Ext: 8.6631e-04 | ms/ep: 119.1 | LR: 6.27e-04 | ETA: 57.5min
[21060/50000] Loss: 2.3075e-02 | PDE: 3.2170e-03 | Holes: 2.2202e-05 | Ext: 7.4421e-04 | ms/ep: 122.2 | LR: 6.26e-04 | ETA: 58.9min
[21070/50000] Loss: 2.2379e-02 | PDE: 3.0376e-03 | Holes: 4.0229e-05 | Ext: 5.0012e-04 | ms/ep: 118.8 | LR: 6.26e-04 | ETA: 57.3min
[21080/50000] Loss: 2.4226e-02 | PDE: 4.5958e-03 | Holes: 4.7382e-05 | Ext: 5.1443e-04 | ms/ep: 117.4 | LR: 6.26e-04 | ETA: 56.6min
[21090/50000] Loss: 2.0973e-02 | PDE: 2.8766e-03 | Holes: 3.2722e-05 | Ext: 5.5123e-04 | ms/ep: 105.9 | LR: 6.25e-04 | ETA: 51.0min
[21100/50000] Loss: 2.5050e-02 | PDE: 3.8845e-03 | Holes: 8.0362e-05 | Ext: 5.6599e-04 | ms/ep: 106.4 | LR: 6.25e-04 | ETA: 51.2min
[21110/50000] Loss: 2.5035e-02 | PDE: 4.3902e-03 | Holes: 6.3449e-05 | Ext: 5.0907e-04 | ms/ep: 106.4 | LR: 6.25e-04 | ETA: 51.3min
[21120/50000] Loss: 2.1632e-02 | PDE: 2.8819e-03 | Holes: 2.8159e-05 | Ext: 6.2711e-04 | ms/ep: 106.4 | LR: 6.24e-04 | ETA: 51.2min
[21130/50000] Loss: 2.1318e-02 | PDE: 3.0859e-03 | Holes: 3.5637e-05 | Ext: 5.6872e-04 | ms/ep: 106.3 | LR: 6.24e-04 | ETA: 51.2min
[21140/50000] Loss: 2.3592e-02 | PDE: 2.2075e-03 | Holes: 7.1308e-05 | Ext: 5.1233e-04 | ms/ep: 106.8 | LR: 6.24e-04 | ETA: 51.4min
[21150/50000] Loss: 2.0318e-02 | PDE: 2.2771e-03 | Holes: 1.7177e-05 | Ext: 4.4312e-04 | ms/ep: 107.4 | LR: 6.24e-04 | ETA: 51.6min
[21160/50000] Loss: 2.6765e-02 | PDE: 2.5535e-03 | Holes: 1.1440e-04 | Ext: 4.9642e-04 | ms/ep: 106.8 | LR: 6.23e-04 | ETA: 51.3min
[21170/50000] Loss: 2.7659e-02 | PDE: 4.5793e-03 | Holes: 8.8468e-05 | Ext: 7.9911e-04 | ms/ep: 106.8 | LR: 6.23e-04 | ETA: 51.3min
[21180/50000] Loss: 2.4144e-02 | PDE: 4.7946e-03 | Holes: 1.5157e-05 | Ext: 4.2204e-04 | ms/ep: 105.3 | LR: 6.23e-04 | ETA: 50.6min
[21190/50000] Loss: 3.3676e-02 | PDE: 6.9021e-03 | Holes: 8.5350e-05 | Ext: 9.1259e-04 | ms/ep: 104.6 | LR: 6.22e-04 | ETA: 50.2min
[21200/50000] Loss: 5.5252e-02 | PDE: 1.9562e-02 | Holes: 3.0076e-04 | Ext: 9.3694e-04 | ms/ep: 104.2 | LR: 6.22e-04 | ETA: 50.0min
[21210/50000] Loss: 4.4465e-02 | PDE: 9.9714e-03 | Holes: 6.3083e-05 | Ext: 9.8738e-04 | ms/ep: 104.6 | LR: 6.22e-04 | ETA: 50.2min
[21220/50000] Loss: 2.9473e-02 | PDE: 7.2765e-03 | Holes: 4.4678e-05 | Ext: 8.4565e-04 | ms/ep: 104.5 | LR: 6.21e-04 | ETA: 50.1min
[21230/50000] Loss: 2.2752e-02 | PDE: 3.9714e-03 | Holes: 3.0572e-05 | Ext: 5.4417e-04 | ms/ep: 104.5 | LR: 6.21e-04 | ETA: 50.1min
[21240/50000] Loss: 1.9884e-02 | PDE: 2.7112e-03 | Holes: 1.0453e-05 | Ext: 5.4050e-04 | ms/ep: 104.4 | LR: 6.21e-04 | ETA: 50.0min
[21250/50000] Loss: 1.9958e-02 | PDE: 2.5029e-03 | Holes: 1.6952e-05 | Ext: 4.9814e-04 | ms/ep: 104.5 | LR: 6.21e-04 | ETA: 50.1min
[21260/50000] Loss: 1.8936e-02 | PDE: 1.9736e-03 | Holes: 1.1079e-05 | Ext: 4.9108e-04 | ms/ep: 104.4 | LR: 6.20e-04 | ETA: 50.0min
[21270/50000] Loss: 2.0516e-02 | PDE: 2.0849e-03 | Holes: 2.8992e-05 | Ext: 4.6147e-04 | ms/ep: 104.6 | LR: 6.20e-04 | ETA: 50.1min
[21280/50000] Loss: 1.8853e-02 | PDE: 1.8925e-03 | Holes: 1.3114e-05 | Ext: 4.8719e-04 | ms/ep: 104.4 | LR: 6.20e-04 | ETA: 50.0min
[21290/50000] Loss: 2.2383e-02 | PDE: 2.3734e-03 | Holes: 5.9895e-05 | Ext: 4.8119e-04 | ms/ep: 104.3 | LR: 6.19e-04 | ETA: 49.9min
[21300/50000] Loss: 1.8624e-02 | PDE: 1.8952e-03 | Holes: 1.3693e-05 | Ext: 5.2894e-04 | ms/ep: 104.5 | LR: 6.19e-04 | ETA: 50.0min
[21310/50000] Loss: 2.0179e-02 | PDE: 2.3016e-03 | Holes: 3.0104e-05 | Ext: 6.0431e-04 | ms/ep: 104.9 | LR: 6.19e-04 | ETA: 50.2min
[21320/50000] Loss: 2.2441e-02 | PDE: 3.3399e-03 | Holes: 4.1647e-05 | Ext: 6.2389e-04 | ms/ep: 117.3 | LR: 6.18e-04 | ETA: 56.1min
[21330/50000] Loss: 2.5442e-02 | PDE: 6.1167e-03 | Holes: 4.8751e-05 | Ext: 5.5866e-04 | ms/ep: 116.6 | LR: 6.18e-04 | ETA: 55.7min
[21340/50000] Loss: 2.5356e-02 | PDE: 3.0691e-03 | Holes: 1.0710e-04 | Ext: 6.6760e-04 | ms/ep: 114.1 | LR: 6.18e-04 | ETA: 54.5min
[21350/50000] Loss: 2.9689e-02 | PDE: 4.3736e-03 | Holes: 1.4586e-04 | Ext: 6.3570e-04 | ms/ep: 104.4 | LR: 6.18e-04 | ETA: 49.8min
[21360/50000] Loss: 2.1004e-02 | PDE: 3.9938e-03 | Holes: 1.2907e-05 | Ext: 5.1298e-04 | ms/ep: 104.3 | LR: 6.17e-04 | ETA: 49.8min
[21370/50000] Loss: 2.2269e-02 | PDE: 4.0622e-03 | Holes: 1.9231e-05 | Ext: 4.7196e-04 | ms/ep: 104.4 | LR: 6.17e-04 | ETA: 49.8min
[21380/50000] Loss: 2.4238e-02 | PDE: 2.5599e-03 | Holes: 6.7910e-05 | Ext: 4.9414e-04 | ms/ep: 109.9 | LR: 6.17e-04 | ETA: 52.4min
[21390/50000] Loss: 3.7192e-02 | PDE: 5.6817e-03 | Holes: 1.3460e-04 | Ext: 1.1647e-03 | ms/ep: 113.1 | LR: 6.16e-04 | ETA: 53.9min
[21400/50000] Loss: 4.0661e-02 | PDE: 8.0545e-03 | Holes: 2.4821e-04 | Ext: 6.7630e-04 | ms/ep: 104.4 | LR: 6.16e-04 | ETA: 49.7min
[21410/50000] Loss: 4.5016e-02 | PDE: 5.3959e-03 | Holes: 2.7263e-04 | Ext: 1.0242e-03 | ms/ep: 109.0 | LR: 6.16e-04 | ETA: 51.9min
[21420/50000] Loss: 1.2637e-01 | PDE: 2.3007e-02 | Holes: 1.0669e-03 | Ext: 2.8227e-03 | ms/ep: 113.2 | LR: 6.15e-04 | ETA: 53.9min
[21430/50000] Loss: 5.5816e-02 | PDE: 1.2845e-02 | Holes: 1.1389e-04 | Ext: 1.6856e-03 | ms/ep: 104.2 | LR: 6.15e-04 | ETA: 49.6min
[21440/50000] Loss: 2.8059e-02 | PDE: 6.1103e-03 | Holes: 6.4847e-05 | Ext: 6.7345e-04 | ms/ep: 104.4 | LR: 6.15e-04 | ETA: 49.7min
[21450/50000] Loss: 2.4339e-02 | PDE: 4.0626e-03 | Holes: 2.4010e-05 | Ext: 4.3817e-04 | ms/ep: 104.5 | LR: 6.14e-04 | ETA: 49.7min
[21460/50000] Loss: 2.1051e-02 | PDE: 3.4896e-03 | Holes: 1.6501e-05 | Ext: 5.5133e-04 | ms/ep: 104.8 | LR: 6.14e-04 | ETA: 49.8min
[21470/50000] Loss: 1.9346e-02 | PDE: 2.1601e-03 | Holes: 1.1616e-05 | Ext: 4.8621e-04 | ms/ep: 104.4 | LR: 6.14e-04 | ETA: 49.6min
[21480/50000] Loss: 1.8547e-02 | PDE: 1.9603e-03 | Holes: 7.0644e-06 | Ext: 5.1011e-04 | ms/ep: 104.6 | LR: 6.14e-04 | ETA: 49.7min
[21490/50000] Loss: 1.8248e-02 | PDE: 1.8757e-03 | Holes: 6.3258e-06 | Ext: 5.2935e-04 | ms/ep: 104.7 | LR: 6.13e-04 | ETA: 49.7min
[21500/50000] Loss: 1.9647e-02 | PDE: 2.1620e-03 | Holes: 2.1324e-05 | Ext: 4.6563e-04 | ms/ep: 104.5 | LR: 6.13e-04 | ETA: 49.6min
[21510/50000] Loss: 1.8241e-02 | PDE: 1.8438e-03 | Holes: 8.6148e-06 | Ext: 5.2316e-04 | ms/ep: 104.4 | LR: 6.13e-04 | ETA: 49.6min
[21520/50000] Loss: 1.9827e-02 | PDE: 1.9657e-03 | Holes: 2.0913e-05 | Ext: 6.5790e-04 | ms/ep: 104.6 | LR: 6.12e-04 | ETA: 49.7min
[21530/50000] Loss: 1.8609e-02 | PDE: 1.8941e-03 | Holes: 1.1571e-05 | Ext: 4.6307e-04 | ms/ep: 104.5 | LR: 6.12e-04 | ETA: 49.6min
[21540/50000] Loss: 1.8645e-02 | PDE: 2.0228e-03 | Holes: 1.3962e-05 | Ext: 5.0682e-04 | ms/ep: 104.6 | LR: 6.12e-04 | ETA: 49.6min
[21550/50000] Loss: 2.0530e-02 | PDE: 2.3353e-03 | Holes: 2.3940e-05 | Ext: 6.7974e-04 | ms/ep: 104.3 | LR: 6.11e-04 | ETA: 49.5min
[21560/50000] Loss: 2.2394e-02 | PDE: 3.2729e-03 | Holes: 4.7255e-05 | Ext: 4.6371e-04 | ms/ep: 104.4 | LR: 6.11e-04 | ETA: 49.5min
[21570/50000] Loss: 2.2609e-02 | PDE: 2.9305e-03 | Holes: 6.0445e-05 | Ext: 4.7799e-04 | ms/ep: 104.4 | LR: 6.11e-04 | ETA: 49.5min
[21580/50000] Loss: 1.9875e-02 | PDE: 2.0073e-03 | Holes: 1.5673e-05 | Ext: 6.9134e-04 | ms/ep: 105.2 | LR: 6.11e-04 | ETA: 49.8min
[21590/50000] Loss: 2.4130e-02 | PDE: 4.6415e-03 | Holes: 5.3406e-05 | Ext: 4.6737e-04 | ms/ep: 104.6 | LR: 6.10e-04 | ETA: 49.5min
[21600/50000] Loss: 3.5203e-02 | PDE: 1.2065e-02 | Holes: 6.3661e-05 | Ext: 6.9781e-04 | ms/ep: 104.3 | LR: 6.10e-04 | ETA: 49.4min
[21610/50000] Loss: 8.8395e-02 | PDE: 1.1995e-02 | Holes: 7.1194e-04 | Ext: 1.4446e-03 | ms/ep: 104.7 | LR: 6.10e-04 | ETA: 49.5min
[21620/50000] Loss: 6.0049e-02 | PDE: 1.6836e-02 | Holes: 2.6993e-04 | Ext: 1.3396e-03 | ms/ep: 104.5 | LR: 6.09e-04 | ETA: 49.4min
[21630/50000] Loss: 3.4988e-02 | PDE: 9.5932e-03 | Holes: 5.6549e-05 | Ext: 7.1559e-04 | ms/ep: 104.6 | LR: 6.09e-04 | ETA: 49.5min
[21640/50000] Loss: 3.0954e-02 | PDE: 6.3725e-03 | Holes: 9.0914e-05 | Ext: 6.5665e-04 | ms/ep: 104.5 | LR: 6.09e-04 | ETA: 49.4min
[21650/50000] Loss: 2.4942e-02 | PDE: 3.3230e-03 | Holes: 6.4721e-05 | Ext: 6.0114e-04 | ms/ep: 104.6 | LR: 6.08e-04 | ETA: 49.4min
[21660/50000] Loss: 2.0501e-02 | PDE: 2.5671e-03 | Holes: 1.7126e-05 | Ext: 5.7124e-04 | ms/ep: 104.5 | LR: 6.08e-04 | ETA: 49.4min
[21670/50000] Loss: 1.9705e-02 | PDE: 2.1221e-03 | Holes: 1.4432e-05 | Ext: 6.0230e-04 | ms/ep: 104.3 | LR: 6.08e-04 | ETA: 49.3min
[21680/50000] Loss: 1.9143e-02 | PDE: 2.1238e-03 | Holes: 9.9191e-06 | Ext: 5.0063e-04 | ms/ep: 120.6 | LR: 6.08e-04 | ETA: 56.9min
[21690/50000] Loss: 1.9705e-02 | PDE: 2.3227e-03 | Holes: 2.0691e-05 | Ext: 5.0157e-04 | ms/ep: 118.4 | LR: 6.07e-04 | ETA: 55.9min
[21700/50000] Loss: 1.8704e-02 | PDE: 2.1217e-03 | Holes: 7.2382e-06 | Ext: 5.6217e-04 | ms/ep: 112.3 | LR: 6.07e-04 | ETA: 53.0min
[21710/50000] Loss: 1.9289e-02 | PDE: 1.9501e-03 | Holes: 1.7724e-05 | Ext: 6.1174e-04 | ms/ep: 104.5 | LR: 6.07e-04 | ETA: 49.3min
[21720/50000] Loss: 1.8256e-02 | PDE: 1.8772e-03 | Holes: 6.5009e-06 | Ext: 4.8569e-04 | ms/ep: 104.5 | LR: 6.06e-04 | ETA: 49.2min
[21730/50000] Loss: 2.0449e-02 | PDE: 2.0234e-03 | Holes: 2.4704e-05 | Ext: 4.1856e-04 | ms/ep: 104.7 | LR: 6.06e-04 | ETA: 49.3min
[21740/50000] Loss: 2.1572e-02 | PDE: 2.5732e-03 | Holes: 4.2179e-05 | Ext: 6.6921e-04 | ms/ep: 104.3 | LR: 6.06e-04 | ETA: 49.1min
[21750/50000] Loss: 2.1980e-02 | PDE: 3.4088e-03 | Holes: 5.1977e-05 | Ext: 5.5331e-04 | ms/ep: 104.4 | LR: 6.05e-04 | ETA: 49.2min
[21760/50000] Loss: 2.0576e-02 | PDE: 2.3578e-03 | Holes: 3.4004e-05 | Ext: 6.3669e-04 | ms/ep: 104.4 | LR: 6.05e-04 | ETA: 49.2min
[21770/50000] Loss: 1.9319e-02 | PDE: 2.0076e-03 | Holes: 8.4474e-06 | Ext: 3.9522e-04 | ms/ep: 104.4 | LR: 6.05e-04 | ETA: 49.1min
[21780/50000] Loss: 1.8651e-02 | PDE: 2.2118e-03 | Holes: 6.8628e-06 | Ext: 4.5830e-04 | ms/ep: 104.4 | LR: 6.04e-04 | ETA: 49.1min
[21790/50000] Loss: 2.2027e-02 | PDE: 2.3611e-03 | Holes: 1.6934e-05 | Ext: 7.9220e-04 | ms/ep: 104.5 | LR: 6.04e-04 | ETA: 49.1min
[21800/50000] Loss: 2.0671e-02 | PDE: 2.7143e-03 | Holes: 9.9738e-06 | Ext: 7.1341e-04 | ms/ep: 104.5 | LR: 6.04e-04 | ETA: 49.1min
[21810/50000] Loss: 2.1086e-02 | PDE: 2.7244e-03 | Holes: 8.4108e-06 | Ext: 7.3672e-04 | ms/ep: 104.5 | LR: 6.04e-04 | ETA: 49.1min
[21820/50000] Loss: 2.2874e-02 | PDE: 3.7705e-03 | Holes: 6.1432e-05 | Ext: 5.5053e-04 | ms/ep: 104.6 | LR: 6.03e-04 | ETA: 49.1min
[21830/50000] Loss: 1.9764e-02 | PDE: 2.3692e-03 | Holes: 1.4246e-05 | Ext: 4.0795e-04 | ms/ep: 104.3 | LR: 6.03e-04 | ETA: 49.0min
[21840/50000] Loss: 2.3020e-02 | PDE: 2.7371e-03 | Holes: 4.0285e-05 | Ext: 3.8621e-04 | ms/ep: 104.3 | LR: 6.03e-04 | ETA: 49.0min
[21850/50000] Loss: 1.9289e-02 | PDE: 2.4322e-03 | Holes: 1.8496e-05 | Ext: 5.8296e-04 | ms/ep: 104.3 | LR: 6.02e-04 | ETA: 49.0min
[21860/50000] Loss: 1.9320e-02 | PDE: 2.0070e-03 | Holes: 2.4844e-05 | Ext: 5.9737e-04 | ms/ep: 104.6 | LR: 6.02e-04 | ETA: 49.0min
[21870/50000] Loss: 2.3560e-02 | PDE: 2.5042e-03 | Holes: 6.3608e-05 | Ext: 7.6637e-04 | ms/ep: 110.1 | LR: 6.02e-04 | ETA: 51.6min
[21880/50000] Loss: 2.1327e-02 | PDE: 2.6777e-03 | Holes: 1.2037e-05 | Ext: 7.6002e-04 | ms/ep: 104.4 | LR: 6.01e-04 | ETA: 48.9min
[21890/50000] Loss: 3.1274e-02 | PDE: 5.3685e-03 | Holes: 1.2705e-04 | Ext: 9.2354e-04 | ms/ep: 104.6 | LR: 6.01e-04 | ETA: 49.0min
[21900/50000] Loss: 4.2926e-02 | PDE: 6.5784e-03 | Holes: 3.3030e-04 | Ext: 6.3984e-04 | ms/ep: 113.1 | LR: 6.01e-04 | ETA: 53.0min
[21910/50000] Loss: 4.0521e-02 | PDE: 9.3233e-03 | Holes: 1.0745e-04 | Ext: 1.0539e-03 | ms/ep: 114.3 | LR: 6.01e-04 | ETA: 53.5min
[21920/50000] Loss: 5.3696e-02 | PDE: 1.4625e-02 | Holes: 7.6349e-05 | Ext: 7.4098e-04 | ms/ep: 114.4 | LR: 6.00e-04 | ETA: 53.5min
[21930/50000] Loss: 5.2195e-02 | PDE: 1.0183e-02 | Holes: 4.3728e-04 | Ext: 8.4429e-04 | ms/ep: 117.9 | LR: 6.00e-04 | ETA: 55.2min
[21940/50000] Loss: 3.4330e-02 | PDE: 1.0577e-02 | Holes: 8.9382e-05 | Ext: 8.4850e-04 | ms/ep: 118.1 | LR: 6.00e-04 | ETA: 55.2min
[21950/50000] Loss: 4.5866e-02 | PDE: 1.5023e-02 | Holes: 1.4437e-04 | Ext: 1.0766e-03 | ms/ep: 123.6 | LR: 5.99e-04 | ETA: 57.8min
[21960/50000] Loss: 3.7597e-02 | PDE: 8.4657e-03 | Holes: 3.4906e-05 | Ext: 4.1043e-04 | ms/ep: 125.9 | LR: 5.99e-04 | ETA: 58.8min
[21970/50000] Loss: 2.6481e-02 | PDE: 6.7945e-03 | Holes: 4.5446e-05 | Ext: 5.5227e-04 | ms/ep: 120.0 | LR: 5.99e-04 | ETA: 56.1min
[21980/50000] Loss: 2.0995e-02 | PDE: 3.6476e-03 | Holes: 1.6746e-05 | Ext: 5.4991e-04 | ms/ep: 116.5 | LR: 5.98e-04 | ETA: 54.4min
[21990/50000] Loss: 1.8971e-02 | PDE: 2.2383e-03 | Holes: 1.2825e-05 | Ext: 5.0863e-04 | ms/ep: 117.6 | LR: 5.98e-04 | ETA: 54.9min
[22000/50000] Loss: 1.8358e-02 | PDE: 2.0702e-03 | Holes: 7.3616e-06 | Ext: 4.9251e-04 | ms/ep: 107.8 | LR: 5.98e-04 | ETA: 50.3min
[22010/50000] Loss: 1.9654e-02 | PDE: 2.3538e-03 | Holes: 2.4041e-05 | Ext: 4.5693e-04 | ms/ep: 118.0 | LR: 5.97e-04 | ETA: 55.1min
[22020/50000] Loss: 1.7695e-02 | PDE: 1.7452e-03 | Holes: 6.1527e-06 | Ext: 5.0364e-04 | ms/ep: 127.2 | LR: 5.97e-04 | ETA: 59.3min
[22030/50000] Loss: 2.0355e-02 | PDE: 2.1445e-03 | Holes: 3.5400e-05 | Ext: 6.3772e-04 | ms/ep: 115.7 | LR: 5.97e-04 | ETA: 53.9min
[22040/50000] Loss: 1.7543e-02 | PDE: 1.7299e-03 | Holes: 6.0260e-06 | Ext: 5.0960e-04 | ms/ep: 116.0 | LR: 5.97e-04 | ETA: 54.1min
[22050/50000] Loss: 2.0668e-02 | PDE: 2.3688e-03 | Holes: 4.5392e-05 | Ext: 4.7333e-04 | ms/ep: 125.7 | LR: 5.96e-04 | ETA: 58.6min
[22060/50000] Loss: 1.7434e-02 | PDE: 1.7109e-03 | Holes: 5.7598e-06 | Ext: 5.0759e-04 | ms/ep: 128.9 | LR: 5.96e-04 | ETA: 60.0min
[22070/50000] Loss: 2.1930e-02 | PDE: 2.5698e-03 | Holes: 6.1345e-05 | Ext: 6.3940e-04 | ms/ep: 119.4 | LR: 5.96e-04 | ETA: 55.6min
[22080/50000] Loss: 1.7511e-02 | PDE: 1.7878e-03 | Holes: 7.3373e-06 | Ext: 4.9705e-04 | ms/ep: 125.1 | LR: 5.95e-04 | ETA: 58.2min
[22090/50000] Loss: 2.2423e-02 | PDE: 2.6174e-03 | Holes: 7.4901e-05 | Ext: 5.0379e-04 | ms/ep: 115.0 | LR: 5.95e-04 | ETA: 53.5min
[22100/50000] Loss: 1.8974e-02 | PDE: 2.0293e-03 | Holes: 2.3821e-05 | Ext: 5.8353e-04 | ms/ep: 122.4 | LR: 5.95e-04 | ETA: 56.9min
[22110/50000] Loss: 2.0512e-02 | PDE: 2.4867e-03 | Holes: 4.1461e-05 | Ext: 6.0243e-04 | ms/ep: 119.7 | LR: 5.94e-04 | ETA: 55.7min
[22120/50000] Loss: 1.8988e-02 | PDE: 2.0025e-03 | Holes: 2.8105e-05 | Ext: 4.6794e-04 | ms/ep: 118.8 | LR: 5.94e-04 | ETA: 55.2min
[22130/50000] Loss: 1.7717e-02 | PDE: 1.8033e-03 | Holes: 1.0130e-05 | Ext: 4.5857e-04 | ms/ep: 113.4 | LR: 5.94e-04 | ETA: 52.7min
[22140/50000] Loss: 2.5250e-02 | PDE: 4.8578e-03 | Holes: 8.6949e-05 | Ext: 5.1574e-04 | ms/ep: 128.0 | LR: 5.93e-04 | ETA: 59.4min
[22150/50000] Loss: 2.9628e-02 | PDE: 5.6567e-03 | Holes: 6.0976e-05 | Ext: 3.3868e-04 | ms/ep: 123.5 | LR: 5.93e-04 | ETA: 57.3min
[22160/50000] Loss: 7.4131e-02 | PDE: 1.9294e-02 | Holes: 2.2759e-04 | Ext: 1.8287e-03 | ms/ep: 116.1 | LR: 5.93e-04 | ETA: 53.9min
[22170/50000] Loss: 4.7351e-02 | PDE: 1.0913e-02 | Holes: 2.8028e-04 | Ext: 1.0345e-03 | ms/ep: 109.0 | LR: 5.93e-04 | ETA: 50.6min
[22180/50000] Loss: 4.5960e-02 | PDE: 7.0024e-03 | Holes: 2.4822e-04 | Ext: 5.1076e-04 | ms/ep: 105.9 | LR: 5.92e-04 | ETA: 49.1min
[22190/50000] Loss: 2.7880e-02 | PDE: 7.0028e-03 | Holes: 3.6998e-05 | Ext: 5.8915e-04 | ms/ep: 104.4 | LR: 5.92e-04 | ETA: 48.4min
[22200/50000] Loss: 2.2212e-02 | PDE: 4.3912e-03 | Holes: 1.9849e-05 | Ext: 6.7096e-04 | ms/ep: 104.4 | LR: 5.92e-04 | ETA: 48.4min
[22210/50000] Loss: 1.9843e-02 | PDE: 2.8229e-03 | Holes: 2.1400e-05 | Ext: 5.3242e-04 | ms/ep: 104.6 | LR: 5.91e-04 | ETA: 48.4min
[22220/50000] Loss: 1.8197e-02 | PDE: 1.8975e-03 | Holes: 1.1827e-05 | Ext: 4.6469e-04 | ms/ep: 104.5 | LR: 5.91e-04 | ETA: 48.4min
[22230/50000] Loss: 1.8175e-02 | PDE: 2.0014e-03 | Holes: 1.2440e-05 | Ext: 4.7516e-04 | ms/ep: 113.5 | LR: 5.91e-04 | ETA: 52.5min
[22240/50000] Loss: 1.7571e-02 | PDE: 1.8335e-03 | Holes: 7.2314e-06 | Ext: 4.8771e-04 | ms/ep: 115.8 | LR: 5.90e-04 | ETA: 53.6min
[22250/50000] Loss: 1.9633e-02 | PDE: 2.0604e-03 | Holes: 2.8075e-05 | Ext: 6.2878e-04 | ms/ep: 105.5 | LR: 5.90e-04 | ETA: 48.8min
[22260/50000] Loss: 1.7404e-02 | PDE: 1.7484e-03 | Holes: 7.8867e-06 | Ext: 4.8792e-04 | ms/ep: 105.4 | LR: 5.90e-04 | ETA: 48.7min
[22270/50000] Loss: 1.7756e-02 | PDE: 1.7951e-03 | Holes: 1.2517e-05 | Ext: 4.7134e-04 | ms/ep: 104.5 | LR: 5.89e-04 | ETA: 48.3min
[22280/50000] Loss: 2.0705e-02 | PDE: 2.3720e-03 | Holes: 4.9028e-05 | Ext: 5.9475e-04 | ms/ep: 104.4 | LR: 5.89e-04 | ETA: 48.2min
[22290/50000] Loss: 1.9265e-02 | PDE: 2.2131e-03 | Holes: 3.5482e-05 | Ext: 4.8482e-04 | ms/ep: 104.2 | LR: 5.89e-04 | ETA: 48.1min
[22300/50000] Loss: 1.7995e-02 | PDE: 2.0191e-03 | Holes: 1.5855e-05 | Ext: 5.2440e-04 | ms/ep: 104.5 | LR: 5.89e-04 | ETA: 48.2min
[22310/50000] Loss: 1.8754e-02 | PDE: 2.2822e-03 | Holes: 2.4906e-05 | Ext: 4.7281e-04 | ms/ep: 104.2 | LR: 5.88e-04 | ETA: 48.1min
[22320/50000] Loss: 1.7786e-02 | PDE: 1.9303e-03 | Holes: 6.9678e-06 | Ext: 4.1912e-04 | ms/ep: 104.5 | LR: 5.88e-04 | ETA: 48.2min
[22330/50000] Loss: 2.1560e-02 | PDE: 1.9488e-03 | Holes: 5.9576e-05 | Ext: 6.8140e-04 | ms/ep: 104.3 | LR: 5.88e-04 | ETA: 48.1min
[22340/50000] Loss: 2.1864e-02 | PDE: 2.3418e-03 | Holes: 6.9757e-05 | Ext: 4.5838e-04 | ms/ep: 104.4 | LR: 5.87e-04 | ETA: 48.1min
[22350/50000] Loss: 1.9005e-02 | PDE: 1.9953e-03 | Holes: 2.9640e-05 | Ext: 5.7647e-04 | ms/ep: 104.9 | LR: 5.87e-04 | ETA: 48.3min
[22360/50000] Loss: 2.2364e-02 | PDE: 2.5444e-03 | Holes: 1.0233e-05 | Ext: 8.4256e-04 | ms/ep: 105.2 | LR: 5.87e-04 | ETA: 48.5min
[22370/50000] Loss: 2.6256e-02 | PDE: 4.2015e-03 | Holes: 5.3527e-05 | Ext: 4.5435e-04 | ms/ep: 105.7 | LR: 5.86e-04 | ETA: 48.7min
[22380/50000] Loss: 2.2115e-02 | PDE: 3.0875e-03 | Holes: 5.3892e-05 | Ext: 4.7236e-04 | ms/ep: 104.5 | LR: 5.86e-04 | ETA: 48.1min
[22390/50000] Loss: 1.9642e-02 | PDE: 2.4546e-03 | Holes: 2.3157e-05 | Ext: 6.2739e-04 | ms/ep: 105.2 | LR: 5.86e-04 | ETA: 48.4min
[22400/50000] Loss: 6.5679e-02 | PDE: 1.8359e-02 | Holes: 4.9996e-05 | Ext: 1.5142e-03 | ms/ep: 105.8 | LR: 5.86e-04 | ETA: 48.7min
[22410/50000] Loss: 4.8909e-02 | PDE: 2.0099e-02 | Holes: 1.4226e-04 | Ext: 6.8724e-04 | ms/ep: 104.8 | LR: 5.85e-04 | ETA: 48.2min
[22420/50000] Loss: 6.3678e-02 | PDE: 2.5800e-02 | Holes: 2.3203e-04 | Ext: 9.4129e-04 | ms/ep: 106.1 | LR: 5.85e-04 | ETA: 48.8min
[22430/50000] Loss: 4.4601e-02 | PDE: 1.0172e-02 | Holes: 1.6799e-04 | Ext: 1.1689e-03 | ms/ep: 104.9 | LR: 5.85e-04 | ETA: 48.2min
[22440/50000] Loss: 2.3475e-02 | PDE: 4.4958e-03 | Holes: 2.7141e-05 | Ext: 6.6627e-04 | ms/ep: 105.0 | LR: 5.84e-04 | ETA: 48.2min
[22450/50000] Loss: 2.0347e-02 | PDE: 3.1424e-03 | Holes: 1.8300e-05 | Ext: 4.8112e-04 | ms/ep: 104.4 | LR: 5.84e-04 | ETA: 47.9min
[22460/50000] Loss: 1.8868e-02 | PDE: 2.3565e-03 | Holes: 1.6838e-05 | Ext: 5.1550e-04 | ms/ep: 105.4 | LR: 5.84e-04 | ETA: 48.4min
[22470/50000] Loss: 1.7966e-02 | PDE: 1.8744e-03 | Holes: 1.2470e-05 | Ext: 5.0929e-04 | ms/ep: 105.4 | LR: 5.83e-04 | ETA: 48.4min
[22480/50000] Loss: 1.8162e-02 | PDE: 1.8864e-03 | Holes: 1.6988e-05 | Ext: 5.3695e-04 | ms/ep: 105.0 | LR: 5.83e-04 | ETA: 48.1min
[22490/50000] Loss: 1.7341e-02 | PDE: 1.7419e-03 | Holes: 7.2436e-06 | Ext: 5.0929e-04 | ms/ep: 104.9 | LR: 5.83e-04 | ETA: 48.1min
[22500/50000] Loss: 2.1935e-02 | PDE: 2.2839e-03 | Holes: 6.0300e-05 | Ext: 6.8461e-04 | ms/ep: 104.9 | LR: 5.82e-04 | ETA: 48.1min
[22510/50000] Loss: 1.7504e-02 | PDE: 1.8205e-03 | Holes: 1.1043e-05 | Ext: 4.7908e-04 | ms/ep: 104.9 | LR: 5.82e-04 | ETA: 48.0min
[22520/50000] Loss: 1.9056e-02 | PDE: 2.0609e-03 | Holes: 3.3810e-05 | Ext: 4.9124e-04 | ms/ep: 105.1 | LR: 5.82e-04 | ETA: 48.1min
[22530/50000] Loss: 1.7591e-02 | PDE: 1.7492e-03 | Holes: 9.5799e-06 | Ext: 4.2267e-04 | ms/ep: 105.3 | LR: 5.82e-04 | ETA: 48.2min
[22540/50000] Loss: 2.1735e-02 | PDE: 3.0659e-03 | Holes: 6.5439e-05 | Ext: 5.1175e-04 | ms/ep: 105.3 | LR: 5.81e-04 | ETA: 48.2min
[22550/50000] Loss: 1.7496e-02 | PDE: 1.7483e-03 | Holes: 1.2643e-05 | Ext: 4.5218e-04 | ms/ep: 105.0 | LR: 5.81e-04 | ETA: 48.0min
[22560/50000] Loss: 1.7872e-02 | PDE: 1.8147e-03 | Holes: 1.2011e-05 | Ext: 4.2248e-04 | ms/ep: 105.4 | LR: 5.81e-04 | ETA: 48.2min
[22570/50000] Loss: 2.0919e-02 | PDE: 3.0537e-03 | Holes: 5.0326e-05 | Ext: 5.7233e-04 | ms/ep: 105.4 | LR: 5.80e-04 | ETA: 48.2min
[22580/50000] Loss: 2.0275e-02 | PDE: 2.2200e-03 | Holes: 3.9840e-05 | Ext: 4.1486e-04 | ms/ep: 105.6 | LR: 5.80e-04 | ETA: 48.3min
[22590/50000] Loss: 1.8529e-02 | PDE: 2.3262e-03 | Holes: 2.2881e-05 | Ext: 5.0454e-04 | ms/ep: 104.2 | LR: 5.80e-04 | ETA: 47.6min
[22600/50000] Loss: 2.4652e-02 | PDE: 4.2137e-03 | Holes: 7.3781e-05 | Ext: 7.1437e-04 | ms/ep: 104.5 | LR: 5.79e-04 | ETA: 47.7min
[22610/50000] Loss: 3.5021e-01 | PDE: 1.4981e-01 | Holes: 1.5368e-03 | Ext: 5.6767e-03 | ms/ep: 104.4 | LR: 5.79e-04 | ETA: 47.7min
[22620/50000] Loss: 1.8358e-01 | PDE: 5.5335e-02 | Holes: 3.2771e-04 | Ext: 4.9556e-03 | ms/ep: 106.0 | LR: 5.79e-04 | ETA: 48.3min
[22630/50000] Loss: 1.0465e-01 | PDE: 3.2913e-02 | Holes: 1.4435e-04 | Ext: 2.7322e-03 | ms/ep: 104.4 | LR: 5.78e-04 | ETA: 47.6min
[22640/50000] Loss: 6.4015e-02 | PDE: 2.0873e-02 | Holes: 9.2413e-05 | Ext: 1.4559e-03 | ms/ep: 104.9 | LR: 5.78e-04 | ETA: 47.8min
[22650/50000] Loss: 4.2442e-02 | PDE: 1.1137e-02 | Holes: 3.9432e-05 | Ext: 1.0533e-03 | ms/ep: 105.6 | LR: 5.78e-04 | ETA: 48.2min
[22660/50000] Loss: 1.3740e-01 | PDE: 3.2879e-02 | Holes: 2.1652e-04 | Ext: 4.2087e-04 | ms/ep: 104.9 | LR: 5.78e-04 | ETA: 47.8min
[22670/50000] Loss: 1.0453e-01 | PDE: 3.4895e-02 | Holes: 6.6289e-04 | Ext: 1.4921e-03 | ms/ep: 105.2 | LR: 5.77e-04 | ETA: 47.9min
[22680/50000] Loss: 1.3187e-01 | PDE: 3.4561e-02 | Holes: 8.8590e-04 | Ext: 2.7905e-03 | ms/ep: 105.3 | LR: 5.77e-04 | ETA: 47.9min
[22690/50000] Loss: 7.5606e-02 | PDE: 2.1734e-02 | Holes: 3.7092e-04 | Ext: 1.3354e-03 | ms/ep: 105.1 | LR: 5.77e-04 | ETA: 47.8min
[22700/50000] Loss: 4.6280e-02 | PDE: 1.1266e-02 | Holes: 1.3554e-04 | Ext: 1.1773e-03 | ms/ep: 104.6 | LR: 5.76e-04 | ETA: 47.6min
[22710/50000] Loss: 3.3828e-02 | PDE: 7.8177e-03 | Holes: 3.9568e-05 | Ext: 8.1580e-04 | ms/ep: 105.6 | LR: 5.76e-04 | ETA: 48.0min
[22720/50000] Loss: 2.7240e-02 | PDE: 4.6881e-03 | Holes: 1.4340e-05 | Ext: 7.8602e-04 | ms/ep: 105.2 | LR: 5.76e-04 | ETA: 47.8min
[22730/50000] Loss: 2.4384e-02 | PDE: 3.8230e-03 | Holes: 9.9042e-06 | Ext: 7.0065e-04 | ms/ep: 105.2 | LR: 5.75e-04 | ETA: 47.8min
[22740/50000] Loss: 2.2298e-02 | PDE: 3.1364e-03 | Holes: 7.7547e-06 | Ext: 6.3190e-04 | ms/ep: 105.2 | LR: 5.75e-04 | ETA: 47.8min
[22750/50000] Loss: 2.1310e-02 | PDE: 2.8480e-03 | Holes: 7.2430e-06 | Ext: 6.3006e-04 | ms/ep: 105.7 | LR: 5.75e-04 | ETA: 48.0min
[22760/50000] Loss: 2.0978e-02 | PDE: 2.5287e-03 | Holes: 9.5566e-06 | Ext: 5.5442e-04 | ms/ep: 104.4 | LR: 5.74e-04 | ETA: 47.4min
[22770/50000] Loss: 2.1949e-02 | PDE: 3.2701e-03 | Holes: 1.1938e-05 | Ext: 6.9117e-04 | ms/ep: 105.2 | LR: 5.74e-04 | ETA: 47.7min
[22780/50000] Loss: 1.9841e-02 | PDE: 2.2323e-03 | Holes: 7.5078e-06 | Ext: 5.5220e-04 | ms/ep: 105.7 | LR: 5.74e-04 | ETA: 47.9min
[22790/50000] Loss: 2.0022e-02 | PDE: 2.3335e-03 | Holes: 7.5036e-06 | Ext: 4.8446e-04 | ms/ep: 105.0 | LR: 5.74e-04 | ETA: 47.6min
[22800/50000] Loss: 2.0448e-02 | PDE: 2.4691e-03 | Holes: 1.4957e-05 | Ext: 6.2936e-04 | ms/ep: 106.2 | LR: 5.73e-04 | ETA: 48.1min
[22810/50000] Loss: 1.9582e-02 | PDE: 2.3558e-03 | Holes: 8.3415e-06 | Ext: 5.9052e-04 | ms/ep: 124.8 | LR: 5.73e-04 | ETA: 56.5min
[22820/50000] Loss: 2.0595e-02 | PDE: 2.8932e-03 | Holes: 1.3480e-05 | Ext: 4.5605e-04 | ms/ep: 128.0 | LR: 5.73e-04 | ETA: 58.0min
[22830/50000] Loss: 2.0676e-02 | PDE: 2.3049e-03 | Holes: 1.6916e-05 | Ext: 6.0774e-04 | ms/ep: 116.8 | LR: 5.72e-04 | ETA: 52.9min
[22840/50000] Loss: 1.9814e-02 | PDE: 2.6246e-03 | Holes: 8.2029e-06 | Ext: 6.1927e-04 | ms/ep: 104.3 | LR: 5.72e-04 | ETA: 47.2min
[22850/50000] Loss: 1.9118e-02 | PDE: 2.1837e-03 | Holes: 9.4795e-06 | Ext: 4.7863e-04 | ms/ep: 104.4 | LR: 5.72e-04 | ETA: 47.2min
[22860/50000] Loss: 1.9533e-02 | PDE: 2.5033e-03 | Holes: 7.8472e-06 | Ext: 6.2871e-04 | ms/ep: 104.2 | LR: 5.71e-04 | ETA: 47.1min
[22870/50000] Loss: 2.4469e-02 | PDE: 4.3819e-03 | Holes: 3.9422e-05 | Ext: 3.8458e-04 | ms/ep: 104.5 | LR: 5.71e-04 | ETA: 47.3min
[22880/50000] Loss: 2.0905e-02 | PDE: 2.7303e-03 | Holes: 3.6126e-05 | Ext: 5.2422e-04 | ms/ep: 104.4 | LR: 5.71e-04 | ETA: 47.2min
[22890/50000] Loss: 1.8889e-02 | PDE: 2.0103e-03 | Holes: 1.3069e-05 | Ext: 4.8179e-04 | ms/ep: 104.3 | LR: 5.70e-04 | ETA: 47.1min
[22900/50000] Loss: 1.8995e-02 | PDE: 2.5602e-03 | Holes: 6.9220e-06 | Ext: 5.7637e-04 | ms/ep: 104.3 | LR: 5.70e-04 | ETA: 47.1min
[22910/50000] Loss: 1.9287e-02 | PDE: 2.2392e-03 | Holes: 8.0096e-06 | Ext: 3.9321e-04 | ms/ep: 104.4 | LR: 5.70e-04 | ETA: 47.2min
[22920/50000] Loss: 1.9341e-02 | PDE: 2.2213e-03 | Holes: 9.9996e-06 | Ext: 6.4466e-04 | ms/ep: 104.4 | LR: 5.70e-04 | ETA: 47.1min
[22930/50000] Loss: 1.8019e-02 | PDE: 1.8003e-03 | Holes: 1.0524e-05 | Ext: 5.0356e-04 | ms/ep: 117.6 | LR: 5.69e-04 | ETA: 53.1min
[22940/50000] Loss: 1.8051e-02 | PDE: 1.8582e-03 | Holes: 1.0628e-05 | Ext: 5.0969e-04 | ms/ep: 121.1 | LR: 5.69e-04 | ETA: 54.6min
[22950/50000] Loss: 1.8631e-02 | PDE: 2.0194e-03 | Holes: 1.0290e-05 | Ext: 5.9439e-04 | ms/ep: 104.3 | LR: 5.69e-04 | ETA: 47.0min
[22960/50000] Loss: 2.3658e-02 | PDE: 4.0572e-03 | Holes: 4.7949e-05 | Ext: 3.8846e-04 | ms/ep: 104.7 | LR: 5.68e-04 | ETA: 47.2min
[22970/50000] Loss: 2.3193e-02 | PDE: 3.6261e-03 | Holes: 5.7985e-05 | Ext: 5.0547e-04 | ms/ep: 112.6 | LR: 5.68e-04 | ETA: 50.7min
[22980/50000] Loss: 1.8558e-02 | PDE: 2.1659e-03 | Holes: 1.5781e-05 | Ext: 4.8974e-04 | ms/ep: 123.6 | LR: 5.68e-04 | ETA: 55.6min
[22990/50000] Loss: 2.2853e-02 | PDE: 3.1447e-03 | Holes: 4.4079e-05 | Ext: 7.3702e-04 | ms/ep: 104.4 | LR: 5.67e-04 | ETA: 47.0min
[23000/50000] Loss: 2.0280e-02 | PDE: 2.6155e-03 | Holes: 2.9651e-05 | Ext: 6.2845e-04 | ms/ep: 104.2 | LR: 5.67e-04 | ETA: 46.9min
[23010/50000] Loss: 1.8432e-02 | PDE: 1.8495e-03 | Holes: 1.8533e-05 | Ext: 4.4403e-04 | ms/ep: 104.2 | LR: 5.67e-04 | ETA: 46.9min
[23020/50000] Loss: 2.0010e-02 | PDE: 2.3006e-03 | Holes: 3.7638e-05 | Ext: 4.6005e-04 | ms/ep: 104.6 | LR: 5.66e-04 | ETA: 47.0min
[23030/50000] Loss: 1.8450e-02 | PDE: 2.1959e-03 | Holes: 1.1802e-05 | Ext: 5.7903e-04 | ms/ep: 115.1 | LR: 5.66e-04 | ETA: 51.7min
[23040/50000] Loss: 2.7803e-02 | PDE: 4.1065e-03 | Holes: 8.0022e-05 | Ext: 8.6867e-04 | ms/ep: 127.2 | LR: 5.66e-04 | ETA: 57.2min
[23050/50000] Loss: 3.9716e-02 | PDE: 5.0996e-03 | Holes: 2.3196e-04 | Ext: 1.1200e-03 | ms/ep: 123.4 | LR: 5.65e-04 | ETA: 55.4min
[23060/50000] Loss: 3.2534e-02 | PDE: 7.3503e-03 | Holes: 1.5420e-04 | Ext: 7.3963e-04 | ms/ep: 122.9 | LR: 5.65e-04 | ETA: 55.2min
[23070/50000] Loss: 2.3924e-02 | PDE: 2.6520e-03 | Holes: 7.4564e-05 | Ext: 7.3080e-04 | ms/ep: 114.3 | LR: 5.65e-04 | ETA: 51.3min
[23080/50000] Loss: 1.7964e-02 | PDE: 2.0769e-03 | Holes: 1.0964e-05 | Ext: 4.5293e-04 | ms/ep: 109.8 | LR: 5.65e-04 | ETA: 49.3min
[23090/50000] Loss: 1.8518e-02 | PDE: 2.1066e-03 | Holes: 1.9631e-05 | Ext: 4.5686e-04 | ms/ep: 107.2 | LR: 5.64e-04 | ETA: 48.1min
[23100/50000] Loss: 1.7227e-02 | PDE: 1.7928e-03 | Holes: 7.5320e-06 | Ext: 4.6951e-04 | ms/ep: 119.7 | LR: 5.64e-04 | ETA: 53.7min
[23110/50000] Loss: 1.7725e-02 | PDE: 1.8425e-03 | Holes: 1.2077e-05 | Ext: 5.4217e-04 | ms/ep: 117.5 | LR: 5.64e-04 | ETA: 52.7min
[23120/50000] Loss: 1.6956e-02 | PDE: 1.6758e-03 | Holes: 6.1120e-06 | Ext: 4.5236e-04 | ms/ep: 107.2 | LR: 5.63e-04 | ETA: 48.0min
[23130/50000] Loss: 1.7370e-02 | PDE: 1.7683e-03 | Holes: 1.1940e-05 | Ext: 4.4141e-04 | ms/ep: 106.6 | LR: 5.63e-04 | ETA: 47.8min
[23140/50000] Loss: 1.7343e-02 | PDE: 1.7962e-03 | Holes: 1.1911e-05 | Ext: 4.3877e-04 | ms/ep: 108.8 | LR: 5.63e-04 | ETA: 48.7min
[23150/50000] Loss: 1.7032e-02 | PDE: 1.7656e-03 | Holes: 8.6450e-06 | Ext: 4.5403e-04 | ms/ep: 116.0 | LR: 5.62e-04 | ETA: 51.9min
[23160/50000] Loss: 1.9319e-02 | PDE: 3.1194e-03 | Holes: 2.3873e-05 | Ext: 5.4123e-04 | ms/ep: 108.5 | LR: 5.62e-04 | ETA: 48.5min
[23170/50000] Loss: 1.7160e-02 | PDE: 1.7479e-03 | Holes: 1.1528e-05 | Ext: 4.8573e-04 | ms/ep: 104.8 | LR: 5.62e-04 | ETA: 46.9min
[23180/50000] Loss: 1.7246e-02 | PDE: 1.8630e-03 | Holes: 9.1576e-06 | Ext: 4.4999e-04 | ms/ep: 107.2 | LR: 5.61e-04 | ETA: 47.9min
[23190/50000] Loss: 1.8364e-02 | PDE: 2.6663e-03 | Holes: 1.2469e-05 | Ext: 4.1876e-04 | ms/ep: 106.4 | LR: 5.61e-04 | ETA: 47.6min
[23200/50000] Loss: 1.7863e-02 | PDE: 2.1858e-03 | Holes: 7.4142e-06 | Ext: 3.8858e-04 | ms/ep: 104.5 | LR: 5.61e-04 | ETA: 46.7min
[23210/50000] Loss: 1.7882e-02 | PDE: 1.8212e-03 | Holes: 1.1574e-05 | Ext: 3.8444e-04 | ms/ep: 104.6 | LR: 5.61e-04 | ETA: 46.7min
[23220/50000] Loss: 1.8403e-02 | PDE: 2.3159e-03 | Holes: 2.2608e-05 | Ext: 5.3092e-04 | ms/ep: 125.5 | LR: 5.60e-04 | ETA: 56.0min
[23230/50000] Loss: 1.7920e-02 | PDE: 2.2776e-03 | Holes: 1.8549e-05 | Ext: 5.0693e-04 | ms/ep: 117.9 | LR: 5.60e-04 | ETA: 52.6min
[23240/50000] Loss: 1.7248e-02 | PDE: 1.8593e-03 | Holes: 1.3789e-05 | Ext: 4.6476e-04 | ms/ep: 105.3 | LR: 5.60e-04 | ETA: 47.0min
[23250/50000] Loss: 1.9234e-02 | PDE: 2.1676e-03 | Holes: 3.8976e-05 | Ext: 5.4871e-04 | ms/ep: 104.4 | LR: 5.59e-04 | ETA: 46.5min
[23260/50000] Loss: 1.9052e-02 | PDE: 1.9215e-03 | Holes: 2.0933e-05 | Ext: 6.5167e-04 | ms/ep: 104.4 | LR: 5.59e-04 | ETA: 46.5min
[23270/50000] Loss: 1.7299e-02 | PDE: 1.9597e-03 | Holes: 1.1159e-05 | Ext: 5.0377e-04 | ms/ep: 112.4 | LR: 5.59e-04 | ETA: 50.1min
[23280/50000] Loss: 2.1911e-02 | PDE: 2.8799e-03 | Holes: 7.7120e-05 | Ext: 5.5055e-04 | ms/ep: 118.3 | LR: 5.58e-04 | ETA: 52.7min
[23290/50000] Loss: 1.8716e-02 | PDE: 2.7076e-03 | Holes: 1.9860e-05 | Ext: 4.3719e-04 | ms/ep: 104.2 | LR: 5.58e-04 | ETA: 46.4min
[23300/50000] Loss: 2.8117e-02 | PDE: 2.7298e-03 | Holes: 7.6073e-05 | Ext: 9.1348e-04 | ms/ep: 104.6 | LR: 5.58e-04 | ETA: 46.6min
[23310/50000] Loss: 2.2318e-02 | PDE: 3.6248e-03 | Holes: 6.5765e-05 | Ext: 4.6877e-04 | ms/ep: 104.2 | LR: 5.57e-04 | ETA: 46.4min
[23320/50000] Loss: 2.7091e-02 | PDE: 3.6474e-03 | Holes: 9.6893e-05 | Ext: 7.7905e-04 | ms/ep: 104.3 | LR: 5.57e-04 | ETA: 46.4min
[23330/50000] Loss: 2.0228e-02 | PDE: 3.0400e-03 | Holes: 3.3900e-05 | Ext: 5.5890e-04 | ms/ep: 104.4 | LR: 5.57e-04 | ETA: 46.4min
[23340/50000] Loss: 2.2705e-02 | PDE: 3.4407e-03 | Holes: 7.9790e-05 | Ext: 5.3758e-04 | ms/ep: 104.4 | LR: 5.57e-04 | ETA: 46.4min
[23350/50000] Loss: 1.7441e-02 | PDE: 2.0025e-03 | Holes: 1.3029e-05 | Ext: 4.8340e-04 | ms/ep: 112.4 | LR: 5.56e-04 | ETA: 49.9min
[23360/50000] Loss: 1.9592e-02 | PDE: 3.1322e-03 | Holes: 3.2444e-05 | Ext: 4.8928e-04 | ms/ep: 128.4 | LR: 5.56e-04 | ETA: 57.0min
[23370/50000] Loss: 2.1607e-02 | PDE: 3.7563e-03 | Holes: 3.3997e-05 | Ext: 4.0212e-04 | ms/ep: 123.9 | LR: 5.56e-04 | ETA: 55.0min
[23380/50000] Loss: 2.6278e-02 | PDE: 4.0491e-03 | Holes: 1.1962e-04 | Ext: 5.4507e-04 | ms/ep: 126.6 | LR: 5.55e-04 | ETA: 56.2min
[23390/50000] Loss: 4.5333e-02 | PDE: 1.4371e-02 | Holes: 1.1423e-04 | Ext: 1.1150e-03 | ms/ep: 127.6 | LR: 5.55e-04 | ETA: 56.6min
[23400/50000] Loss: 2.9400e-02 | PDE: 6.6758e-03 | Holes: 9.1119e-05 | Ext: 6.5387e-04 | ms/ep: 108.2 | LR: 5.55e-04 | ETA: 48.0min
[23410/50000] Loss: 2.1714e-02 | PDE: 4.1700e-03 | Holes: 3.3730e-05 | Ext: 4.3734e-04 | ms/ep: 123.8 | LR: 5.54e-04 | ETA: 54.9min
[23420/50000] Loss: 1.8238e-02 | PDE: 2.3039e-03 | Holes: 7.9720e-06 | Ext: 3.8126e-04 | ms/ep: 121.3 | LR: 5.54e-04 | ETA: 53.7min
[23430/50000] Loss: 1.7244e-02 | PDE: 2.0345e-03 | Holes: 8.3644e-06 | Ext: 4.1616e-04 | ms/ep: 111.8 | LR: 5.54e-04 | ETA: 49.5min
[23440/50000] Loss: 1.7694e-02 | PDE: 1.8507e-03 | Holes: 1.5538e-05 | Ext: 3.8853e-04 | ms/ep: 108.1 | LR: 5.53e-04 | ETA: 47.8min
[23450/50000] Loss: 1.6908e-02 | PDE: 1.8160e-03 | Holes: 1.2628e-05 | Ext: 4.6087e-04 | ms/ep: 104.7 | LR: 5.53e-04 | ETA: 46.3min
[23460/50000] Loss: 2.0501e-02 | PDE: 2.3056e-03 | Holes: 5.4382e-05 | Ext: 6.1280e-04 | ms/ep: 104.4 | LR: 5.53e-04 | ETA: 46.2min
[23470/50000] Loss: 1.7565e-02 | PDE: 2.0749e-03 | Holes: 1.8036e-05 | Ext: 5.2768e-04 | ms/ep: 104.4 | LR: 5.53e-04 | ETA: 46.2min
[23480/50000] Loss: 2.0059e-02 | PDE: 3.2567e-03 | Holes: 3.6675e-05 | Ext: 4.1176e-04 | ms/ep: 104.5 | LR: 5.52e-04 | ETA: 46.2min
[23490/50000] Loss: 2.3406e-02 | PDE: 3.9600e-03 | Holes: 5.2045e-05 | Ext: 6.8839e-04 | ms/ep: 104.5 | LR: 5.52e-04 | ETA: 46.2min
[23500/50000] Loss: 2.1933e-02 | PDE: 5.2432e-03 | Holes: 2.2205e-05 | Ext: 3.8563e-04 | ms/ep: 106.8 | LR: 5.52e-04 | ETA: 47.2min
[23510/50000] Loss: 2.0891e-02 | PDE: 3.8555e-03 | Holes: 2.9602e-05 | Ext: 4.3276e-04 | ms/ep: 123.9 | LR: 5.51e-04 | ETA: 54.7min
[23520/50000] Loss: 3.9789e-02 | PDE: 6.9197e-03 | Holes: 1.6842e-04 | Ext: 1.1783e-03 | ms/ep: 113.2 | LR: 5.51e-04 | ETA: 50.0min
[23530/50000] Loss: 3.0855e-02 | PDE: 1.0433e-02 | Holes: 7.8910e-05 | Ext: 5.2030e-04 | ms/ep: 105.8 | LR: 5.51e-04 | ETA: 46.7min
[23540/50000] Loss: 4.5558e-02 | PDE: 8.7619e-03 | Holes: 3.2038e-04 | Ext: 4.8111e-04 | ms/ep: 105.2 | LR: 5.50e-04 | ETA: 46.4min
[23550/50000] Loss: 4.2849e-02 | PDE: 1.1202e-02 | Holes: 1.6084e-04 | Ext: 7.2357e-04 | ms/ep: 105.3 | LR: 5.50e-04 | ETA: 46.4min
[23560/50000] Loss: 2.8075e-02 | PDE: 6.3846e-03 | Holes: 9.8204e-05 | Ext: 5.7578e-04 | ms/ep: 105.6 | LR: 5.50e-04 | ETA: 46.5min
[23570/50000] Loss: 2.0315e-02 | PDE: 3.0264e-03 | Holes: 4.1079e-05 | Ext: 4.8737e-04 | ms/ep: 106.0 | LR: 5.49e-04 | ETA: 46.7min
[23580/50000] Loss: 1.9115e-02 | PDE: 2.8342e-03 | Holes: 2.4815e-05 | Ext: 5.3388e-04 | ms/ep: 105.0 | LR: 5.49e-04 | ETA: 46.2min
[23590/50000] Loss: 1.7337e-02 | PDE: 2.0753e-03 | Holes: 1.1061e-05 | Ext: 5.1545e-04 | ms/ep: 105.6 | LR: 5.49e-04 | ETA: 46.5min
[23600/50000] Loss: 1.6816e-02 | PDE: 1.6676e-03 | Holes: 1.2061e-05 | Ext: 5.0590e-04 | ms/ep: 105.5 | LR: 5.48e-04 | ETA: 46.4min
[23610/50000] Loss: 1.7768e-02 | PDE: 1.9461e-03 | Holes: 2.0272e-05 | Ext: 5.4861e-04 | ms/ep: 105.3 | LR: 5.48e-04 | ETA: 46.3min
[23620/50000] Loss: 1.6736e-02 | PDE: 1.8627e-03 | Holes: 8.7256e-06 | Ext: 5.0769e-04 | ms/ep: 105.7 | LR: 5.48e-04 | ETA: 46.5min
[23630/50000] Loss: 1.7795e-02 | PDE: 1.9726e-03 | Holes: 2.4994e-05 | Ext: 5.3069e-04 | ms/ep: 105.3 | LR: 5.48e-04 | ETA: 46.3min
[23640/50000] Loss: 1.8236e-02 | PDE: 2.6226e-03 | Holes: 2.2211e-05 | Ext: 4.3168e-04 | ms/ep: 105.4 | LR: 5.47e-04 | ETA: 46.3min
[23650/50000] Loss: 1.8707e-02 | PDE: 2.6252e-03 | Holes: 3.0261e-05 | Ext: 5.1065e-04 | ms/ep: 105.2 | LR: 5.47e-04 | ETA: 46.2min
[23660/50000] Loss: 1.8457e-02 | PDE: 1.8817e-03 | Holes: 2.2147e-05 | Ext: 6.2245e-04 | ms/ep: 105.8 | LR: 5.47e-04 | ETA: 46.4min
[23670/50000] Loss: 1.7745e-02 | PDE: 1.8333e-03 | Holes: 1.8184e-05 | Ext: 3.6165e-04 | ms/ep: 105.0 | LR: 5.46e-04 | ETA: 46.1min
[23680/50000] Loss: 2.3793e-02 | PDE: 4.5138e-03 | Holes: 8.3195e-05 | Ext: 5.9807e-04 | ms/ep: 105.6 | LR: 5.46e-04 | ETA: 46.3min
[23690/50000] Loss: 1.8085e-02 | PDE: 2.5159e-03 | Holes: 1.7879e-05 | Ext: 4.5127e-04 | ms/ep: 104.7 | LR: 5.46e-04 | ETA: 45.9min
[23700/50000] Loss: 2.5352e-02 | PDE: 6.2988e-03 | Holes: 7.4501e-05 | Ext: 5.6991e-04 | ms/ep: 105.1 | LR: 5.45e-04 | ETA: 46.1min
[23710/50000] Loss: 2.1736e-02 | PDE: 2.3603e-03 | Holes: 6.0899e-05 | Ext: 4.1189e-04 | ms/ep: 105.3 | LR: 5.45e-04 | ETA: 46.1min
[23720/50000] Loss: 1.9872e-02 | PDE: 3.5600e-03 | Holes: 2.5080e-05 | Ext: 3.8695e-04 | ms/ep: 105.2 | LR: 5.45e-04 | ETA: 46.1min
[23730/50000] Loss: 1.7148e-02 | PDE: 2.1920e-03 | Holes: 8.1546e-06 | Ext: 4.1620e-04 | ms/ep: 112.5 | LR: 5.44e-04 | ETA: 49.3min
[23740/50000] Loss: 1.8051e-02 | PDE: 2.2136e-03 | Holes: 1.3671e-05 | Ext: 3.7988e-04 | ms/ep: 124.9 | LR: 5.44e-04 | ETA: 54.6min
[23750/50000] Loss: 1.9717e-02 | PDE: 2.0515e-03 | Holes: 4.6927e-05 | Ext: 3.7984e-04 | ms/ep: 128.0 | LR: 5.44e-04 | ETA: 56.0min
[23760/50000] Loss: 1.7399e-02 | PDE: 2.3169e-03 | Holes: 1.1027e-05 | Ext: 4.6581e-04 | ms/ep: 110.7 | LR: 5.44e-04 | ETA: 48.4min
[23770/50000] Loss: 1.9864e-02 | PDE: 2.5561e-03 | Holes: 4.9701e-05 | Ext: 5.5199e-04 | ms/ep: 106.4 | LR: 5.43e-04 | ETA: 46.5min
[23780/50000] Loss: 1.7176e-02 | PDE: 2.2015e-03 | Holes: 1.4688e-05 | Ext: 4.2411e-04 | ms/ep: 106.4 | LR: 5.43e-04 | ETA: 46.5min
[23790/50000] Loss: 1.7995e-02 | PDE: 2.5617e-03 | Holes: 6.1950e-06 | Ext: 6.0708e-04 | ms/ep: 111.7 | LR: 5.43e-04 | ETA: 48.8min
[23800/50000] Loss: 2.6023e-02 | PDE: 4.8068e-03 | Holes: 1.3697e-05 | Ext: 8.8361e-04 | ms/ep: 106.4 | LR: 5.42e-04 | ETA: 46.5min
[23810/50000] Loss: 1.5381e-01 | PDE: 6.2142e-02 | Holes: 6.4684e-04 | Ext: 2.7110e-03 | ms/ep: 106.1 | LR: 5.42e-04 | ETA: 46.3min
[23820/50000] Loss: 8.6259e-02 | PDE: 3.8195e-02 | Holes: 1.3742e-04 | Ext: 1.1383e-03 | ms/ep: 106.1 | LR: 5.42e-04 | ETA: 46.3min
[23830/50000] Loss: 5.3885e-02 | PDE: 1.8602e-02 | Holes: 1.3840e-04 | Ext: 8.2968e-04 | ms/ep: 115.6 | LR: 5.41e-04 | ETA: 50.4min
[23840/50000] Loss: 3.4469e-02 | PDE: 9.8780e-03 | Holes: 3.4796e-05 | Ext: 5.5458e-04 | ms/ep: 120.1 | LR: 5.41e-04 | ETA: 52.4min
[23850/50000] Loss: 2.8076e-02 | PDE: 6.5157e-03 | Holes: 1.9657e-05 | Ext: 5.7483e-04 | ms/ep: 106.6 | LR: 5.41e-04 | ETA: 46.5min
[23860/50000] Loss: 2.3982e-02 | PDE: 4.8977e-03 | Holes: 1.9233e-05 | Ext: 6.1150e-04 | ms/ep: 106.2 | LR: 5.40e-04 | ETA: 46.3min
[23870/50000] Loss: 2.1302e-02 | PDE: 2.9295e-03 | Holes: 1.1497e-05 | Ext: 6.2620e-04 | ms/ep: 106.2 | LR: 5.40e-04 | ETA: 46.3min
[23880/50000] Loss: 2.0283e-02 | PDE: 2.5192e-03 | Holes: 1.0041e-05 | Ext: 5.7703e-04 | ms/ep: 106.0 | LR: 5.40e-04 | ETA: 46.1min
[23890/50000] Loss: 1.9898e-02 | PDE: 2.3330e-03 | Holes: 9.0679e-06 | Ext: 6.3649e-04 | ms/ep: 106.2 | LR: 5.39e-04 | ETA: 46.2min
[23900/50000] Loss: 2.0690e-02 | PDE: 2.3456e-03 | Holes: 1.9952e-05 | Ext: 6.7522e-04 | ms/ep: 106.2 | LR: 5.39e-04 | ETA: 46.2min
[23910/50000] Loss: 1.9381e-02 | PDE: 2.1451e-03 | Holes: 8.7490e-06 | Ext: 6.1984e-04 | ms/ep: 106.1 | LR: 5.39e-04 | ETA: 46.1min
[23920/50000] Loss: 2.2009e-02 | PDE: 2.7592e-03 | Holes: 2.9531e-05 | Ext: 7.3582e-04 | ms/ep: 117.6 | LR: 5.39e-04 | ETA: 51.1min
[23930/50000] Loss: 1.8902e-02 | PDE: 2.0548e-03 | Holes: 8.6278e-06 | Ext: 5.4394e-04 | ms/ep: 120.2 | LR: 5.38e-04 | ETA: 52.2min
[23940/50000] Loss: 2.0919e-02 | PDE: 2.4293e-03 | Holes: 3.4836e-05 | Ext: 5.0609e-04 | ms/ep: 112.3 | LR: 5.38e-04 | ETA: 48.8min
[23950/50000] Loss: 1.9274e-02 | PDE: 2.0400e-03 | Holes: 1.6652e-05 | Ext: 5.1692e-04 | ms/ep: 126.1 | LR: 5.38e-04 | ETA: 54.8min
[23960/50000] Loss: 1.9710e-02 | PDE: 2.2860e-03 | Holes: 1.9483e-05 | Ext: 5.0295e-04 | ms/ep: 125.6 | LR: 5.37e-04 | ETA: 54.5min
[23970/50000] Loss: 1.8362e-02 | PDE: 1.8332e-03 | Holes: 7.7043e-06 | Ext: 5.6350e-04 | ms/ep: 127.4 | LR: 5.37e-04 | ETA: 55.3min
[23980/50000] Loss: 1.9063e-02 | PDE: 2.1076e-03 | Holes: 1.4872e-05 | Ext: 5.8466e-04 | ms/ep: 123.8 | LR: 5.37e-04 | ETA: 53.7min
[23990/50000] Loss: 2.4374e-02 | PDE: 3.1332e-03 | Holes: 6.7360e-05 | Ext: 4.4701e-04 | ms/ep: 119.1 | LR: 5.36e-04 | ETA: 51.6min
[24000/50000] Loss: 1.9921e-02 | PDE: 1.9710e-03 | Holes: 3.2448e-05 | Ext: 5.2045e-04 | ms/ep: 114.5 | LR: 5.36e-04 | ETA: 49.6min
[24010/50000] Loss: 2.0382e-02 | PDE: 2.6403e-03 | Holes: 3.1124e-05 | Ext: 5.8602e-04 | ms/ep: 111.5 | LR: 5.36e-04 | ETA: 48.3min
[24020/50000] Loss: 2.2889e-02 | PDE: 2.6445e-03 | Holes: 7.6110e-05 | Ext: 5.3155e-04 | ms/ep: 110.1 | LR: 5.35e-04 | ETA: 47.7min
[24030/50000] Loss: 1.9350e-02 | PDE: 2.1111e-03 | Holes: 1.9777e-05 | Ext: 4.8727e-04 | ms/ep: 108.7 | LR: 5.35e-04 | ETA: 47.0min
[24040/50000] Loss: 2.3409e-02 | PDE: 2.7436e-03 | Holes: 8.1640e-05 | Ext: 5.3880e-04 | ms/ep: 107.5 | LR: 5.35e-04 | ETA: 46.5min
[24050/50000] Loss: 1.9723e-02 | PDE: 2.7993e-03 | Holes: 1.2991e-05 | Ext: 4.3900e-04 | ms/ep: 109.7 | LR: 5.35e-04 | ETA: 47.4min
[24060/50000] Loss: 1.8878e-02 | PDE: 2.0320e-03 | Holes: 1.5546e-05 | Ext: 5.0738e-04 | ms/ep: 115.0 | LR: 5.34e-04 | ETA: 49.7min
[24070/50000] Loss: 2.7337e-02 | PDE: 3.3159e-03 | Holes: 9.6873e-05 | Ext: 8.7715e-04 | ms/ep: 109.7 | LR: 5.34e-04 | ETA: 47.4min
[24080/50000] Loss: 3.3358e-02 | PDE: 6.6790e-03 | Holes: 3.0007e-05 | Ext: 3.0341e-04 | ms/ep: 125.3 | LR: 5.34e-04 | ETA: 54.1min
[24090/50000] Loss: 7.4107e-02 | PDE: 2.0894e-02 | Holes: 3.4005e-04 | Ext: 1.8546e-03 | ms/ep: 124.7 | LR: 5.33e-04 | ETA: 53.8min
[24100/50000] Loss: 4.0704e-02 | PDE: 7.1895e-03 | Holes: 1.9839e-04 | Ext: 1.0257e-03 | ms/ep: 120.5 | LR: 5.33e-04 | ETA: 52.0min
[24110/50000] Loss: 2.4461e-02 | PDE: 5.6074e-03 | Holes: 4.5304e-05 | Ext: 5.7825e-04 | ms/ep: 110.1 | LR: 5.33e-04 | ETA: 47.5min
[24120/50000] Loss: 1.9959e-02 | PDE: 2.6475e-03 | Holes: 8.7196e-06 | Ext: 6.6004e-04 | ms/ep: 119.8 | LR: 5.32e-04 | ETA: 51.7min
[24130/50000] Loss: 1.8200e-02 | PDE: 1.9416e-03 | Holes: 6.7278e-06 | Ext: 4.6563e-04 | ms/ep: 121.1 | LR: 5.32e-04 | ETA: 52.2min
[24140/50000] Loss: 1.7885e-02 | PDE: 1.8698e-03 | Holes: 7.5046e-06 | Ext: 5.7890e-04 | ms/ep: 120.3 | LR: 5.32e-04 | ETA: 51.9min
[24150/50000] Loss: 1.7744e-02 | PDE: 1.8802e-03 | Holes: 1.0663e-05 | Ext: 5.3810e-04 | ms/ep: 106.7 | LR: 5.31e-04 | ETA: 46.0min
[24160/50000] Loss: 1.9326e-02 | PDE: 2.1735e-03 | Holes: 2.6526e-05 | Ext: 6.1826e-04 | ms/ep: 119.9 | LR: 5.31e-04 | ETA: 51.7min
[24170/50000] Loss: 1.8168e-02 | PDE: 1.8265e-03 | Holes: 2.3906e-05 | Ext: 4.7149e-04 | ms/ep: 104.5 | LR: 5.31e-04 | ETA: 45.0min
[24180/50000] Loss: 1.6988e-02 | PDE: 1.6525e-03 | Holes: 7.2157e-06 | Ext: 4.7547e-04 | ms/ep: 104.5 | LR: 5.30e-04 | ETA: 45.0min
[24190/50000] Loss: 1.8851e-02 | PDE: 2.0830e-03 | Holes: 3.1498e-05 | Ext: 4.6180e-04 | ms/ep: 104.6 | LR: 5.30e-04 | ETA: 45.0min
[24200/50000] Loss: 1.8381e-02 | PDE: 2.3432e-03 | Holes: 2.0655e-05 | Ext: 4.5704e-04 | ms/ep: 104.3 | LR: 5.30e-04 | ETA: 44.9min
[24210/50000] Loss: 1.9166e-02 | PDE: 2.0548e-03 | Holes: 3.9095e-05 | Ext: 4.6764e-04 | ms/ep: 104.5 | LR: 5.30e-04 | ETA: 44.9min
[24220/50000] Loss: 1.8844e-02 | PDE: 1.8662e-03 | Holes: 3.5968e-05 | Ext: 5.5468e-04 | ms/ep: 104.5 | LR: 5.29e-04 | ETA: 44.9min
[24230/50000] Loss: 2.1129e-02 | PDE: 3.6363e-03 | Holes: 2.3811e-05 | Ext: 4.0084e-04 | ms/ep: 104.5 | LR: 5.29e-04 | ETA: 44.9min
[24240/50000] Loss: 2.7545e-02 | PDE: 6.3964e-03 | Holes: 5.2650e-05 | Ext: 3.8626e-04 | ms/ep: 104.5 | LR: 5.29e-04 | ETA: 44.9min
[24250/50000] Loss: 2.7956e-02 | PDE: 5.5778e-03 | Holes: 3.3674e-05 | Ext: 7.9486e-04 | ms/ep: 104.5 | LR: 5.28e-04 | ETA: 44.8min
[24260/50000] Loss: 1.9716e-02 | PDE: 2.9840e-03 | Holes: 1.4199e-05 | Ext: 6.5157e-04 | ms/ep: 104.5 | LR: 5.28e-04 | ETA: 44.8min
[24270/50000] Loss: 2.5523e-02 | PDE: 3.9086e-03 | Holes: 3.6691e-05 | Ext: 3.4692e-04 | ms/ep: 104.3 | LR: 5.28e-04 | ETA: 44.7min
[24280/50000] Loss: 8.2002e-02 | PDE: 1.7675e-02 | Holes: 2.8419e-04 | Ext: 5.7809e-04 | ms/ep: 104.2 | LR: 5.27e-04 | ETA: 44.7min
[24290/50000] Loss: 5.3889e-02 | PDE: 1.6162e-02 | Holes: 3.5720e-04 | Ext: 9.7578e-04 | ms/ep: 104.4 | LR: 5.27e-04 | ETA: 44.7min
[24300/50000] Loss: 2.7897e-02 | PDE: 7.3013e-03 | Holes: 4.8609e-05 | Ext: 6.7753e-04 | ms/ep: 104.9 | LR: 5.27e-04 | ETA: 44.9min
[24310/50000] Loss: 2.2037e-02 | PDE: 3.5187e-03 | Holes: 3.2146e-05 | Ext: 5.6592e-04 | ms/ep: 104.5 | LR: 5.26e-04 | ETA: 44.8min
[24320/50000] Loss: 1.9231e-02 | PDE: 2.4763e-03 | Holes: 1.4596e-05 | Ext: 4.8128e-04 | ms/ep: 104.4 | LR: 5.26e-04 | ETA: 44.7min
[24330/50000] Loss: 1.8758e-02 | PDE: 2.2311e-03 | Holes: 1.2464e-05 | Ext: 6.0532e-04 | ms/ep: 104.4 | LR: 5.26e-04 | ETA: 44.7min
[24340/50000] Loss: 1.7300e-02 | PDE: 1.6987e-03 | Holes: 6.1546e-06 | Ext: 4.9751e-04 | ms/ep: 104.5 | LR: 5.26e-04 | ETA: 44.7min
[24350/50000] Loss: 2.0830e-02 | PDE: 2.4937e-03 | Holes: 4.0545e-05 | Ext: 4.1903e-04 | ms/ep: 104.4 | LR: 5.25e-04 | ETA: 44.6min
[24360/50000] Loss: 1.8612e-02 | PDE: 1.8911e-03 | Holes: 2.3053e-05 | Ext: 5.8866e-04 | ms/ep: 104.4 | LR: 5.25e-04 | ETA: 44.6min
[24370/50000] Loss: 1.7162e-02 | PDE: 1.7244e-03 | Holes: 9.7075e-06 | Ext: 4.4253e-04 | ms/ep: 104.7 | LR: 5.25e-04 | ETA: 44.7min
[24380/50000] Loss: 1.8543e-02 | PDE: 2.3739e-03 | Holes: 1.5796e-05 | Ext: 5.9383e-04 | ms/ep: 104.4 | LR: 5.24e-04 | ETA: 44.6min
[24390/50000] Loss: 1.7405e-02 | PDE: 1.8341e-03 | Holes: 1.5562e-05 | Ext: 4.5894e-04 | ms/ep: 104.7 | LR: 5.24e-04 | ETA: 44.7min
[24400/50000] Loss: 1.6598e-02 | PDE: 1.6515e-03 | Holes: 6.9135e-06 | Ext: 4.5639e-04 | ms/ep: 104.5 | LR: 5.24e-04 | ETA: 44.6min
[24410/50000] Loss: 1.6460e-02 | PDE: 1.6689e-03 | Holes: 4.9718e-06 | Ext: 4.2363e-04 | ms/ep: 104.5 | LR: 5.23e-04 | ETA: 44.6min
[24420/50000] Loss: 2.4838e-02 | PDE: 4.5579e-03 | Holes: 8.5709e-05 | Ext: 5.7511e-04 | ms/ep: 104.5 | LR: 5.23e-04 | ETA: 44.5min
[24430/50000] Loss: 3.6960e-02 | PDE: 4.5216e-03 | Holes: 2.0072e-04 | Ext: 5.2364e-04 | ms/ep: 104.4 | LR: 5.23e-04 | ETA: 44.5min
[24440/50000] Loss: 2.7653e-02 | PDE: 4.1742e-03 | Holes: 1.3335e-04 | Ext: 6.3223e-04 | ms/ep: 109.3 | LR: 5.22e-04 | ETA: 46.5min
[24450/50000] Loss: 1.9966e-02 | PDE: 3.3015e-03 | Holes: 2.0526e-05 | Ext: 5.2422e-04 | ms/ep: 111.5 | LR: 5.22e-04 | ETA: 47.5min
[24460/50000] Loss: 1.9558e-02 | PDE: 3.1635e-03 | Holes: 2.1168e-05 | Ext: 6.0650e-04 | ms/ep: 111.5 | LR: 5.22e-04 | ETA: 47.4min
[24470/50000] Loss: 1.8780e-02 | PDE: 2.5300e-03 | Holes: 2.3079e-05 | Ext: 4.4140e-04 | ms/ep: 104.6 | LR: 5.21e-04 | ETA: 44.5min
[24480/50000] Loss: 2.8506e-02 | PDE: 6.9760e-03 | Holes: 1.2217e-04 | Ext: 5.2981e-04 | ms/ep: 104.3 | LR: 5.21e-04 | ETA: 44.4min
[24490/50000] Loss: 2.3073e-02 | PDE: 2.8939e-03 | Holes: 5.2129e-05 | Ext: 4.6874e-04 | ms/ep: 118.9 | LR: 5.21e-04 | ETA: 50.6min
[24500/50000] Loss: 2.1452e-02 | PDE: 3.8623e-03 | Holes: 3.8589e-05 | Ext: 5.4103e-04 | ms/ep: 111.1 | LR: 5.21e-04 | ETA: 47.2min
[24510/50000] Loss: 1.7940e-02 | PDE: 2.2113e-03 | Holes: 1.9839e-05 | Ext: 4.8036e-04 | ms/ep: 110.2 | LR: 5.20e-04 | ETA: 46.8min
[24520/50000] Loss: 1.7045e-02 | PDE: 2.1078e-03 | Holes: 1.3740e-05 | Ext: 4.3803e-04 | ms/ep: 119.5 | LR: 5.20e-04 | ETA: 50.7min
[24530/50000] Loss: 1.6553e-02 | PDE: 1.6107e-03 | Holes: 1.1134e-05 | Ext: 5.1595e-04 | ms/ep: 121.1 | LR: 5.20e-04 | ETA: 51.4min
[24540/50000] Loss: 1.5960e-02 | PDE: 1.6751e-03 | Holes: 6.1637e-06 | Ext: 4.4483e-04 | ms/ep: 120.0 | LR: 5.19e-04 | ETA: 50.9min
[24550/50000] Loss: 1.6308e-02 | PDE: 1.6829e-03 | Holes: 1.3173e-05 | Ext: 4.0957e-04 | ms/ep: 104.4 | LR: 5.19e-04 | ETA: 44.3min
[24560/50000] Loss: 2.2501e-02 | PDE: 3.7525e-03 | Holes: 8.7487e-05 | Ext: 4.9417e-04 | ms/ep: 104.4 | LR: 5.19e-04 | ETA: 44.3min
[24570/50000] Loss: 2.2196e-02 | PDE: 3.3906e-03 | Holes: 7.2259e-05 | Ext: 5.9661e-04 | ms/ep: 104.5 | LR: 5.18e-04 | ETA: 44.3min
[24580/50000] Loss: 1.8631e-02 | PDE: 2.0005e-03 | Holes: 3.3318e-05 | Ext: 3.6924e-04 | ms/ep: 109.3 | LR: 5.18e-04 | ETA: 46.3min
[24590/50000] Loss: 1.8807e-02 | PDE: 2.7550e-03 | Holes: 2.7885e-05 | Ext: 3.5615e-04 | ms/ep: 113.9 | LR: 5.18e-04 | ETA: 48.2min
[24600/50000] Loss: 2.1936e-02 | PDE: 2.8257e-03 | Holes: 5.1886e-05 | Ext: 3.4133e-04 | ms/ep: 114.9 | LR: 5.17e-04 | ETA: 48.6min
[24610/50000] Loss: 2.4597e-02 | PDE: 3.2813e-03 | Holes: 9.8204e-05 | Ext: 6.8449e-04 | ms/ep: 104.7 | LR: 5.17e-04 | ETA: 44.3min
[24620/50000] Loss: 1.7726e-02 | PDE: 1.9733e-03 | Holes: 3.0048e-05 | Ext: 4.4247e-04 | ms/ep: 124.1 | LR: 5.17e-04 | ETA: 52.5min
[24630/50000] Loss: 2.4659e-02 | PDE: 2.8230e-03 | Holes: 1.2762e-04 | Ext: 4.3826e-04 | ms/ep: 112.8 | LR: 5.17e-04 | ETA: 47.7min
[24640/50000] Loss: 2.6241e-02 | PDE: 3.6918e-03 | Holes: 9.8762e-05 | Ext: 6.9997e-04 | ms/ep: 107.7 | LR: 5.16e-04 | ETA: 45.5min
[24650/50000] Loss: 3.3247e-02 | PDE: 5.9851e-03 | Holes: 5.5321e-05 | Ext: 1.1079e-03 | ms/ep: 117.2 | LR: 5.16e-04 | ETA: 49.5min
[24660/50000] Loss: 2.1599e-02 | PDE: 3.3102e-03 | Holes: 4.5087e-05 | Ext: 3.6037e-04 | ms/ep: 104.5 | LR: 5.16e-04 | ETA: 44.2min
[24670/50000] Loss: 1.8366e-02 | PDE: 3.2441e-03 | Holes: 1.2485e-05 | Ext: 4.1276e-04 | ms/ep: 105.2 | LR: 5.15e-04 | ETA: 44.4min
[24680/50000] Loss: 1.6829e-02 | PDE: 2.3924e-03 | Holes: 7.0095e-06 | Ext: 3.8562e-04 | ms/ep: 105.3 | LR: 5.15e-04 | ETA: 44.4min
[24690/50000] Loss: 1.6715e-02 | PDE: 1.6806e-03 | Holes: 1.7073e-05 | Ext: 5.2559e-04 | ms/ep: 105.0 | LR: 5.15e-04 | ETA: 44.3min
[24700/50000] Loss: 1.5747e-02 | PDE: 1.6003e-03 | Holes: 7.8277e-06 | Ext: 3.7959e-04 | ms/ep: 105.0 | LR: 5.14e-04 | ETA: 44.3min
[24710/50000] Loss: 1.5821e-02 | PDE: 1.5876e-03 | Holes: 9.3400e-06 | Ext: 4.8661e-04 | ms/ep: 108.7 | LR: 5.14e-04 | ETA: 45.8min
[24720/50000] Loss: 1.5642e-02 | PDE: 1.7933e-03 | Holes: 6.8986e-06 | Ext: 3.9916e-04 | ms/ep: 105.0 | LR: 5.14e-04 | ETA: 44.2min
[24730/50000] Loss: 2.0397e-02 | PDE: 2.6690e-03 | Holes: 1.4031e-05 | Ext: 7.1899e-04 | ms/ep: 105.6 | LR: 5.13e-04 | ETA: 44.5min
[24740/50000] Loss: 1.6553e-02 | PDE: 2.1719e-03 | Holes: 1.7477e-05 | Ext: 4.3419e-04 | ms/ep: 104.4 | LR: 5.13e-04 | ETA: 43.9min
[24750/50000] Loss: 1.7204e-02 | PDE: 3.0398e-03 | Holes: 7.0540e-06 | Ext: 3.7358e-04 | ms/ep: 104.3 | LR: 5.13e-04 | ETA: 43.9min
[24760/50000] Loss: 1.8361e-02 | PDE: 2.0227e-03 | Holes: 2.4482e-05 | Ext: 3.0947e-04 | ms/ep: 106.3 | LR: 5.12e-04 | ETA: 44.7min
[24770/50000] Loss: 1.7148e-02 | PDE: 2.0336e-03 | Holes: 2.4188e-05 | Ext: 3.7179e-04 | ms/ep: 110.0 | LR: 5.12e-04 | ETA: 46.2min
[24780/50000] Loss: 1.7788e-02 | PDE: 2.4945e-03 | Holes: 2.9025e-05 | Ext: 4.4643e-04 | ms/ep: 104.6 | LR: 5.12e-04 | ETA: 44.0min
[24790/50000] Loss: 1.6632e-02 | PDE: 2.1692e-03 | Holes: 1.7705e-05 | Ext: 4.2959e-04 | ms/ep: 107.0 | LR: 5.12e-04 | ETA: 44.9min
[24800/50000] Loss: 1.5553e-02 | PDE: 1.5365e-03 | Holes: 1.1040e-05 | Ext: 4.5520e-04 | ms/ep: 104.3 | LR: 5.11e-04 | ETA: 43.8min
[24810/50000] Loss: 1.6546e-02 | PDE: 1.8988e-03 | Holes: 2.2734e-05 | Ext: 3.7830e-04 | ms/ep: 104.4 | LR: 5.11e-04 | ETA: 43.8min
[24820/50000] Loss: 1.6219e-02 | PDE: 1.6700e-03 | Holes: 1.7126e-05 | Ext: 3.5896e-04 | ms/ep: 104.6 | LR: 5.11e-04 | ETA: 43.9min
[24830/50000] Loss: 1.6507e-02 | PDE: 1.9324e-03 | Holes: 2.3800e-05 | Ext: 4.2153e-04 | ms/ep: 104.4 | LR: 5.10e-04 | ETA: 43.8min
[24840/50000] Loss: 1.6546e-02 | PDE: 1.7631e-03 | Holes: 1.1455e-05 | Ext: 3.2555e-04 | ms/ep: 105.8 | LR: 5.10e-04 | ETA: 44.4min
[24850/50000] Loss: 2.0256e-02 | PDE: 3.0065e-03 | Holes: 7.1885e-05 | Ext: 4.7344e-04 | ms/ep: 105.7 | LR: 5.10e-04 | ETA: 44.3min
[24860/50000] Loss: 2.0571e-02 | PDE: 2.7514e-03 | Holes: 6.8912e-05 | Ext: 4.2187e-04 | ms/ep: 105.2 | LR: 5.09e-04 | ETA: 44.1min
[24870/50000] Loss: 1.5928e-02 | PDE: 1.8948e-03 | Holes: 8.1243e-06 | Ext: 4.0811e-04 | ms/ep: 105.7 | LR: 5.09e-04 | ETA: 44.3min
[24880/50000] Loss: 1.6388e-02 | PDE: 1.8746e-03 | Holes: 2.2480e-05 | Ext: 4.2183e-04 | ms/ep: 105.8 | LR: 5.09e-04 | ETA: 44.3min
[24890/50000] Loss: 1.8032e-02 | PDE: 1.9493e-03 | Holes: 3.0984e-05 | Ext: 3.2611e-04 | ms/ep: 105.5 | LR: 5.08e-04 | ETA: 44.1min
[24900/50000] Loss: 1.6476e-02 | PDE: 1.7927e-03 | Holes: 2.1786e-05 | Ext: 4.7848e-04 | ms/ep: 105.3 | LR: 5.08e-04 | ETA: 44.0min
[24910/50000] Loss: 1.7562e-02 | PDE: 1.8116e-03 | Holes: 3.6003e-05 | Ext: 5.1596e-04 | ms/ep: 105.3 | LR: 5.08e-04 | ETA: 44.0min
[24920/50000] Loss: 1.9257e-02 | PDE: 3.6950e-03 | Holes: 1.6492e-05 | Ext: 6.0467e-04 | ms/ep: 105.5 | LR: 5.07e-04 | ETA: 44.1min
[24930/50000] Loss: 3.8646e-02 | PDE: 9.4614e-03 | Holes: 2.1185e-04 | Ext: 8.6628e-04 | ms/ep: 105.8 | LR: 5.07e-04 | ETA: 44.2min
[24940/50000] Loss: 2.8737e-02 | PDE: 3.9541e-03 | Holes: 9.4780e-05 | Ext: 9.3472e-04 | ms/ep: 105.7 | LR: 5.07e-04 | ETA: 44.1min
[24950/50000] Loss: 4.3928e-02 | PDE: 1.0036e-02 | Holes: 8.0355e-05 | Ext: 2.4430e-04 | ms/ep: 105.6 | LR: 5.07e-04 | ETA: 44.1min
[24960/50000] Loss: 2.2983e-01 | PDE: 6.7947e-02 | Holes: 9.2487e-04 | Ext: 3.6513e-03 | ms/ep: 105.4 | LR: 5.06e-04 | ETA: 44.0min
[24970/50000] Loss: 1.2790e-01 | PDE: 4.7882e-02 | Holes: 2.2986e-04 | Ext: 2.5331e-03 | ms/ep: 105.9 | LR: 5.06e-04 | ETA: 44.2min
[24980/50000] Loss: 6.8011e-02 | PDE: 2.2423e-02 | Holes: 1.2718e-04 | Ext: 1.3400e-03 | ms/ep: 105.1 | LR: 5.06e-04 | ETA: 43.8min
[24990/50000] Loss: 4.3617e-02 | PDE: 1.2709e-02 | Holes: 3.7763e-05 | Ext: 1.0466e-03 | ms/ep: 105.0 | LR: 5.05e-04 | ETA: 43.8min
[25000/50000] Loss: 3.3952e-02 | PDE: 8.4671e-03 | Holes: 2.8273e-05 | Ext: 8.0489e-04 | ms/ep: 109.1 | LR: 5.05e-04 | ETA: 45.4min
[25010/50000] Loss: 2.9250e-02 | PDE: 6.1290e-03 | Holes: 3.0620e-05 | Ext: 7.6832e-04 | ms/ep: 124.7 | LR: 5.05e-04 | ETA: 51.9min
[25020/50000] Loss: 2.4352e-02 | PDE: 4.3517e-03 | Holes: 1.2135e-05 | Ext: 6.9695e-04 | ms/ep: 125.3 | LR: 5.04e-04 | ETA: 52.1min
[25030/50000] Loss: 2.2243e-02 | PDE: 3.5773e-03 | Holes: 1.1810e-05 | Ext: 5.2256e-04 | ms/ep: 108.8 | LR: 5.04e-04 | ETA: 45.3min
[25040/50000] Loss: 2.0557e-02 | PDE: 2.9353e-03 | Holes: 1.1819e-05 | Ext: 5.9098e-04 | ms/ep: 106.0 | LR: 5.04e-04 | ETA: 44.1min
[25050/50000] Loss: 2.3280e-02 | PDE: 4.1097e-03 | Holes: 4.3559e-05 | Ext: 4.8445e-04 | ms/ep: 106.1 | LR: 5.03e-04 | ETA: 44.1min
[25060/50000] Loss: 1.8507e-02 | PDE: 2.2474e-03 | Holes: 7.0462e-06 | Ext: 5.1661e-04 | ms/ep: 105.9 | LR: 5.03e-04 | ETA: 44.0min
[25070/50000] Loss: 1.8487e-02 | PDE: 2.4152e-03 | Holes: 9.2615e-06 | Ext: 5.5210e-04 | ms/ep: 106.5 | LR: 5.03e-04 | ETA: 44.2min
[25080/50000] Loss: 1.7512e-02 | PDE: 2.0266e-03 | Holes: 7.0552e-06 | Ext: 4.4586e-04 | ms/ep: 106.3 | LR: 5.03e-04 | ETA: 44.2min
[25090/50000] Loss: 1.7368e-02 | PDE: 2.0299e-03 | Holes: 8.0881e-06 | Ext: 5.1119e-04 | ms/ep: 106.5 | LR: 5.02e-04 | ETA: 44.2min
[25100/50000] Loss: 1.8383e-02 | PDE: 2.4721e-03 | Holes: 1.7948e-05 | Ext: 3.9438e-04 | ms/ep: 106.8 | LR: 5.02e-04 | ETA: 44.3min
[25110/50000] Loss: 1.6482e-02 | PDE: 1.7869e-03 | Holes: 5.5098e-06 | Ext: 4.4730e-04 | ms/ep: 112.8 | LR: 5.02e-04 | ETA: 46.8min
[25120/50000] Loss: 1.8246e-02 | PDE: 2.1813e-03 | Holes: 2.3507e-05 | Ext: 5.5352e-04 | ms/ep: 127.9 | LR: 5.01e-04 | ETA: 53.1min
[25130/50000] Loss: 1.6183e-02 | PDE: 1.7122e-03 | Holes: 6.2913e-06 | Ext: 4.3068e-04 | ms/ep: 120.6 | LR: 5.01e-04 | ETA: 50.0min
[25140/50000] Loss: 1.8000e-02 | PDE: 2.2199e-03 | Holes: 2.6545e-05 | Ext: 3.8033e-04 | ms/ep: 115.5 | LR: 5.01e-04 | ETA: 47.9min
[25150/50000] Loss: 1.6026e-02 | PDE: 1.7281e-03 | Holes: 6.4052e-06 | Ext: 4.2236e-04 | ms/ep: 116.4 | LR: 5.00e-04 | ETA: 48.2min
[25160/50000] Loss: 1.8410e-02 | PDE: 2.2376e-03 | Holes: 3.0572e-05 | Ext: 5.3546e-04 | ms/ep: 105.5 | LR: 5.00e-04 | ETA: 43.7min
[25170/50000] Loss: 2.3626e-02 | PDE: 3.3520e-03 | Holes: 8.2445e-05 | Ext: 6.9484e-04 | ms/ep: 104.6 | LR: 5.00e-04 | ETA: 43.3min
[25180/50000] Loss: 1.8378e-02 | PDE: 2.7899e-03 | Holes: 3.0117e-05 | Ext: 4.8648e-04 | ms/ep: 104.5 | LR: 4.99e-04 | ETA: 43.2min
[25190/50000] Loss: 1.7171e-02 | PDE: 2.4690e-03 | Holes: 7.5106e-06 | Ext: 5.2447e-04 | ms/ep: 110.2 | LR: 4.99e-04 | ETA: 45.6min
[25200/50000] Loss: 1.8226e-02 | PDE: 2.2724e-03 | Holes: 3.8880e-05 | Ext: 3.9957e-04 | ms/ep: 104.4 | LR: 4.99e-04 | ETA: 43.2min
[25210/50000] Loss: 1.8521e-02 | PDE: 2.0995e-03 | Holes: 3.4659e-05 | Ext: 3.8357e-04 | ms/ep: 105.4 | LR: 4.98e-04 | ETA: 43.5min
[25220/50000] Loss: 1.6960e-02 | PDE: 2.2394e-03 | Holes: 9.7957e-06 | Ext: 4.1680e-04 | ms/ep: 120.1 | LR: 4.98e-04 | ETA: 49.6min
[25230/50000] Loss: 1.7804e-02 | PDE: 1.8957e-03 | Holes: 1.8990e-05 | Ext: 5.9657e-04 | ms/ep: 107.6 | LR: 4.98e-04 | ETA: 44.4min
[25240/50000] Loss: 1.6181e-02 | PDE: 1.6752e-03 | Holes: 1.8206e-05 | Ext: 4.5823e-04 | ms/ep: 104.6 | LR: 4.98e-04 | ETA: 43.2min
[25250/50000] Loss: 1.6743e-02 | PDE: 2.0336e-03 | Holes: 2.2205e-05 | Ext: 4.7432e-04 | ms/ep: 117.9 | LR: 4.97e-04 | ETA: 48.6min
[25260/50000] Loss: 2.0576e-02 | PDE: 3.6421e-03 | Holes: 6.6897e-05 | Ext: 4.4637e-04 | ms/ep: 124.2 | LR: 4.97e-04 | ETA: 51.2min
[25270/50000] Loss: 2.2811e-02 | PDE: 2.6294e-03 | Holes: 9.0079e-05 | Ext: 4.4685e-04 | ms/ep: 117.4 | LR: 4.97e-04 | ETA: 48.4min
[25280/50000] Loss: 1.7111e-02 | PDE: 2.3181e-03 | Holes: 2.6500e-05 | Ext: 4.3493e-04 | ms/ep: 108.1 | LR: 4.96e-04 | ETA: 44.5min
[25290/50000] Loss: 1.5769e-02 | PDE: 1.8223e-03 | Holes: 1.2029e-05 | Ext: 4.3222e-04 | ms/ep: 104.4 | LR: 4.96e-04 | ETA: 43.0min
[25300/50000] Loss: 1.5592e-02 | PDE: 1.6611e-03 | Holes: 1.2155e-05 | Ext: 4.2957e-04 | ms/ep: 106.6 | LR: 4.96e-04 | ETA: 43.9min
[25310/50000] Loss: 1.5047e-02 | PDE: 1.5593e-03 | Holes: 5.7566e-06 | Ext: 4.0995e-04 | ms/ep: 104.2 | LR: 4.95e-04 | ETA: 42.9min
[25320/50000] Loss: 1.4869e-02 | PDE: 1.4872e-03 | Holes: 4.6383e-06 | Ext: 3.9958e-04 | ms/ep: 107.7 | LR: 4.95e-04 | ETA: 44.3min
[25330/50000] Loss: 1.6185e-02 | PDE: 2.1799e-03 | Holes: 1.4413e-05 | Ext: 3.9656e-04 | ms/ep: 104.5 | LR: 4.95e-04 | ETA: 43.0min
[25340/50000] Loss: 1.4999e-02 | PDE: 1.5251e-03 | Holes: 4.5011e-06 | Ext: 4.5789e-04 | ms/ep: 105.0 | LR: 4.94e-04 | ETA: 43.1min
[25350/50000] Loss: 1.6878e-02 | PDE: 1.9990e-03 | Holes: 2.5428e-05 | Ext: 5.0023e-04 | ms/ep: 104.2 | LR: 4.94e-04 | ETA: 42.8min
[25360/50000] Loss: 1.6730e-02 | PDE: 2.6104e-03 | Holes: 1.3156e-05 | Ext: 4.9339e-04 | ms/ep: 104.5 | LR: 4.94e-04 | ETA: 42.9min
[25370/50000] Loss: 1.6924e-02 | PDE: 2.5267e-03 | Holes: 1.9478e-05 | Ext: 4.8906e-04 | ms/ep: 104.6 | LR: 4.93e-04 | ETA: 42.9min
[25380/50000] Loss: 1.8951e-02 | PDE: 2.0018e-03 | Holes: 3.2404e-05 | Ext: 6.4496e-04 | ms/ep: 104.6 | LR: 4.93e-04 | ETA: 42.9min
[25390/50000] Loss: 1.7168e-02 | PDE: 3.0353e-03 | Holes: 1.9677e-05 | Ext: 4.4297e-04 | ms/ep: 104.3 | LR: 4.93e-04 | ETA: 42.8min
[25400/50000] Loss: 1.6694e-02 | PDE: 2.4362e-03 | Holes: 1.2488e-05 | Ext: 4.9399e-04 | ms/ep: 104.7 | LR: 4.93e-04 | ETA: 42.9min
[25410/50000] Loss: 1.6061e-02 | PDE: 2.0700e-03 | Holes: 1.8968e-05 | Ext: 4.4010e-04 | ms/ep: 104.4 | LR: 4.92e-04 | ETA: 42.8min
[25420/50000] Loss: 1.6145e-02 | PDE: 2.3618e-03 | Holes: 5.5654e-06 | Ext: 4.9400e-04 | ms/ep: 104.5 | LR: 4.92e-04 | ETA: 42.8min
[25430/50000] Loss: 2.1291e-02 | PDE: 3.6113e-03 | Holes: 6.5436e-05 | Ext: 5.8888e-04 | ms/ep: 104.2 | LR: 4.92e-04 | ETA: 42.7min
[25440/50000] Loss: 1.7716e-02 | PDE: 2.0631e-03 | Holes: 2.7618e-05 | Ext: 3.1706e-04 | ms/ep: 104.4 | LR: 4.91e-04 | ETA: 42.7min
[25450/50000] Loss: 1.7241e-02 | PDE: 2.5940e-03 | Holes: 9.3287e-06 | Ext: 3.0195e-04 | ms/ep: 104.5 | LR: 4.91e-04 | ETA: 42.8min
[25460/50000] Loss: 1.9326e-02 | PDE: 2.1999e-03 | Holes: 4.5933e-05 | Ext: 6.2053e-04 | ms/ep: 104.4 | LR: 4.91e-04 | ETA: 42.7min
[25470/50000] Loss: 1.9444e-02 | PDE: 3.4076e-03 | Holes: 5.0526e-05 | Ext: 4.5136e-04 | ms/ep: 114.3 | LR: 4.90e-04 | ETA: 46.7min
[25480/50000] Loss: 1.9282e-02 | PDE: 3.8842e-03 | Holes: 1.5370e-05 | Ext: 5.9392e-04 | ms/ep: 108.0 | LR: 4.90e-04 | ETA: 44.1min
[25490/50000] Loss: 1.7531e-02 | PDE: 3.3976e-03 | Holes: 1.4477e-05 | Ext: 4.7863e-04 | ms/ep: 104.5 | LR: 4.90e-04 | ETA: 42.7min
[25500/50000] Loss: 1.9040e-02 | PDE: 2.0837e-03 | Holes: 4.7869e-05 | Ext: 6.0801e-04 | ms/ep: 104.1 | LR: 4.89e-04 | ETA: 42.5min
[25510/50000] Loss: 2.0054e-02 | PDE: 2.8513e-03 | Holes: 8.0691e-05 | Ext: 4.6753e-04 | ms/ep: 104.7 | LR: 4.89e-04 | ETA: 42.8min
[25520/50000] Loss: 1.6295e-02 | PDE: 1.8007e-03 | Holes: 2.7360e-05 | Ext: 4.2335e-04 | ms/ep: 104.4 | LR: 4.89e-04 | ETA: 42.6min
[25530/50000] Loss: 1.6732e-02 | PDE: 2.0438e-03 | Holes: 1.5491e-05 | Ext: 5.4953e-04 | ms/ep: 104.6 | LR: 4.89e-04 | ETA: 42.7min
[25540/50000] Loss: 1.7734e-02 | PDE: 3.3417e-03 | Holes: 1.6039e-05 | Ext: 5.3542e-04 | ms/ep: 104.3 | LR: 4.88e-04 | ETA: 42.5min
[25550/50000] Loss: 1.8517e-02 | PDE: 3.2862e-03 | Holes: 2.4939e-05 | Ext: 4.5524e-04 | ms/ep: 104.2 | LR: 4.88e-04 | ETA: 42.5min
[25560/50000] Loss: 1.8727e-02 | PDE: 3.0398e-03 | Holes: 4.7252e-05 | Ext: 4.0334e-04 | ms/ep: 104.7 | LR: 4.88e-04 | ETA: 42.6min
[25570/50000] Loss: 1.7677e-02 | PDE: 3.0036e-03 | Holes: 2.8159e-05 | Ext: 4.6935e-04 | ms/ep: 105.6 | LR: 4.87e-04 | ETA: 43.0min
[25580/50000] Loss: 2.1456e-02 | PDE: 5.0531e-03 | Holes: 3.0936e-05 | Ext: 3.3852e-04 | ms/ep: 105.1 | LR: 4.87e-04 | ETA: 42.8min
[25590/50000] Loss: 2.3538e-02 | PDE: 4.9033e-03 | Holes: 7.7713e-05 | Ext: 5.0634e-04 | ms/ep: 105.3 | LR: 4.87e-04 | ETA: 42.8min
[25600/50000] Loss: 1.7467e-02 | PDE: 2.4983e-03 | Holes: 1.5396e-05 | Ext: 3.3476e-04 | ms/ep: 104.8 | LR: 4.86e-04 | ETA: 42.6min
[25610/50000] Loss: 2.1095e-02 | PDE: 2.6589e-03 | Holes: 9.2637e-05 | Ext: 3.8055e-04 | ms/ep: 105.5 | LR: 4.86e-04 | ETA: 42.9min
[25620/50000] Loss: 2.0549e-02 | PDE: 3.0870e-03 | Holes: 6.2371e-05 | Ext: 4.8261e-04 | ms/ep: 104.8 | LR: 4.86e-04 | ETA: 42.6min
[25630/50000] Loss: 2.0255e-02 | PDE: 3.8147e-03 | Holes: 5.7954e-05 | Ext: 4.3952e-04 | ms/ep: 104.5 | LR: 4.85e-04 | ETA: 42.4min
[25640/50000] Loss: 1.6258e-02 | PDE: 2.1445e-03 | Holes: 1.0336e-05 | Ext: 3.4382e-04 | ms/ep: 105.2 | LR: 4.85e-04 | ETA: 42.7min
[25650/50000] Loss: 1.6839e-02 | PDE: 1.9553e-03 | Holes: 3.3927e-05 | Ext: 3.4596e-04 | ms/ep: 105.1 | LR: 4.85e-04 | ETA: 42.6min
[25660/50000] Loss: 2.2823e-02 | PDE: 3.2896e-03 | Holes: 3.2333e-05 | Ext: 7.8412e-04 | ms/ep: 104.8 | LR: 4.84e-04 | ETA: 42.5min
[25670/50000] Loss: 2.3694e-02 | PDE: 6.2982e-03 | Holes: 9.2488e-05 | Ext: 4.4517e-04 | ms/ep: 104.4 | LR: 4.84e-04 | ETA: 42.3min
[25680/50000] Loss: 2.3613e-02 | PDE: 3.4278e-03 | Holes: 5.3089e-05 | Ext: 7.6933e-04 | ms/ep: 105.1 | LR: 4.84e-04 | ETA: 42.6min
[25690/50000] Loss: 2.1573e-02 | PDE: 3.1663e-03 | Holes: 1.0890e-05 | Ext: 7.7550e-04 | ms/ep: 105.1 | LR: 4.84e-04 | ETA: 42.6min
[25700/50000] Loss: 1.9525e-02 | PDE: 2.9985e-03 | Holes: 3.5005e-05 | Ext: 6.1917e-04 | ms/ep: 105.6 | LR: 4.83e-04 | ETA: 42.8min
[25710/50000] Loss: 1.9069e-02 | PDE: 2.0273e-03 | Holes: 7.0338e-05 | Ext: 5.3496e-04 | ms/ep: 104.7 | LR: 4.83e-04 | ETA: 42.4min
[25720/50000] Loss: 1.7254e-02 | PDE: 3.6646e-03 | Holes: 1.2786e-05 | Ext: 3.8541e-04 | ms/ep: 105.0 | LR: 4.83e-04 | ETA: 42.5min
[25730/50000] Loss: 1.7576e-02 | PDE: 3.4035e-03 | Holes: 1.4932e-05 | Ext: 4.8470e-04 | ms/ep: 104.7 | LR: 4.82e-04 | ETA: 42.3min
[25740/50000] Loss: 2.6738e-02 | PDE: 2.8713e-03 | Holes: 2.0149e-04 | Ext: 5.1925e-04 | ms/ep: 105.3 | LR: 4.82e-04 | ETA: 42.6min
[25750/50000] Loss: 2.4553e-02 | PDE: 4.8305e-03 | Holes: 2.2658e-05 | Ext: 7.7937e-04 | ms/ep: 104.3 | LR: 4.82e-04 | ETA: 42.2min
[25760/50000] Loss: 5.2507e-02 | PDE: 1.1163e-02 | Holes: 5.7176e-05 | Ext: 9.4368e-04 | ms/ep: 104.7 | LR: 4.81e-04 | ETA: 42.3min
[25770/50000] Loss: 2.9109e-02 | PDE: 7.5066e-03 | Holes: 7.7581e-05 | Ext: 5.0072e-04 | ms/ep: 105.0 | LR: 4.81e-04 | ETA: 42.4min
[25780/50000] Loss: 2.1367e-02 | PDE: 5.2776e-03 | Holes: 4.1111e-05 | Ext: 5.5388e-04 | ms/ep: 105.0 | LR: 4.81e-04 | ETA: 42.4min
[25790/50000] Loss: 1.7586e-02 | PDE: 2.7742e-03 | Holes: 1.2053e-05 | Ext: 5.4873e-04 | ms/ep: 104.7 | LR: 4.80e-04 | ETA: 42.3min
[25800/50000] Loss: 1.9741e-02 | PDE: 2.5281e-03 | Holes: 4.8371e-05 | Ext: 3.2781e-04 | ms/ep: 105.4 | LR: 4.80e-04 | ETA: 42.5min
[25810/50000] Loss: 1.6288e-02 | PDE: 1.9333e-03 | Holes: 2.0323e-05 | Ext: 4.3948e-04 | ms/ep: 105.2 | LR: 4.80e-04 | ETA: 42.4min
[25820/50000] Loss: 1.9322e-02 | PDE: 2.2971e-03 | Holes: 6.6568e-05 | Ext: 5.4351e-04 | ms/ep: 104.6 | LR: 4.80e-04 | ETA: 42.2min
[25830/50000] Loss: 1.5771e-02 | PDE: 1.6923e-03 | Holes: 2.3317e-05 | Ext: 4.1307e-04 | ms/ep: 104.9 | LR: 4.79e-04 | ETA: 42.3min
[25840/50000] Loss: 1.9383e-02 | PDE: 2.4820e-03 | Holes: 6.3948e-05 | Ext: 3.3891e-04 | ms/ep: 105.2 | LR: 4.79e-04 | ETA: 42.4min
[25850/50000] Loss: 1.5537e-02 | PDE: 1.9941e-03 | Holes: 9.4834e-06 | Ext: 4.2436e-04 | ms/ep: 104.7 | LR: 4.79e-04 | ETA: 42.1min
[25860/50000] Loss: 1.9251e-02 | PDE: 2.3250e-03 | Holes: 5.5342e-05 | Ext: 5.7398e-04 | ms/ep: 105.3 | LR: 4.78e-04 | ETA: 42.4min
[25870/50000] Loss: 1.6190e-02 | PDE: 1.7838e-03 | Holes: 3.2063e-05 | Ext: 4.1750e-04 | ms/ep: 104.6 | LR: 4.78e-04 | ETA: 42.1min
[25880/50000] Loss: 1.6375e-02 | PDE: 1.8689e-03 | Holes: 2.2752e-05 | Ext: 3.2785e-04 | ms/ep: 104.8 | LR: 4.78e-04 | ETA: 42.1min
[25890/50000] Loss: 1.6684e-02 | PDE: 2.0292e-03 | Holes: 1.1431e-05 | Ext: 5.6640e-04 | ms/ep: 104.3 | LR: 4.77e-04 | ETA: 41.9min
[25900/50000] Loss: 1.5212e-02 | PDE: 1.9109e-03 | Holes: 1.3660e-05 | Ext: 4.1600e-04 | ms/ep: 104.2 | LR: 4.77e-04 | ETA: 41.8min
[25910/50000] Loss: 1.5786e-02 | PDE: 2.1260e-03 | Holes: 1.9841e-05 | Ext: 4.3207e-04 | ms/ep: 104.7 | LR: 4.77e-04 | ETA: 42.0min
[25920/50000] Loss: 1.5469e-02 | PDE: 1.9901e-03 | Holes: 1.8927e-05 | Ext: 3.7384e-04 | ms/ep: 104.5 | LR: 4.76e-04 | ETA: 42.0min
[25930/50000] Loss: 1.5335e-02 | PDE: 1.5295e-03 | Holes: 1.7835e-05 | Ext: 4.6978e-04 | ms/ep: 105.0 | LR: 4.76e-04 | ETA: 42.1min
[25940/50000] Loss: 1.6978e-02 | PDE: 2.8970e-03 | Holes: 1.9637e-05 | Ext: 4.8466e-04 | ms/ep: 104.7 | LR: 4.76e-04 | ETA: 42.0min
[25950/50000] Loss: 1.6472e-02 | PDE: 2.6995e-03 | Holes: 1.5513e-05 | Ext: 4.3678e-04 | ms/ep: 104.7 | LR: 4.75e-04 | ETA: 42.0min
[25960/50000] Loss: 2.2937e-02 | PDE: 4.8258e-03 | Holes: 9.3282e-05 | Ext: 4.4098e-04 | ms/ep: 104.7 | LR: 4.75e-04 | ETA: 41.9min
[25970/50000] Loss: 7.5195e-02 | PDE: 2.4957e-02 | Holes: 5.4286e-04 | Ext: 6.4171e-04 | ms/ep: 105.4 | LR: 4.75e-04 | ETA: 42.2min
[25980/50000] Loss: 1.4904e+00 | PDE: 2.7827e-01 | Holes: 7.6635e-03 | Ext: 9.5655e-03 | ms/ep: 105.0 | LR: 4.75e-04 | ETA: 42.0min
[25990/50000] Loss: 7.7102e-01 | PDE: 2.3022e-01 | Holes: 2.2511e-03 | Ext: 1.5961e-02 | ms/ep: 104.7 | LR: 4.74e-04 | ETA: 41.9min
[26000/50000] Loss: 5.1812e-01 | PDE: 1.4839e-01 | Holes: 9.3667e-04 | Ext: 9.8284e-03 | ms/ep: 104.8 | LR: 4.74e-04 | ETA: 41.9min
[26010/50000] Loss: 3.8367e-01 | PDE: 9.8641e-02 | Holes: 3.8557e-04 | Ext: 9.5342e-03 | ms/ep: 104.5 | LR: 4.74e-04 | ETA: 41.8min
[26020/50000] Loss: 3.1783e-01 | PDE: 7.3496e-02 | Holes: 1.5938e-04 | Ext: 8.1268e-03 | ms/ep: 105.2 | LR: 4.73e-04 | ETA: 42.0min
[26030/50000] Loss: 2.8193e-01 | PDE: 6.2584e-02 | Holes: 1.1620e-04 | Ext: 7.4642e-03 | ms/ep: 105.2 | LR: 4.73e-04 | ETA: 42.0min
[26040/50000] Loss: 2.5778e-01 | PDE: 5.3113e-02 | Holes: 8.5498e-05 | Ext: 7.0738e-03 | ms/ep: 105.2 | LR: 4.73e-04 | ETA: 42.0min
[26050/50000] Loss: 2.4025e-01 | PDE: 4.6989e-02 | Holes: 7.0745e-05 | Ext: 6.5603e-03 | ms/ep: 105.1 | LR: 4.72e-04 | ETA: 41.9min
[26060/50000] Loss: 2.2652e-01 | PDE: 4.2507e-02 | Holes: 6.4004e-05 | Ext: 6.3259e-03 | ms/ep: 104.6 | LR: 4.72e-04 | ETA: 41.7min
[26070/50000] Loss: 2.1538e-01 | PDE: 3.9441e-02 | Holes: 5.8725e-05 | Ext: 6.0372e-03 | ms/ep: 106.4 | LR: 4.72e-04 | ETA: 42.4min
[26080/50000] Loss: 2.0603e-01 | PDE: 3.7084e-02 | Holes: 5.6504e-05 | Ext: 5.7964e-03 | ms/ep: 105.7 | LR: 4.71e-04 | ETA: 42.1min
[26090/50000] Loss: 1.9797e-01 | PDE: 3.5160e-02 | Holes: 5.4988e-05 | Ext: 5.5967e-03 | ms/ep: 104.7 | LR: 4.71e-04 | ETA: 41.7min
[26100/50000] Loss: 1.9086e-01 | PDE: 3.3448e-02 | Holes: 5.3587e-05 | Ext: 5.4068e-03 | ms/ep: 104.4 | LR: 4.71e-04 | ETA: 41.6min
[26110/50000] Loss: 1.8451e-01 | PDE: 3.1974e-02 | Holes: 5.1918e-05 | Ext: 5.2419e-03 | ms/ep: 104.6 | LR: 4.71e-04 | ETA: 41.7min
[26120/50000] Loss: 1.7876e-01 | PDE: 3.0638e-02 | Holes: 5.0882e-05 | Ext: 5.0966e-03 | ms/ep: 104.3 | LR: 4.70e-04 | ETA: 41.5min
[26130/50000] Loss: 1.7350e-01 | PDE: 2.9429e-02 | Holes: 4.9947e-05 | Ext: 4.9606e-03 | ms/ep: 104.4 | LR: 4.70e-04 | ETA: 41.5min
[26140/50000] Loss: 1.6865e-01 | PDE: 2.8311e-02 | Holes: 4.9047e-05 | Ext: 4.8355e-03 | ms/ep: 104.9 | LR: 4.70e-04 | ETA: 41.7min
[26150/50000] Loss: 1.6416e-01 | PDE: 2.7277e-02 | Holes: 4.8264e-05 | Ext: 4.7190e-03 | ms/ep: 105.0 | LR: 4.69e-04 | ETA: 41.8min
[26160/50000] Loss: 1.5997e-01 | PDE: 2.6325e-02 | Holes: 4.7597e-05 | Ext: 4.6106e-03 | ms/ep: 106.0 | LR: 4.69e-04 | ETA: 42.1min
[26170/50000] Loss: 1.5606e-01 | PDE: 2.5445e-02 | Holes: 4.7010e-05 | Ext: 4.5088e-03 | ms/ep: 118.3 | LR: 4.69e-04 | ETA: 47.0min
[26180/50000] Loss: 1.5239e-01 | PDE: 2.4630e-02 | Holes: 4.6512e-05 | Ext: 4.4131e-03 | ms/ep: 121.1 | LR: 4.68e-04 | ETA: 48.1min
[26190/50000] Loss: 1.4895e-01 | PDE: 2.3874e-02 | Holes: 4.6071e-05 | Ext: 4.3226e-03 | ms/ep: 121.4 | LR: 4.68e-04 | ETA: 48.2min
[26200/50000] Loss: 1.4570e-01 | PDE: 2.3172e-02 | Holes: 4.5679e-05 | Ext: 4.2368e-03 | ms/ep: 106.3 | LR: 4.68e-04 | ETA: 42.2min
[26210/50000] Loss: 1.4263e-01 | PDE: 2.2519e-02 | Holes: 4.5317e-05 | Ext: 4.1552e-03 | ms/ep: 106.1 | LR: 4.67e-04 | ETA: 42.1min
[26220/50000] Loss: 1.3972e-01 | PDE: 2.1911e-02 | Holes: 4.4975e-05 | Ext: 4.0773e-03 | ms/ep: 106.3 | LR: 4.67e-04 | ETA: 42.1min
[26230/50000] Loss: 1.3695e-01 | PDE: 2.1342e-02 | Holes: 4.4638e-05 | Ext: 4.0028e-03 | ms/ep: 106.3 | LR: 4.67e-04 | ETA: 42.1min
[26240/50000] Loss: 1.3432e-01 | PDE: 2.0809e-02 | Holes: 4.4298e-05 | Ext: 3.9314e-03 | ms/ep: 106.8 | LR: 4.66e-04 | ETA: 42.3min
[26250/50000] Loss: 1.3180e-01 | PDE: 2.0307e-02 | Holes: 4.3950e-05 | Ext: 3.8626e-03 | ms/ep: 124.0 | LR: 4.66e-04 | ETA: 49.1min
[26260/50000] Loss: 1.2939e-01 | PDE: 1.9833e-02 | Holes: 4.3586e-05 | Ext: 3.7961e-03 | ms/ep: 122.5 | LR: 4.66e-04 | ETA: 48.5min
[26270/50000] Loss: 1.2707e-01 | PDE: 1.9384e-02 | Holes: 4.3212e-05 | Ext: 3.7315e-03 | ms/ep: 110.9 | LR: 4.66e-04 | ETA: 43.9min
[26280/50000] Loss: 1.2484e-01 | PDE: 1.8958e-02 | Holes: 4.2832e-05 | Ext: 3.6687e-03 | ms/ep: 114.0 | LR: 4.65e-04 | ETA: 45.1min
[26290/50000] Loss: 1.2269e-01 | PDE: 1.8559e-02 | Holes: 4.2446e-05 | Ext: 3.6082e-03 | ms/ep: 110.2 | LR: 4.65e-04 | ETA: 43.6min
[26300/50000] Loss: 1.2062e-01 | PDE: 1.8184e-02 | Holes: 4.2044e-05 | Ext: 3.5503e-03 | ms/ep: 111.3 | LR: 4.65e-04 | ETA: 44.0min
[26310/50000] Loss: 1.1865e-01 | PDE: 1.7829e-02 | Holes: 4.1618e-05 | Ext: 3.4950e-03 | ms/ep: 113.5 | LR: 4.64e-04 | ETA: 44.8min
[26320/50000] Loss: 1.1674e-01 | PDE: 1.7489e-02 | Holes: 4.1181e-05 | Ext: 3.4418e-03 | ms/ep: 107.8 | LR: 4.64e-04 | ETA: 42.6min
[26330/50000] Loss: 1.1492e-01 | PDE: 1.7167e-02 | Holes: 4.0736e-05 | Ext: 3.3902e-03 | ms/ep: 106.1 | LR: 4.64e-04 | ETA: 41.8min
[26340/50000] Loss: 1.1315e-01 | PDE: 1.6862e-02 | Holes: 4.0291e-05 | Ext: 3.3402e-03 | ms/ep: 106.7 | LR: 4.63e-04 | ETA: 42.1min
[26350/50000] Loss: 1.1145e-01 | PDE: 1.6572e-02 | Holes: 3.9890e-05 | Ext: 3.2924e-03 | ms/ep: 106.4 | LR: 4.63e-04 | ETA: 41.9min
[26360/50000] Loss: 1.0987e-01 | PDE: 1.6270e-02 | Holes: 4.1050e-05 | Ext: 3.2590e-03 | ms/ep: 105.9 | LR: 4.63e-04 | ETA: 41.7min
[26370/50000] Loss: 1.1726e-01 | PDE: 1.5893e-02 | Holes: 1.8399e-04 | Ext: 3.4823e-03 | ms/ep: 106.3 | LR: 4.62e-04 | ETA: 41.9min
[26380/50000] Loss: 1.0967e-01 | PDE: 1.6101e-02 | Holes: 7.6961e-05 | Ext: 3.0858e-03 | ms/ep: 106.3 | LR: 4.62e-04 | ETA: 41.9min
[26390/50000] Loss: 1.0743e-01 | PDE: 1.5493e-02 | Holes: 7.4088e-05 | Ext: 3.2253e-03 | ms/ep: 106.4 | LR: 4.62e-04 | ETA: 41.9min
[26400/50000] Loss: 1.0439e-01 | PDE: 1.5480e-02 | Holes: 4.2895e-05 | Ext: 3.0362e-03 | ms/ep: 106.2 | LR: 4.62e-04 | ETA: 41.8min
[26410/50000] Loss: 1.0256e-01 | PDE: 1.5159e-02 | Holes: 3.8084e-05 | Ext: 3.0443e-03 | ms/ep: 107.9 | LR: 4.61e-04 | ETA: 42.4min
[26420/50000] Loss: 1.0119e-01 | PDE: 1.4995e-02 | Holes: 3.6127e-05 | Ext: 2.9876e-03 | ms/ep: 106.3 | LR: 4.61e-04 | ETA: 41.8min
[26430/50000] Loss: 9.9897e-02 | PDE: 1.4795e-02 | Holes: 3.6026e-05 | Ext: 2.9568e-03 | ms/ep: 106.0 | LR: 4.61e-04 | ETA: 41.6min
[26440/50000] Loss: 9.8643e-02 | PDE: 1.4631e-02 | Holes: 3.5171e-05 | Ext: 2.9093e-03 | ms/ep: 106.3 | LR: 4.60e-04 | ETA: 41.7min
[26450/50000] Loss: 9.7406e-02 | PDE: 1.4435e-02 | Holes: 3.5132e-05 | Ext: 2.8835e-03 | ms/ep: 106.3 | LR: 4.60e-04 | ETA: 41.7min
[26460/50000] Loss: 9.6194e-02 | PDE: 1.4271e-02 | Holes: 3.4427e-05 | Ext: 2.8449e-03 | ms/ep: 106.1 | LR: 4.60e-04 | ETA: 41.6min
[26470/50000] Loss: 9.5012e-02 | PDE: 1.4112e-02 | Holes: 3.3813e-05 | Ext: 2.8074e-03 | ms/ep: 106.9 | LR: 4.59e-04 | ETA: 41.9min
[26480/50000] Loss: 9.3855e-02 | PDE: 1.3955e-02 | Holes: 3.3286e-05 | Ext: 2.7713e-03 | ms/ep: 106.6 | LR: 4.59e-04 | ETA: 41.8min
[26490/50000] Loss: 9.2776e-02 | PDE: 1.3816e-02 | Holes: 3.3242e-05 | Ext: 2.7278e-03 | ms/ep: 104.4 | LR: 4.59e-04 | ETA: 40.9min
[26500/50000] Loss: 9.5773e-02 | PDE: 1.3942e-02 | Holes: 9.0272e-05 | Ext: 2.6491e-03 | ms/ep: 104.5 | LR: 4.58e-04 | ETA: 40.9min
[26510/50000] Loss: 9.7394e-02 | PDE: 1.3974e-02 | Holes: 1.3064e-04 | Ext: 2.6211e-03 | ms/ep: 104.4 | LR: 4.58e-04 | ETA: 40.9min
[26520/50000] Loss: 9.2606e-02 | PDE: 1.3619e-02 | Holes: 7.3416e-05 | Ext: 2.5832e-03 | ms/ep: 104.7 | LR: 4.58e-04 | ETA: 41.0min
[26530/50000] Loss: 8.9999e-02 | PDE: 1.3115e-02 | Holes: 5.5468e-05 | Ext: 2.7011e-03 | ms/ep: 104.4 | LR: 4.57e-04 | ETA: 40.8min
[26540/50000] Loss: 8.7883e-02 | PDE: 1.2984e-02 | Holes: 3.7838e-05 | Ext: 2.6241e-03 | ms/ep: 104.7 | LR: 4.57e-04 | ETA: 40.9min
[26550/50000] Loss: 8.6736e-02 | PDE: 1.2928e-02 | Holes: 3.3128e-05 | Ext: 2.5327e-03 | ms/ep: 104.4 | LR: 4.57e-04 | ETA: 40.8min
[26560/50000] Loss: 8.5501e-02 | PDE: 1.2746e-02 | Holes: 2.9635e-05 | Ext: 2.5214e-03 | ms/ep: 104.4 | LR: 4.57e-04 | ETA: 40.8min
[26570/50000] Loss: 8.4577e-02 | PDE: 1.2589e-02 | Holes: 3.0154e-05 | Ext: 2.5066e-03 | ms/ep: 104.5 | LR: 4.56e-04 | ETA: 40.8min
[26580/50000] Loss: 8.3614e-02 | PDE: 1.2484e-02 | Holes: 2.8952e-05 | Ext: 2.4611e-03 | ms/ep: 104.4 | LR: 4.56e-04 | ETA: 40.7min
[26590/50000] Loss: 8.2675e-02 | PDE: 1.2336e-02 | Holes: 2.8702e-05 | Ext: 2.4440e-03 | ms/ep: 106.2 | LR: 4.56e-04 | ETA: 41.4min
[26600/50000] Loss: 8.1763e-02 | PDE: 1.2220e-02 | Holes: 2.8121e-05 | Ext: 2.4115e-03 | ms/ep: 117.9 | LR: 4.55e-04 | ETA: 46.0min
[26610/50000] Loss: 8.0871e-02 | PDE: 1.2089e-02 | Holes: 2.7867e-05 | Ext: 2.3891e-03 | ms/ep: 124.8 | LR: 4.55e-04 | ETA: 48.6min
[26620/50000] Loss: 7.9995e-02 | PDE: 1.1972e-02 | Holes: 2.7450e-05 | Ext: 2.3612e-03 | ms/ep: 121.6 | LR: 4.55e-04 | ETA: 47.4min
[26630/50000] Loss: 7.9136e-02 | PDE: 1.1851e-02 | Holes: 2.7147e-05 | Ext: 2.3376e-03 | ms/ep: 104.5 | LR: 4.54e-04 | ETA: 40.7min
[26640/50000] Loss: 7.8294e-02 | PDE: 1.1732e-02 | Holes: 2.6843e-05 | Ext: 2.3142e-03 | ms/ep: 104.4 | LR: 4.54e-04 | ETA: 40.7min
[26650/50000] Loss: 7.7468e-02 | PDE: 1.1615e-02 | Holes: 2.6528e-05 | Ext: 2.2910e-03 | ms/ep: 104.4 | LR: 4.54e-04 | ETA: 40.6min
[26660/50000] Loss: 7.6658e-02 | PDE: 1.1497e-02 | Holes: 2.6237e-05 | Ext: 2.2690e-03 | ms/ep: 104.1 | LR: 4.53e-04 | ETA: 40.5min
[26670/50000] Loss: 7.5870e-02 | PDE: 1.1377e-02 | Holes: 2.6086e-05 | Ext: 2.2500e-03 | ms/ep: 104.4 | LR: 4.53e-04 | ETA: 40.6min
[26680/50000] Loss: 7.5383e-02 | PDE: 1.1234e-02 | Holes: 3.0644e-05 | Ext: 2.2548e-03 | ms/ep: 104.4 | LR: 4.53e-04 | ETA: 40.6min
[26690/50000] Loss: 9.9728e-02 | PDE: 1.1721e-02 | Holes: 4.0103e-04 | Ext: 2.7682e-03 | ms/ep: 104.2 | LR: 4.53e-04 | ETA: 40.5min
[26700/50000] Loss: 9.1959e-02 | PDE: 1.2013e-02 | Holes: 2.9529e-04 | Ext: 2.2191e-03 | ms/ep: 104.2 | LR: 4.52e-04 | ETA: 40.4min
[26710/50000] Loss: 7.3237e-02 | PDE: 1.0871e-02 | Holes: 2.9343e-05 | Ext: 2.2012e-03 | ms/ep: 104.3 | LR: 4.52e-04 | ETA: 40.5min
[26720/50000] Loss: 7.4919e-02 | PDE: 1.0840e-02 | Holes: 6.3994e-05 | Ext: 2.2691e-03 | ms/ep: 104.4 | LR: 4.52e-04 | ETA: 40.5min
[26730/50000] Loss: 7.1853e-02 | PDE: 1.0657e-02 | Holes: 2.9046e-05 | Ext: 2.1608e-03 | ms/ep: 104.3 | LR: 4.51e-04 | ETA: 40.4min
[26740/50000] Loss: 7.1116e-02 | PDE: 1.0633e-02 | Holes: 2.6618e-05 | Ext: 2.0967e-03 | ms/ep: 104.3 | LR: 4.51e-04 | ETA: 40.4min
[26750/50000] Loss: 7.0293e-02 | PDE: 1.0514e-02 | Holes: 2.4196e-05 | Ext: 2.0902e-03 | ms/ep: 104.6 | LR: 4.51e-04 | ETA: 40.5min
[26760/50000] Loss: 6.9650e-02 | PDE: 1.0364e-02 | Holes: 2.4186e-05 | Ext: 2.0936e-03 | ms/ep: 104.2 | LR: 4.50e-04 | ETA: 40.4min
[26770/50000] Loss: 6.8983e-02 | PDE: 1.0274e-02 | Holes: 2.3196e-05 | Ext: 2.0653e-03 | ms/ep: 104.1 | LR: 4.50e-04 | ETA: 40.3min
[26780/50000] Loss: 6.8372e-02 | PDE: 1.0170e-02 | Holes: 2.2958e-05 | Ext: 2.0490e-03 | ms/ep: 104.1 | LR: 4.50e-04 | ETA: 40.3min
[26790/50000] Loss: 6.7772e-02 | PDE: 1.0056e-02 | Holes: 2.2784e-05 | Ext: 2.0381e-03 | ms/ep: 104.1 | LR: 4.49e-04 | ETA: 40.3min
[26800/50000] Loss: 6.7182e-02 | PDE: 9.9577e-03 | Holes: 2.2489e-05 | Ext: 2.0197e-03 | ms/ep: 104.4 | LR: 4.49e-04 | ETA: 40.4min
[26810/50000] Loss: 6.6606e-02 | PDE: 9.8498e-03 | Holes: 2.2292e-05 | Ext: 2.0071e-03 | ms/ep: 104.5 | LR: 4.49e-04 | ETA: 40.4min
[26820/50000] Loss: 6.6041e-02 | PDE: 9.7495e-03 | Holes: 2.2053e-05 | Ext: 1.9916e-03 | ms/ep: 104.5 | LR: 4.49e-04 | ETA: 40.4min
[26830/50000] Loss: 6.5488e-02 | PDE: 9.6476e-03 | Holes: 2.1833e-05 | Ext: 1.9778e-03 | ms/ep: 104.2 | LR: 4.48e-04 | ETA: 40.2min
[26840/50000] Loss: 6.4947e-02 | PDE: 9.5466e-03 | Holes: 2.1619e-05 | Ext: 1.9643e-03 | ms/ep: 104.4 | LR: 4.48e-04 | ETA: 40.3min
[26850/50000] Loss: 6.4417e-02 | PDE: 9.4479e-03 | Holes: 2.1400e-05 | Ext: 1.9507e-03 | ms/ep: 104.1 | LR: 4.48e-04 | ETA: 40.2min
[26860/50000] Loss: 6.3897e-02 | PDE: 9.3502e-03 | Holes: 2.1183e-05 | Ext: 1.9374e-03 | ms/ep: 104.5 | LR: 4.47e-04 | ETA: 40.3min
[26870/50000] Loss: 6.3389e-02 | PDE: 9.2533e-03 | Holes: 2.0971e-05 | Ext: 1.9246e-03 | ms/ep: 104.4 | LR: 4.47e-04 | ETA: 40.2min
[26880/50000] Loss: 6.2892e-02 | PDE: 9.1552e-03 | Holes: 2.0798e-05 | Ext: 1.9133e-03 | ms/ep: 104.3 | LR: 4.47e-04 | ETA: 40.2min
[26890/50000] Loss: 6.2565e-02 | PDE: 9.0385e-03 | Holes: 2.3096e-05 | Ext: 1.9186e-03 | ms/ep: 104.6 | LR: 4.46e-04 | ETA: 40.3min
[26900/50000] Loss: 8.7128e-02 | PDE: 9.8845e-03 | Holes: 3.8413e-04 | Ext: 2.4385e-03 | ms/ep: 117.1 | LR: 4.46e-04 | ETA: 45.1min
[26910/50000] Loss: 8.4062e-02 | PDE: 1.0095e-02 | Holes: 3.6310e-04 | Ext: 1.9804e-03 | ms/ep: 110.9 | LR: 4.46e-04 | ETA: 42.7min
[26920/50000] Loss: 6.1288e-02 | PDE: 8.8469e-03 | Holes: 2.1984e-05 | Ext: 1.8542e-03 | ms/ep: 104.8 | LR: 4.45e-04 | ETA: 40.3min
[26930/50000] Loss: 6.2620e-02 | PDE: 8.7360e-03 | Holes: 4.8180e-05 | Ext: 1.9429e-03 | ms/ep: 104.9 | LR: 4.45e-04 | ETA: 40.3min
[26940/50000] Loss: 6.1188e-02 | PDE: 8.5958e-03 | Holes: 3.4438e-05 | Ext: 1.8944e-03 | ms/ep: 105.2 | LR: 4.45e-04 | ETA: 40.4min
[26950/50000] Loss: 6.0089e-02 | PDE: 8.5790e-03 | Holes: 2.4175e-05 | Ext: 1.8387e-03 | ms/ep: 104.8 | LR: 4.45e-04 | ETA: 40.2min
[26960/50000] Loss: 5.9419e-02 | PDE: 8.4770e-03 | Holes: 1.9372e-05 | Ext: 1.8210e-03 | ms/ep: 104.2 | LR: 4.44e-04 | ETA: 40.0min
[26970/50000] Loss: 5.9036e-02 | PDE: 8.4095e-03 | Holes: 1.9404e-05 | Ext: 1.8057e-03 | ms/ep: 105.3 | LR: 4.44e-04 | ETA: 40.4min
[26980/50000] Loss: 5.8595e-02 | PDE: 8.3217e-03 | Holes: 1.8725e-05 | Ext: 1.7997e-03 | ms/ep: 104.8 | LR: 4.44e-04 | ETA: 40.2min
[26990/50000] Loss: 5.8210e-02 | PDE: 8.2383e-03 | Holes: 1.8653e-05 | Ext: 1.7934e-03 | ms/ep: 105.2 | LR: 4.43e-04 | ETA: 40.3min
[27000/50000] Loss: 5.7822e-02 | PDE: 8.1664e-03 | Holes: 1.8331e-05 | Ext: 1.7796e-03 | ms/ep: 105.0 | LR: 4.43e-04 | ETA: 40.3min
[27010/50000] Loss: 5.7444e-02 | PDE: 8.0925e-03 | Holes: 1.8160e-05 | Ext: 1.7694e-03 | ms/ep: 105.3 | LR: 4.43e-04 | ETA: 40.4min
[27020/50000] Loss: 5.7072e-02 | PDE: 8.0150e-03 | Holes: 1.7988e-05 | Ext: 1.7610e-03 | ms/ep: 104.9 | LR: 4.42e-04 | ETA: 40.2min
[27030/50000] Loss: 5.6706e-02 | PDE: 7.9419e-03 | Holes: 1.7789e-05 | Ext: 1.7510e-03 | ms/ep: 104.4 | LR: 4.42e-04 | ETA: 40.0min
[27040/50000] Loss: 5.6349e-02 | PDE: 7.8658e-03 | Holes: 1.7658e-05 | Ext: 1.7434e-03 | ms/ep: 104.3 | LR: 4.42e-04 | ETA: 39.9min
[27050/50000] Loss: 5.6227e-02 | PDE: 7.7931e-03 | Holes: 2.0688e-05 | Ext: 1.7518e-03 | ms/ep: 105.0 | LR: 4.41e-04 | ETA: 40.2min
[27060/50000] Loss: 6.7466e-02 | PDE: 8.7650e-03 | Holes: 1.8794e-04 | Ext: 2.0016e-03 | ms/ep: 105.2 | LR: 4.41e-04 | ETA: 40.2min
[27070/50000] Loss: 6.0056e-02 | PDE: 8.2228e-03 | Holes: 9.4815e-05 | Ext: 1.7161e-03 | ms/ep: 104.9 | LR: 4.41e-04 | ETA: 40.1min
[27080/50000] Loss: 5.6224e-02 | PDE: 7.6380e-03 | Holes: 3.5233e-05 | Ext: 1.7479e-03 | ms/ep: 104.5 | LR: 4.40e-04 | ETA: 39.9min
[27090/50000] Loss: 5.5525e-02 | PDE: 7.5101e-03 | Holes: 3.0546e-05 | Ext: 1.7363e-03 | ms/ep: 104.3 | LR: 4.40e-04 | ETA: 39.8min
[27100/50000] Loss: 5.5017e-02 | PDE: 7.4902e-03 | Holes: 2.6278e-05 | Ext: 1.7255e-03 | ms/ep: 105.9 | LR: 4.40e-04 | ETA: 40.4min
[27110/50000] Loss: 5.7118e-02 | PDE: 7.5613e-03 | Holes: 5.8837e-05 | Ext: 1.7954e-03 | ms/ep: 105.4 | LR: 4.40e-04 | ETA: 40.2min
[27120/50000] Loss: 5.7697e-02 | PDE: 7.4122e-03 | Holes: 7.3097e-05 | Ext: 1.8044e-03 | ms/ep: 105.7 | LR: 4.39e-04 | ETA: 40.3min
[27130/50000] Loss: 5.4284e-02 | PDE: 7.4004e-03 | Holes: 2.8683e-05 | Ext: 1.6354e-03 | ms/ep: 125.6 | LR: 4.39e-04 | ETA: 47.9min
[27140/50000] Loss: 5.7782e-02 | PDE: 7.7831e-03 | Holes: 8.4814e-05 | Ext: 1.6314e-03 | ms/ep: 122.7 | LR: 4.39e-04 | ETA: 46.7min
[27150/50000] Loss: 5.3013e-02 | PDE: 7.1311e-03 | Holes: 1.9117e-05 | Ext: 1.6660e-03 | ms/ep: 120.5 | LR: 4.38e-04 | ETA: 45.9min
[27160/50000] Loss: 5.7896e-02 | PDE: 7.5127e-03 | Holes: 8.7733e-05 | Ext: 1.8100e-03 | ms/ep: 123.1 | LR: 4.38e-04 | ETA: 46.9min
[27170/50000] Loss: 5.2747e-02 | PDE: 6.9974e-03 | Holes: 2.4552e-05 | Ext: 1.6579e-03 | ms/ep: 122.3 | LR: 4.38e-04 | ETA: 46.5min
[27180/50000] Loss: 5.3264e-02 | PDE: 7.2246e-03 | Holes: 3.3882e-05 | Ext: 1.5880e-03 | ms/ep: 124.4 | LR: 4.37e-04 | ETA: 47.3min
[27190/50000] Loss: 5.4995e-02 | PDE: 7.2587e-03 | Holes: 6.2645e-05 | Ext: 1.5922e-03 | ms/ep: 117.1 | LR: 4.37e-04 | ETA: 44.5min
[27200/50000] Loss: 5.4064e-02 | PDE: 7.0947e-03 | Holes: 5.0870e-05 | Ext: 1.7114e-03 | ms/ep: 118.6 | LR: 4.37e-04 | ETA: 45.1min
[27210/50000] Loss: 5.2179e-02 | PDE: 6.7989e-03 | Holes: 3.1747e-05 | Ext: 1.6468e-03 | ms/ep: 117.7 | LR: 4.36e-04 | ETA: 44.7min
[27220/50000] Loss: 5.5344e-02 | PDE: 7.2847e-03 | Holes: 7.4463e-05 | Ext: 1.7337e-03 | ms/ep: 115.1 | LR: 4.36e-04 | ETA: 43.7min
[27230/50000] Loss: 5.1861e-02 | PDE: 6.8573e-03 | Holes: 3.5852e-05 | Ext: 1.5916e-03 | ms/ep: 122.8 | LR: 4.36e-04 | ETA: 46.6min
[27240/50000] Loss: 5.9457e-02 | PDE: 7.6060e-03 | Holes: 1.4557e-04 | Ext: 1.5823e-03 | ms/ep: 124.1 | LR: 4.36e-04 | ETA: 47.1min
[27250/50000] Loss: 5.0155e-02 | PDE: 6.5683e-03 | Holes: 1.6118e-05 | Ext: 1.5911e-03 | ms/ep: 128.5 | LR: 4.35e-04 | ETA: 48.7min
[27260/50000] Loss: 5.3660e-02 | PDE: 6.9217e-03 | Holes: 6.4422e-05 | Ext: 1.6992e-03 | ms/ep: 112.5 | LR: 4.35e-04 | ETA: 42.6min
[27270/50000] Loss: 5.3175e-02 | PDE: 7.1494e-03 | Holes: 6.4221e-05 | Ext: 1.5290e-03 | ms/ep: 123.0 | LR: 4.35e-04 | ETA: 46.6min
[27280/50000] Loss: 4.9777e-02 | PDE: 6.4862e-03 | Holes: 2.0373e-05 | Ext: 1.5844e-03 | ms/ep: 111.3 | LR: 4.34e-04 | ETA: 42.1min
[27290/50000] Loss: 5.1265e-02 | PDE: 6.4912e-03 | Holes: 4.4192e-05 | Ext: 1.6335e-03 | ms/ep: 108.7 | LR: 4.34e-04 | ETA: 41.1min
[27300/50000] Loss: 4.9185e-02 | PDE: 6.4452e-03 | Holes: 1.9426e-05 | Ext: 1.5109e-03 | ms/ep: 112.9 | LR: 4.34e-04 | ETA: 42.7min
[27310/50000] Loss: 5.0978e-02 | PDE: 6.5455e-03 | Holes: 4.8771e-05 | Ext: 1.5233e-03 | ms/ep: 108.6 | LR: 4.33e-04 | ETA: 41.1min
[27320/50000] Loss: 5.0465e-02 | PDE: 6.3304e-03 | Holes: 4.4432e-05 | Ext: 1.6012e-03 | ms/ep: 106.3 | LR: 4.33e-04 | ETA: 40.2min
[27330/50000] Loss: 4.8764e-02 | PDE: 6.3687e-03 | Holes: 2.2734e-05 | Ext: 1.4853e-03 | ms/ep: 109.1 | LR: 4.33e-04 | ETA: 41.2min
[27340/50000] Loss: 5.0612e-02 | PDE: 6.3678e-03 | Holes: 5.1485e-05 | Ext: 1.4853e-03 | ms/ep: 108.3 | LR: 4.32e-04 | ETA: 40.9min
[27350/50000] Loss: 5.1130e-02 | PDE: 6.3035e-03 | Holes: 6.3806e-05 | Ext: 1.6008e-03 | ms/ep: 104.5 | LR: 4.32e-04 | ETA: 39.4min
[27360/50000] Loss: 4.8420e-02 | PDE: 6.1775e-03 | Holes: 2.8307e-05 | Ext: 1.5205e-03 | ms/ep: 113.9 | LR: 4.32e-04 | ETA: 43.0min
[27370/50000] Loss: 5.0778e-02 | PDE: 6.1440e-03 | Holes: 6.6003e-05 | Ext: 1.5694e-03 | ms/ep: 128.4 | LR: 4.32e-04 | ETA: 48.4min
[27380/50000] Loss: 5.1438e-02 | PDE: 6.7242e-03 | Holes: 7.5273e-05 | Ext: 1.4822e-03 | ms/ep: 122.9 | LR: 4.31e-04 | ETA: 46.3min
[27390/50000] Loss: 4.7004e-02 | PDE: 5.9824e-03 | Holes: 1.5055e-05 | Ext: 1.4692e-03 | ms/ep: 122.5 | LR: 4.31e-04 | ETA: 46.2min
[27400/50000] Loss: 4.8905e-02 | PDE: 6.0524e-03 | Holes: 4.6119e-05 | Ext: 1.5412e-03 | ms/ep: 121.4 | LR: 4.31e-04 | ETA: 45.7min
[27410/50000] Loss: 4.9202e-02 | PDE: 6.4553e-03 | Holes: 4.9455e-05 | Ext: 1.4448e-03 | ms/ep: 121.6 | LR: 4.30e-04 | ETA: 45.8min
[27420/50000] Loss: 4.7054e-02 | PDE: 6.1879e-03 | Holes: 2.3815e-05 | Ext: 1.4345e-03 | ms/ep: 115.8 | LR: 4.30e-04 | ETA: 43.6min
[27430/50000] Loss: 4.7588e-02 | PDE: 5.9550e-03 | Holes: 3.6667e-05 | Ext: 1.4401e-03 | ms/ep: 114.1 | LR: 4.30e-04 | ETA: 42.9min
[27440/50000] Loss: 4.6093e-02 | PDE: 5.8556e-03 | Holes: 1.8083e-05 | Ext: 1.4376e-03 | ms/ep: 114.5 | LR: 4.29e-04 | ETA: 43.0min
[27450/50000] Loss: 4.9592e-02 | PDE: 6.0074e-03 | Holes: 7.2373e-05 | Ext: 1.4694e-03 | ms/ep: 115.9 | LR: 4.29e-04 | ETA: 43.5min
[27460/50000] Loss: 4.9612e-02 | PDE: 6.0892e-03 | Holes: 6.8627e-05 | Ext: 1.5653e-03 | ms/ep: 118.7 | LR: 4.29e-04 | ETA: 44.6min
[27470/50000] Loss: 4.7040e-02 | PDE: 5.9407e-03 | Holes: 4.1309e-05 | Ext: 1.4366e-03 | ms/ep: 121.6 | LR: 4.28e-04 | ETA: 45.7min
[27480/50000] Loss: 4.5845e-02 | PDE: 5.7810e-03 | Holes: 2.1334e-05 | Ext: 1.4687e-03 | ms/ep: 117.6 | LR: 4.28e-04 | ETA: 44.1min
[27490/50000] Loss: 4.6874e-02 | PDE: 5.8957e-03 | Holes: 3.5363e-05 | Ext: 1.5137e-03 | ms/ep: 104.5 | LR: 4.28e-04 | ETA: 39.2min
[27500/50000] Loss: 4.5247e-02 | PDE: 5.7499e-03 | Holes: 1.9672e-05 | Ext: 1.3907e-03 | ms/ep: 104.6 | LR: 4.28e-04 | ETA: 39.2min
[27510/50000] Loss: 4.5954e-02 | PDE: 5.5586e-03 | Holes: 3.2704e-05 | Ext: 1.4313e-03 | ms/ep: 104.4 | LR: 4.27e-04 | ETA: 39.1min
[27520/50000] Loss: 4.6749e-02 | PDE: 5.7816e-03 | Holes: 4.5527e-05 | Ext: 1.4602e-03 | ms/ep: 104.2 | LR: 4.27e-04 | ETA: 39.0min
[27530/50000] Loss: 4.4776e-02 | PDE: 5.5825e-03 | Holes: 1.7406e-05 | Ext: 1.4556e-03 | ms/ep: 104.3 | LR: 4.27e-04 | ETA: 39.1min
[27540/50000] Loss: 4.7150e-02 | PDE: 6.4863e-03 | Holes: 3.7812e-05 | Ext: 1.5188e-03 | ms/ep: 104.1 | LR: 4.26e-04 | ETA: 39.0min
[27550/50000] Loss: 4.5664e-02 | PDE: 5.8694e-03 | Holes: 3.6144e-05 | Ext: 1.3827e-03 | ms/ep: 104.6 | LR: 4.26e-04 | ETA: 39.1min
[27560/50000] Loss: 4.8036e-02 | PDE: 5.7589e-03 | Holes: 7.7402e-05 | Ext: 1.3873e-03 | ms/ep: 104.3 | LR: 4.26e-04 | ETA: 39.0min
[27570/50000] Loss: 4.7989e-02 | PDE: 5.9181e-03 | Holes: 6.3075e-05 | Ext: 1.5478e-03 | ms/ep: 104.3 | LR: 4.25e-04 | ETA: 39.0min
[27580/50000] Loss: 4.4007e-02 | PDE: 5.3481e-03 | Holes: 2.2580e-05 | Ext: 1.3628e-03 | ms/ep: 104.4 | LR: 4.25e-04 | ETA: 39.0min
[27590/50000] Loss: 4.5135e-02 | PDE: 5.5912e-03 | Holes: 3.2966e-05 | Ext: 1.3256e-03 | ms/ep: 104.1 | LR: 4.25e-04 | ETA: 38.9min
[27600/50000] Loss: 4.5115e-02 | PDE: 5.5210e-03 | Holes: 4.0365e-05 | Ext: 1.4041e-03 | ms/ep: 104.5 | LR: 4.24e-04 | ETA: 39.0min
[27610/50000] Loss: 4.4529e-02 | PDE: 5.6796e-03 | Holes: 2.9376e-05 | Ext: 1.3132e-03 | ms/ep: 104.1 | LR: 4.24e-04 | ETA: 38.9min
[27620/50000] Loss: 4.8211e-02 | PDE: 6.4716e-03 | Holes: 7.0497e-05 | Ext: 1.5204e-03 | ms/ep: 104.5 | LR: 4.24e-04 | ETA: 39.0min
[27630/50000] Loss: 4.3456e-02 | PDE: 5.3200e-03 | Holes: 1.9446e-05 | Ext: 1.3308e-03 | ms/ep: 104.5 | LR: 4.24e-04 | ETA: 39.0min
[27640/50000] Loss: 4.3773e-02 | PDE: 5.5190e-03 | Holes: 2.9902e-05 | Ext: 1.3272e-03 | ms/ep: 104.3 | LR: 4.23e-04 | ETA: 38.9min
[27650/50000] Loss: 4.3690e-02 | PDE: 5.1352e-03 | Holes: 3.3250e-05 | Ext: 1.3621e-03 | ms/ep: 104.2 | LR: 4.23e-04 | ETA: 38.8min
[27660/50000] Loss: 5.2240e-02 | PDE: 7.4197e-03 | Holes: 1.1150e-04 | Ext: 1.6211e-03 | ms/ep: 104.3 | LR: 4.23e-04 | ETA: 38.8min
[27670/50000] Loss: 4.4870e-02 | PDE: 5.3720e-03 | Holes: 4.9607e-05 | Ext: 1.3266e-03 | ms/ep: 104.6 | LR: 4.22e-04 | ETA: 38.9min
[27680/50000] Loss: 4.3271e-02 | PDE: 5.1070e-03 | Holes: 3.3808e-05 | Ext: 1.3500e-03 | ms/ep: 104.4 | LR: 4.22e-04 | ETA: 38.8min
[27690/50000] Loss: 4.4815e-02 | PDE: 5.5899e-03 | Holes: 4.9106e-05 | Ext: 1.3391e-03 | ms/ep: 104.6 | LR: 4.22e-04 | ETA: 38.9min
[27700/50000] Loss: 4.5474e-02 | PDE: 5.4732e-03 | Holes: 6.8846e-05 | Ext: 1.3797e-03 | ms/ep: 104.2 | LR: 4.21e-04 | ETA: 38.7min
[27710/50000] Loss: 4.3569e-02 | PDE: 4.9963e-03 | Holes: 4.1962e-05 | Ext: 1.3925e-03 | ms/ep: 104.3 | LR: 4.21e-04 | ETA: 38.7min
[27720/50000] Loss: 4.1972e-02 | PDE: 4.9304e-03 | Holes: 2.1496e-05 | Ext: 1.3065e-03 | ms/ep: 104.3 | LR: 4.21e-04 | ETA: 38.7min
[27730/50000] Loss: 4.1247e-02 | PDE: 4.7973e-03 | Holes: 1.4201e-05 | Ext: 1.3140e-03 | ms/ep: 104.3 | LR: 4.21e-04 | ETA: 38.7min
[27740/50000] Loss: 4.4718e-02 | PDE: 5.5986e-03 | Holes: 5.0959e-05 | Ext: 1.4458e-03 | ms/ep: 104.3 | LR: 4.20e-04 | ETA: 38.7min
[27750/50000] Loss: 4.1120e-02 | PDE: 4.8619e-03 | Holes: 1.1698e-05 | Ext: 1.3387e-03 | ms/ep: 104.9 | LR: 4.20e-04 | ETA: 38.9min
[27760/50000] Loss: 4.1438e-02 | PDE: 4.7568e-03 | Holes: 2.0529e-05 | Ext: 1.3195e-03 | ms/ep: 120.4 | LR: 4.20e-04 | ETA: 44.6min
[27770/50000] Loss: 4.1043e-02 | PDE: 4.7852e-03 | Holes: 1.8050e-05 | Ext: 1.2931e-03 | ms/ep: 115.5 | LR: 4.19e-04 | ETA: 42.8min
[27780/50000] Loss: 4.8410e-02 | PDE: 6.2107e-03 | Holes: 1.0519e-04 | Ext: 1.2634e-03 | ms/ep: 105.1 | LR: 4.19e-04 | ETA: 38.9min
[27790/50000] Loss: 4.2846e-02 | PDE: 5.3997e-03 | Holes: 4.0112e-05 | Ext: 1.3249e-03 | ms/ep: 104.9 | LR: 4.19e-04 | ETA: 38.8min
[27800/50000] Loss: 4.1560e-02 | PDE: 5.3523e-03 | Holes: 1.8894e-05 | Ext: 1.2340e-03 | ms/ep: 104.7 | LR: 4.18e-04 | ETA: 38.8min
[27810/50000] Loss: 4.2669e-02 | PDE: 4.8946e-03 | Holes: 4.9278e-05 | Ext: 1.2921e-03 | ms/ep: 105.4 | LR: 4.18e-04 | ETA: 39.0min
[27820/50000] Loss: 4.0493e-02 | PDE: 4.6668e-03 | Holes: 1.9159e-05 | Ext: 1.2600e-03 | ms/ep: 105.5 | LR: 4.18e-04 | ETA: 39.0min
[27830/50000] Loss: 4.0567e-02 | PDE: 4.9598e-03 | Holes: 1.7799e-05 | Ext: 1.2422e-03 | ms/ep: 105.1 | LR: 4.17e-04 | ETA: 38.8min
[27840/50000] Loss: 4.6364e-02 | PDE: 5.2498e-03 | Holes: 1.0483e-04 | Ext: 1.2864e-03 | ms/ep: 105.0 | LR: 4.17e-04 | ETA: 38.8min
[27850/50000] Loss: 4.1699e-02 | PDE: 5.1350e-03 | Holes: 2.7976e-05 | Ext: 1.3582e-03 | ms/ep: 105.7 | LR: 4.17e-04 | ETA: 39.0min
[27860/50000] Loss: 4.1206e-02 | PDE: 5.1081e-03 | Holes: 2.9014e-05 | Ext: 1.2425e-03 | ms/ep: 105.8 | LR: 4.17e-04 | ETA: 39.1min
[27870/50000] Loss: 4.4107e-02 | PDE: 5.1606e-03 | Holes: 7.8209e-05 | Ext: 1.2684e-03 | ms/ep: 105.2 | LR: 4.16e-04 | ETA: 38.8min
[27880/50000] Loss: 4.1878e-02 | PDE: 4.5599e-03 | Holes: 4.8839e-05 | Ext: 1.3186e-03 | ms/ep: 104.3 | LR: 4.16e-04 | ETA: 38.5min
[27890/50000] Loss: 4.0010e-02 | PDE: 4.6129e-03 | Holes: 2.3109e-05 | Ext: 1.2334e-03 | ms/ep: 105.3 | LR: 4.16e-04 | ETA: 38.8min
[27900/50000] Loss: 4.1510e-02 | PDE: 4.9102e-03 | Holes: 4.0003e-05 | Ext: 1.3332e-03 | ms/ep: 104.8 | LR: 4.15e-04 | ETA: 38.6min
[27910/50000] Loss: 3.9231e-02 | PDE: 4.4087e-03 | Holes: 1.4069e-05 | Ext: 1.2770e-03 | ms/ep: 105.2 | LR: 4.15e-04 | ETA: 38.7min
[27920/50000] Loss: 3.9529e-02 | PDE: 4.5644e-03 | Holes: 1.9470e-05 | Ext: 1.2176e-03 | ms/ep: 105.6 | LR: 4.15e-04 | ETA: 38.9min
[27930/50000] Loss: 4.1899e-02 | PDE: 5.0408e-03 | Holes: 4.0637e-05 | Ext: 1.3391e-03 | ms/ep: 105.3 | LR: 4.14e-04 | ETA: 38.7min
[27940/50000] Loss: 4.0893e-02 | PDE: 4.5011e-03 | Holes: 4.2947e-05 | Ext: 1.2581e-03 | ms/ep: 105.5 | LR: 4.14e-04 | ETA: 38.8min
[27950/50000] Loss: 4.1235e-02 | PDE: 5.6221e-03 | Holes: 2.4085e-05 | Ext: 1.2061e-03 | ms/ep: 104.5 | LR: 4.14e-04 | ETA: 38.4min
[27960/50000] Loss: 3.9840e-02 | PDE: 4.5946e-03 | Holes: 2.7233e-05 | Ext: 1.2815e-03 | ms/ep: 105.2 | LR: 4.13e-04 | ETA: 38.7min
[27970/50000] Loss: 3.9679e-02 | PDE: 4.7746e-03 | Holes: 1.6657e-05 | Ext: 1.1756e-03 | ms/ep: 105.0 | LR: 4.13e-04 | ETA: 38.6min
[27980/50000] Loss: 3.8618e-02 | PDE: 4.4192e-03 | Holes: 1.6478e-05 | Ext: 1.2383e-03 | ms/ep: 104.9 | LR: 4.13e-04 | ETA: 38.5min
[27990/50000] Loss: 4.3467e-02 | PDE: 5.8297e-03 | Holes: 6.4238e-05 | Ext: 1.1716e-03 | ms/ep: 105.0 | LR: 4.13e-04 | ETA: 38.5min
[28000/50000] Loss: 4.0479e-02 | PDE: 4.9212e-03 | Holes: 3.5089e-05 | Ext: 1.2867e-03 | ms/ep: 105.9 | LR: 4.12e-04 | ETA: 38.8min
[28010/50000] Loss: 3.9345e-02 | PDE: 4.5450e-03 | Holes: 2.1553e-05 | Ext: 1.1668e-03 | ms/ep: 105.2 | LR: 4.12e-04 | ETA: 38.5min
[28020/50000] Loss: 4.2043e-02 | PDE: 4.9653e-03 | Holes: 6.5573e-05 | Ext: 1.2904e-03 | ms/ep: 105.4 | LR: 4.12e-04 | ETA: 38.6min
[28030/50000] Loss: 3.8736e-02 | PDE: 4.6895e-03 | Holes: 1.3418e-05 | Ext: 1.1645e-03 | ms/ep: 105.5 | LR: 4.11e-04 | ETA: 38.6min
[28040/50000] Loss: 4.0915e-02 | PDE: 4.4442e-03 | Holes: 6.1954e-05 | Ext: 1.2383e-03 | ms/ep: 106.0 | LR: 4.11e-04 | ETA: 38.8min
[28050/50000] Loss: 3.9168e-02 | PDE: 4.8397e-03 | Holes: 1.9602e-05 | Ext: 1.1508e-03 | ms/ep: 105.6 | LR: 4.11e-04 | ETA: 38.6min
[28060/50000] Loss: 3.9242e-02 | PDE: 4.5062e-03 | Holes: 3.6488e-05 | Ext: 1.2228e-03 | ms/ep: 105.1 | LR: 4.10e-04 | ETA: 38.4min
[28070/50000] Loss: 4.0319e-02 | PDE: 5.2494e-03 | Holes: 2.8132e-05 | Ext: 1.1261e-03 | ms/ep: 104.7 | LR: 4.10e-04 | ETA: 38.3min
[28080/50000] Loss: 4.0246e-02 | PDE: 4.9854e-03 | Holes: 4.6618e-05 | Ext: 1.2316e-03 | ms/ep: 104.4 | LR: 4.10e-04 | ETA: 38.1min
[28090/50000] Loss: 3.7669e-02 | PDE: 4.3781e-03 | Holes: 1.0248e-05 | Ext: 1.1491e-03 | ms/ep: 104.7 | LR: 4.09e-04 | ETA: 38.2min
[28100/50000] Loss: 4.2457e-02 | PDE: 4.4596e-03 | Holes: 9.3401e-05 | Ext: 1.2265e-03 | ms/ep: 105.5 | LR: 4.09e-04 | ETA: 38.5min
[28110/50000] Loss: 4.1052e-02 | PDE: 5.1908e-03 | Holes: 5.5659e-05 | Ext: 1.1576e-03 | ms/ep: 105.5 | LR: 4.09e-04 | ETA: 38.5min
[28120/50000] Loss: 3.7915e-02 | PDE: 4.3457e-03 | Holes: 2.0511e-05 | Ext: 1.2149e-03 | ms/ep: 105.6 | LR: 4.09e-04 | ETA: 38.5min
[28130/50000] Loss: 3.7090e-02 | PDE: 4.2384e-03 | Holes: 1.0905e-05 | Ext: 1.1509e-03 | ms/ep: 105.1 | LR: 4.08e-04 | ETA: 38.3min
[28140/50000] Loss: 3.9791e-02 | PDE: 4.6511e-03 | Holes: 4.6974e-05 | Ext: 1.2538e-03 | ms/ep: 105.2 | LR: 4.08e-04 | ETA: 38.3min
[28150/50000] Loss: 4.0347e-02 | PDE: 5.5939e-03 | Holes: 3.6706e-05 | Ext: 1.1177e-03 | ms/ep: 104.6 | LR: 4.08e-04 | ETA: 38.1min
[28160/50000] Loss: 3.8633e-02 | PDE: 4.3022e-03 | Holes: 3.8214e-05 | Ext: 1.2310e-03 | ms/ep: 104.9 | LR: 4.07e-04 | ETA: 38.2min
[28170/50000] Loss: 3.7268e-02 | PDE: 4.0413e-03 | Holes: 1.9125e-05 | Ext: 1.1888e-03 | ms/ep: 105.5 | LR: 4.07e-04 | ETA: 38.4min
[28180/50000] Loss: 4.0240e-02 | PDE: 4.4246e-03 | Holes: 5.5791e-05 | Ext: 1.2998e-03 | ms/ep: 104.8 | LR: 4.07e-04 | ETA: 38.1min
[28190/50000] Loss: 3.8495e-02 | PDE: 4.5759e-03 | Holes: 3.3193e-05 | Ext: 1.2008e-03 | ms/ep: 104.4 | LR: 4.06e-04 | ETA: 37.9min
[28200/50000] Loss: 3.6376e-02 | PDE: 4.0390e-03 | Holes: 1.1261e-05 | Ext: 1.1757e-03 | ms/ep: 104.9 | LR: 4.06e-04 | ETA: 38.1min
[28210/50000] Loss: 3.8084e-02 | PDE: 3.8911e-03 | Holes: 3.9070e-05 | Ext: 1.2205e-03 | ms/ep: 104.5 | LR: 4.06e-04 | ETA: 37.9min
[28220/50000] Loss: 4.3588e-02 | PDE: 5.6109e-03 | Holes: 7.0184e-05 | Ext: 1.4364e-03 | ms/ep: 105.5 | LR: 4.06e-04 | ETA: 38.3min
[28230/50000] Loss: 3.7577e-02 | PDE: 4.0614e-03 | Holes: 3.1137e-05 | Ext: 1.2119e-03 | ms/ep: 104.1 | LR: 4.05e-04 | ETA: 37.8min
[28240/50000] Loss: 3.7352e-02 | PDE: 4.0012e-03 | Holes: 3.1186e-05 | Ext: 1.1865e-03 | ms/ep: 104.3 | LR: 4.05e-04 | ETA: 37.8min
[28250/50000] Loss: 3.8688e-02 | PDE: 4.2627e-03 | Holes: 4.4989e-05 | Ext: 1.2589e-03 | ms/ep: 104.9 | LR: 4.05e-04 | ETA: 38.0min
[28260/50000] Loss: 3.5972e-02 | PDE: 3.8183e-03 | Holes: 1.3894e-05 | Ext: 1.1777e-03 | ms/ep: 105.3 | LR: 4.04e-04 | ETA: 38.2min
[28270/50000] Loss: 3.8715e-02 | PDE: 4.3758e-03 | Holes: 4.2501e-05 | Ext: 1.2766e-03 | ms/ep: 107.0 | LR: 4.04e-04 | ETA: 38.7min
[28280/50000] Loss: 3.7045e-02 | PDE: 3.8234e-03 | Holes: 3.2047e-05 | Ext: 1.2016e-03 | ms/ep: 124.9 | LR: 4.04e-04 | ETA: 45.2min
[28290/50000] Loss: 3.8133e-02 | PDE: 4.6941e-03 | Holes: 3.3384e-05 | Ext: 1.2196e-03 | ms/ep: 124.6 | LR: 4.03e-04 | ETA: 45.1min
[28300/50000] Loss: 4.3596e-02 | PDE: 5.1992e-03 | Holes: 9.6193e-05 | Ext: 1.3514e-03 | ms/ep: 109.3 | LR: 4.03e-04 | ETA: 39.5min
[28310/50000] Loss: 4.1712e-02 | PDE: 8.3907e-03 | Holes: 2.8915e-05 | Ext: 1.0487e-03 | ms/ep: 106.3 | LR: 4.03e-04 | ETA: 38.4min
[28320/50000] Loss: 3.7188e-02 | PDE: 4.5937e-03 | Holes: 1.6945e-05 | Ext: 1.0665e-03 | ms/ep: 113.0 | LR: 4.02e-04 | ETA: 40.8min
[28330/50000] Loss: 3.6424e-02 | PDE: 3.9493e-03 | Holes: 2.0360e-05 | Ext: 1.1783e-03 | ms/ep: 112.3 | LR: 4.02e-04 | ETA: 40.6min
[28340/50000] Loss: 3.6092e-02 | PDE: 4.0452e-03 | Holes: 2.0046e-05 | Ext: 1.1071e-03 | ms/ep: 116.2 | LR: 4.02e-04 | ETA: 41.9min
[28350/50000] Loss: 3.9647e-02 | PDE: 4.5222e-03 | Holes: 4.9896e-05 | Ext: 1.3332e-03 | ms/ep: 107.9 | LR: 4.02e-04 | ETA: 38.9min
[28360/50000] Loss: 3.7802e-02 | PDE: 4.0319e-03 | Holes: 4.6346e-05 | Ext: 1.2352e-03 | ms/ep: 114.0 | LR: 4.01e-04 | ETA: 41.1min
[28370/50000] Loss: 3.8123e-02 | PDE: 4.7775e-03 | Holes: 4.1308e-05 | Ext: 1.1272e-03 | ms/ep: 107.0 | LR: 4.01e-04 | ETA: 38.6min
[28380/50000] Loss: 3.9999e-02 | PDE: 4.1438e-03 | Holes: 7.6017e-05 | Ext: 1.2897e-03 | ms/ep: 106.0 | LR: 4.01e-04 | ETA: 38.2min
[28390/50000] Loss: 3.5558e-02 | PDE: 3.6338e-03 | Holes: 2.3425e-05 | Ext: 1.1396e-03 | ms/ep: 122.3 | LR: 4.00e-04 | ETA: 44.1min
[28400/50000] Loss: 3.6092e-02 | PDE: 4.1573e-03 | Holes: 1.3974e-05 | Ext: 1.0533e-03 | ms/ep: 111.2 | LR: 4.00e-04 | ETA: 40.0min
[28410/50000] Loss: 3.6985e-02 | PDE: 4.3372e-03 | Holes: 2.6533e-05 | Ext: 1.2357e-03 | ms/ep: 126.1 | LR: 4.00e-04 | ETA: 45.4min
[28420/50000] Loss: 3.4667e-02 | PDE: 3.6411e-03 | Holes: 1.0335e-05 | Ext: 1.1422e-03 | ms/ep: 120.0 | LR: 3.99e-04 | ETA: 43.2min
[28430/50000] Loss: 3.8147e-02 | PDE: 4.8738e-03 | Holes: 2.1412e-05 | Ext: 1.0044e-03 | ms/ep: 106.9 | LR: 3.99e-04 | ETA: 38.4min
[28440/50000] Loss: 3.5220e-02 | PDE: 4.1050e-03 | Holes: 1.2254e-05 | Ext: 1.1592e-03 | ms/ep: 110.5 | LR: 3.99e-04 | ETA: 39.7min
[28450/50000] Loss: 3.5660e-02 | PDE: 4.2404e-03 | Holes: 1.8173e-05 | Ext: 1.1469e-03 | ms/ep: 122.7 | LR: 3.99e-04 | ETA: 44.1min
[28460/50000] Loss: 3.5492e-02 | PDE: 4.2965e-03 | Holes: 1.3060e-05 | Ext: 1.0376e-03 | ms/ep: 127.7 | LR: 3.98e-04 | ETA: 45.9min
[28470/50000] Loss: 3.8868e-02 | PDE: 4.1602e-03 | Holes: 7.5752e-05 | Ext: 1.1723e-03 | ms/ep: 116.6 | LR: 3.98e-04 | ETA: 41.8min
[28480/50000] Loss: 3.5646e-02 | PDE: 3.8926e-03 | Holes: 3.1725e-05 | Ext: 1.1101e-03 | ms/ep: 109.2 | LR: 3.98e-04 | ETA: 39.2min
[28490/50000] Loss: 3.5400e-02 | PDE: 3.5196e-03 | Holes: 3.2821e-05 | Ext: 1.1303e-03 | ms/ep: 124.3 | LR: 3.97e-04 | ETA: 44.6min
[28500/50000] Loss: 3.5415e-02 | PDE: 3.9523e-03 | Holes: 1.6220e-05 | Ext: 1.1945e-03 | ms/ep: 119.9 | LR: 3.97e-04 | ETA: 43.0min
[28510/50000] Loss: 3.5534e-02 | PDE: 3.6324e-03 | Holes: 3.4025e-05 | Ext: 1.1438e-03 | ms/ep: 116.9 | LR: 3.97e-04 | ETA: 41.9min
[28520/50000] Loss: 3.5195e-02 | PDE: 4.1575e-03 | Holes: 1.6975e-05 | Ext: 1.0617e-03 | ms/ep: 121.6 | LR: 3.96e-04 | ETA: 43.5min
[28530/50000] Loss: 3.7029e-02 | PDE: 4.4784e-03 | Holes: 2.5789e-05 | Ext: 1.2598e-03 | ms/ep: 110.2 | LR: 3.96e-04 | ETA: 39.4min
[28540/50000] Loss: 3.5086e-02 | PDE: 3.9635e-03 | Holes: 2.0215e-05 | Ext: 1.1573e-03 | ms/ep: 106.9 | LR: 3.96e-04 | ETA: 38.2min
[28550/50000] Loss: 3.4199e-02 | PDE: 3.4776e-03 | Holes: 1.7430e-05 | Ext: 1.0830e-03 | ms/ep: 114.4 | LR: 3.96e-04 | ETA: 40.9min
[28560/50000] Loss: 4.0718e-02 | PDE: 4.9660e-03 | Holes: 7.7038e-05 | Ext: 1.3341e-03 | ms/ep: 108.9 | LR: 3.95e-04 | ETA: 38.9min
[28570/50000] Loss: 3.4926e-02 | PDE: 4.1365e-03 | Holes: 1.8103e-05 | Ext: 1.1311e-03 | ms/ep: 120.4 | LR: 3.95e-04 | ETA: 43.0min
[28580/50000] Loss: 5.8546e-02 | PDE: 1.7220e-02 | Holes: 2.8939e-05 | Ext: 8.7800e-04 | ms/ep: 107.5 | LR: 3.95e-04 | ETA: 38.4min
[28590/50000] Loss: 1.5943e-01 | PDE: 5.3486e-02 | Holes: 6.6531e-04 | Ext: 2.6619e-03 | ms/ep: 104.2 | LR: 3.94e-04 | ETA: 37.2min
[28600/50000] Loss: 9.4913e-02 | PDE: 2.6166e-02 | Holes: 2.2485e-04 | Ext: 2.1169e-03 | ms/ep: 104.4 | LR: 3.94e-04 | ETA: 37.2min
[28610/50000] Loss: 5.6239e-02 | PDE: 1.3338e-02 | Holes: 7.6812e-05 | Ext: 1.3687e-03 | ms/ep: 104.1 | LR: 3.94e-04 | ETA: 37.1min
[28620/50000] Loss: 4.4445e-02 | PDE: 7.7475e-03 | Holes: 2.8624e-05 | Ext: 1.3168e-03 | ms/ep: 104.1 | LR: 3.93e-04 | ETA: 37.1min
[28630/50000] Loss: 4.0229e-02 | PDE: 5.5480e-03 | Holes: 1.7665e-05 | Ext: 1.2394e-03 | ms/ep: 104.4 | LR: 3.93e-04 | ETA: 37.2min
[28640/50000] Loss: 3.7826e-02 | PDE: 4.5751e-03 | Holes: 1.0709e-05 | Ext: 1.1959e-03 | ms/ep: 104.4 | LR: 3.93e-04 | ETA: 37.2min
[28650/50000] Loss: 3.6635e-02 | PDE: 4.0941e-03 | Holes: 9.5666e-06 | Ext: 1.1770e-03 | ms/ep: 123.4 | LR: 3.92e-04 | ETA: 43.9min
[28660/50000] Loss: 3.5857e-02 | PDE: 3.8145e-03 | Holes: 8.8976e-06 | Ext: 1.1504e-03 | ms/ep: 124.7 | LR: 3.92e-04 | ETA: 44.3min
[28670/50000] Loss: 3.5324e-02 | PDE: 3.6515e-03 | Holes: 8.4314e-06 | Ext: 1.1367e-03 | ms/ep: 119.5 | LR: 3.92e-04 | ETA: 42.5min
[28680/50000] Loss: 3.4916e-02 | PDE: 3.5718e-03 | Holes: 8.2512e-06 | Ext: 1.1263e-03 | ms/ep: 104.5 | LR: 3.92e-04 | ETA: 37.1min
[28690/50000] Loss: 3.4578e-02 | PDE: 3.4964e-03 | Holes: 8.0822e-06 | Ext: 1.1158e-03 | ms/ep: 104.4 | LR: 3.91e-04 | ETA: 37.1min
[28700/50000] Loss: 3.4285e-02 | PDE: 3.4409e-03 | Holes: 8.0282e-06 | Ext: 1.1067e-03 | ms/ep: 104.6 | LR: 3.91e-04 | ETA: 37.1min
[28710/50000] Loss: 3.4027e-02 | PDE: 3.3952e-03 | Holes: 7.9325e-06 | Ext: 1.0986e-03 | ms/ep: 104.3 | LR: 3.91e-04 | ETA: 37.0min
[28720/50000] Loss: 3.3799e-02 | PDE: 3.3602e-03 | Holes: 7.8442e-06 | Ext: 1.0911e-03 | ms/ep: 104.3 | LR: 3.90e-04 | ETA: 37.0min
[28730/50000] Loss: 3.3598e-02 | PDE: 3.3302e-03 | Holes: 7.7426e-06 | Ext: 1.0855e-03 | ms/ep: 104.4 | LR: 3.90e-04 | ETA: 37.0min
[28740/50000] Loss: 3.3418e-02 | PDE: 3.3045e-03 | Holes: 7.6520e-06 | Ext: 1.0799e-03 | ms/ep: 104.2 | LR: 3.90e-04 | ETA: 36.9min
[28750/50000] Loss: 3.3256e-02 | PDE: 3.2821e-03 | Holes: 7.5619e-06 | Ext: 1.0748e-03 | ms/ep: 115.1 | LR: 3.89e-04 | ETA: 40.8min
[28760/50000] Loss: 3.3108e-02 | PDE: 3.2620e-03 | Holes: 7.4835e-06 | Ext: 1.0701e-03 | ms/ep: 115.3 | LR: 3.89e-04 | ETA: 40.8min
[28770/50000] Loss: 3.2972e-02 | PDE: 3.2438e-03 | Holes: 7.4112e-06 | Ext: 1.0656e-03 | ms/ep: 104.6 | LR: 3.89e-04 | ETA: 37.0min
[28780/50000] Loss: 3.2845e-02 | PDE: 3.2270e-03 | Holes: 7.3470e-06 | Ext: 1.0615e-03 | ms/ep: 127.8 | LR: 3.89e-04 | ETA: 45.2min
[28790/50000] Loss: 3.2726e-02 | PDE: 3.2112e-03 | Holes: 7.2902e-06 | Ext: 1.0581e-03 | ms/ep: 113.5 | LR: 3.88e-04 | ETA: 40.1min
[28800/50000] Loss: 3.2922e-02 | PDE: 3.2971e-03 | Holes: 9.8481e-06 | Ext: 1.0839e-03 | ms/ep: 106.8 | LR: 3.88e-04 | ETA: 37.7min
[28810/50000] Loss: 4.4628e-02 | PDE: 3.9549e-03 | Holes: 1.7644e-04 | Ext: 1.2757e-03 | ms/ep: 104.5 | LR: 3.88e-04 | ETA: 36.9min
[28820/50000] Loss: 3.4637e-02 | PDE: 3.4955e-03 | Holes: 3.4668e-05 | Ext: 1.0245e-03 | ms/ep: 104.3 | LR: 3.87e-04 | ETA: 36.8min
[28830/50000] Loss: 3.4159e-02 | PDE: 3.5627e-03 | Holes: 2.3998e-05 | Ext: 1.1381e-03 | ms/ep: 104.3 | LR: 3.87e-04 | ETA: 36.8min
[28840/50000] Loss: 3.3216e-02 | PDE: 3.3633e-03 | Holes: 1.5905e-05 | Ext: 1.1041e-03 | ms/ep: 104.5 | LR: 3.87e-04 | ETA: 36.9min
[28850/50000] Loss: 3.2777e-02 | PDE: 3.1795e-03 | Holes: 1.4495e-05 | Ext: 1.0749e-03 | ms/ep: 104.3 | LR: 3.86e-04 | ETA: 36.8min
[28860/50000] Loss: 3.4366e-02 | PDE: 3.2742e-03 | Holes: 3.7158e-05 | Ext: 1.1167e-03 | ms/ep: 104.3 | LR: 3.86e-04 | ETA: 36.8min
[28870/50000] Loss: 3.3379e-02 | PDE: 3.4438e-03 | Holes: 1.9414e-05 | Ext: 1.1065e-03 | ms/ep: 104.7 | LR: 3.86e-04 | ETA: 36.9min
[28880/50000] Loss: 3.6669e-02 | PDE: 3.6190e-03 | Holes: 6.5471e-05 | Ext: 1.1822e-03 | ms/ep: 104.4 | LR: 3.86e-04 | ETA: 36.8min
[28890/50000] Loss: 3.2169e-02 | PDE: 3.0907e-03 | Holes: 1.0763e-05 | Ext: 1.0218e-03 | ms/ep: 104.4 | LR: 3.85e-04 | ETA: 36.7min
[28900/50000] Loss: 3.3729e-02 | PDE: 3.2461e-03 | Holes: 3.3007e-05 | Ext: 1.0181e-03 | ms/ep: 104.4 | LR: 3.85e-04 | ETA: 36.7min
[28910/50000] Loss: 3.5489e-02 | PDE: 3.7250e-03 | Holes: 4.8608e-05 | Ext: 1.1569e-03 | ms/ep: 104.4 | LR: 3.85e-04 | ETA: 36.7min
[28920/50000] Loss: 3.1937e-02 | PDE: 3.1372e-03 | Holes: 8.5216e-06 | Ext: 1.0148e-03 | ms/ep: 104.2 | LR: 3.84e-04 | ETA: 36.6min
[28930/50000] Loss: 3.3621e-02 | PDE: 3.2362e-03 | Holes: 3.3572e-05 | Ext: 1.0039e-03 | ms/ep: 104.4 | LR: 3.84e-04 | ETA: 36.7min
[28940/50000] Loss: 3.5324e-02 | PDE: 3.7564e-03 | Holes: 4.7617e-05 | Ext: 1.1564e-03 | ms/ep: 104.4 | LR: 3.84e-04 | ETA: 36.7min
[28950/50000] Loss: 3.1994e-02 | PDE: 3.1711e-03 | Holes: 1.0503e-05 | Ext: 9.9149e-04 | ms/ep: 104.4 | LR: 3.83e-04 | ETA: 36.6min
[28960/50000] Loss: 3.2661e-02 | PDE: 3.1194e-03 | Holes: 2.4688e-05 | Ext: 1.0262e-03 | ms/ep: 104.6 | LR: 3.83e-04 | ETA: 36.7min
[28970/50000] Loss: 3.4806e-02 | PDE: 3.7161e-03 | Holes: 4.8019e-05 | Ext: 1.1035e-03 | ms/ep: 104.4 | LR: 3.83e-04 | ETA: 36.6min
[28980/50000] Loss: 3.3451e-02 | PDE: 3.5189e-03 | Holes: 2.7474e-05 | Ext: 1.1113e-03 | ms/ep: 104.5 | LR: 3.83e-04 | ETA: 36.6min
[28990/50000] Loss: 3.1682e-02 | PDE: 3.1545e-03 | Holes: 1.0052e-05 | Ext: 9.8212e-04 | ms/ep: 104.5 | LR: 3.82e-04 | ETA: 36.6min
[29000/50000] Loss: 3.4473e-02 | PDE: 3.4163e-03 | Holes: 5.2872e-05 | Ext: 1.0359e-03 | ms/ep: 104.3 | LR: 3.82e-04 | ETA: 36.5min
[29010/50000] Loss: 3.4349e-02 | PDE: 3.7402e-03 | Holes: 5.0411e-05 | Ext: 9.9497e-04 | ms/ep: 104.7 | LR: 3.82e-04 | ETA: 36.6min
[29020/50000] Loss: 3.2517e-02 | PDE: 3.3779e-03 | Holes: 2.0526e-05 | Ext: 1.0622e-03 | ms/ep: 104.5 | LR: 3.81e-04 | ETA: 36.6min
[29030/50000] Loss: 3.3303e-02 | PDE: 3.9301e-03 | Holes: 2.9413e-05 | Ext: 9.8499e-04 | ms/ep: 104.6 | LR: 3.81e-04 | ETA: 36.6min
[29040/50000] Loss: 3.5423e-02 | PDE: 3.9590e-03 | Holes: 6.5455e-05 | Ext: 1.0413e-03 | ms/ep: 104.2 | LR: 3.81e-04 | ETA: 36.4min
[29050/50000] Loss: 3.4156e-02 | PDE: 3.1191e-03 | Holes: 5.2972e-05 | Ext: 1.0787e-03 | ms/ep: 117.8 | LR: 3.80e-04 | ETA: 41.1min
[29060/50000] Loss: 3.4353e-02 | PDE: 3.8907e-03 | Holes: 5.1229e-05 | Ext: 9.9386e-04 | ms/ep: 120.5 | LR: 3.80e-04 | ETA: 42.1min
[29070/50000] Loss: 3.1013e-02 | PDE: 2.8733e-03 | Holes: 1.1053e-05 | Ext: 1.0149e-03 | ms/ep: 112.3 | LR: 3.80e-04 | ETA: 39.2min
[29080/50000] Loss: 3.1274e-02 | PDE: 3.1454e-03 | Holes: 9.7687e-06 | Ext: 1.0383e-03 | ms/ep: 122.7 | LR: 3.79e-04 | ETA: 42.8min
[29090/50000] Loss: 3.1842e-02 | PDE: 3.0303e-03 | Holes: 2.4467e-05 | Ext: 9.7381e-04 | ms/ep: 106.9 | LR: 3.79e-04 | ETA: 37.2min
[29100/50000] Loss: 3.1703e-02 | PDE: 3.2307e-03 | Holes: 1.8692e-05 | Ext: 1.0328e-03 | ms/ep: 104.7 | LR: 3.79e-04 | ETA: 36.5min
[29110/50000] Loss: 3.2888e-02 | PDE: 3.2380e-03 | Holes: 3.7626e-05 | Ext: 9.7618e-04 | ms/ep: 108.1 | LR: 3.79e-04 | ETA: 37.6min
[29120/50000] Loss: 3.5395e-02 | PDE: 4.1167e-03 | Holes: 5.5646e-05 | Ext: 1.1208e-03 | ms/ep: 104.5 | LR: 3.78e-04 | ETA: 36.4min
[29130/50000] Loss: 3.3876e-02 | PDE: 3.6535e-03 | Holes: 4.1232e-05 | Ext: 1.0010e-03 | ms/ep: 104.4 | LR: 3.78e-04 | ETA: 36.3min
[29140/50000] Loss: 3.5770e-02 | PDE: 5.5465e-03 | Holes: 4.5589e-05 | Ext: 9.6567e-04 | ms/ep: 104.6 | LR: 3.78e-04 | ETA: 36.4min
[29150/50000] Loss: 3.5617e-02 | PDE: 4.9845e-03 | Holes: 5.4239e-05 | Ext: 1.0501e-03 | ms/ep: 104.5 | LR: 3.77e-04 | ETA: 36.3min
[29160/50000] Loss: 3.1680e-02 | PDE: 3.6773e-03 | Holes: 1.3644e-05 | Ext: 9.3615e-04 | ms/ep: 104.7 | LR: 3.77e-04 | ETA: 36.4min
[29170/50000] Loss: 3.1206e-02 | PDE: 3.1932e-03 | Holes: 1.1642e-05 | Ext: 1.0391e-03 | ms/ep: 104.1 | LR: 3.77e-04 | ETA: 36.1min
[29180/50000] Loss: 3.1879e-02 | PDE: 2.9928e-03 | Holes: 3.0479e-05 | Ext: 1.0202e-03 | ms/ep: 104.1 | LR: 3.76e-04 | ETA: 36.1min
[29190/50000] Loss: 3.1596e-02 | PDE: 3.0507e-03 | Holes: 2.1614e-05 | Ext: 1.0620e-03 | ms/ep: 104.4 | LR: 3.76e-04 | ETA: 36.2min
[29200/50000] Loss: 3.0383e-02 | PDE: 2.8167e-03 | Holes: 1.0484e-05 | Ext: 9.9204e-04 | ms/ep: 104.4 | LR: 3.76e-04 | ETA: 36.2min
[29210/50000] Loss: 3.0260e-02 | PDE: 2.9405e-03 | Holes: 7.4854e-06 | Ext: 9.4487e-04 | ms/ep: 104.3 | LR: 3.76e-04 | ETA: 36.1min
[29220/50000] Loss: 3.3369e-02 | PDE: 4.8228e-03 | Holes: 2.4265e-05 | Ext: 1.0153e-03 | ms/ep: 104.5 | LR: 3.75e-04 | ETA: 36.2min
[29230/50000] Loss: 3.3881e-02 | PDE: 3.8802e-03 | Holes: 4.3185e-05 | Ext: 9.5608e-04 | ms/ep: 116.8 | LR: 3.75e-04 | ETA: 40.4min
[29240/50000] Loss: 4.1251e-02 | PDE: 5.8805e-03 | Holes: 1.2829e-04 | Ext: 1.1546e-03 | ms/ep: 120.6 | LR: 3.75e-04 | ETA: 41.7min
[29250/50000] Loss: 3.2797e-02 | PDE: 4.0768e-03 | Holes: 2.6525e-05 | Ext: 1.0373e-03 | ms/ep: 113.8 | LR: 3.74e-04 | ETA: 39.4min
[29260/50000] Loss: 3.2514e-02 | PDE: 4.1125e-03 | Holes: 2.5379e-05 | Ext: 9.2412e-04 | ms/ep: 104.6 | LR: 3.74e-04 | ETA: 36.2min
[29270/50000] Loss: 3.2095e-02 | PDE: 3.5880e-03 | Holes: 2.5511e-05 | Ext: 9.9216e-04 | ms/ep: 106.0 | LR: 3.74e-04 | ETA: 36.6min
[29280/50000] Loss: 3.2287e-02 | PDE: 3.3364e-03 | Holes: 3.6455e-05 | Ext: 9.4531e-04 | ms/ep: 104.1 | LR: 3.73e-04 | ETA: 36.0min
[29290/50000] Loss: 3.0278e-02 | PDE: 3.0615e-03 | Holes: 7.8184e-06 | Ext: 9.5203e-04 | ms/ep: 104.3 | LR: 3.73e-04 | ETA: 36.0min
[29300/50000] Loss: 3.1799e-02 | PDE: 3.0411e-03 | Holes: 3.6619e-05 | Ext: 1.0071e-03 | ms/ep: 104.4 | LR: 3.73e-04 | ETA: 36.0min
[29310/50000] Loss: 3.0298e-02 | PDE: 2.8997e-03 | Holes: 1.2504e-05 | Ext: 9.4098e-04 | ms/ep: 120.7 | LR: 3.73e-04 | ETA: 41.6min
[29320/50000] Loss: 2.9564e-02 | PDE: 2.7150e-03 | Holes: 7.0246e-06 | Ext: 9.6814e-04 | ms/ep: 111.4 | LR: 3.72e-04 | ETA: 38.4min
[29330/50000] Loss: 3.5851e-02 | PDE: 4.1789e-03 | Holes: 8.3886e-05 | Ext: 1.0628e-03 | ms/ep: 104.6 | LR: 3.72e-04 | ETA: 36.0min
[29340/50000] Loss: 3.0504e-02 | PDE: 3.0938e-03 | Holes: 1.0272e-05 | Ext: 9.9023e-04 | ms/ep: 104.7 | LR: 3.72e-04 | ETA: 36.0min
[29350/50000] Loss: 3.5874e-02 | PDE: 5.4585e-03 | Holes: 6.7463e-05 | Ext: 1.0276e-03 | ms/ep: 104.7 | LR: 3.71e-04 | ETA: 36.0min
[29360/50000] Loss: 3.0734e-02 | PDE: 3.0395e-03 | Holes: 1.7599e-05 | Ext: 9.6024e-04 | ms/ep: 104.3 | LR: 3.71e-04 | ETA: 35.9min
[29370/50000] Loss: 3.1267e-02 | PDE: 3.4570e-03 | Holes: 1.5610e-05 | Ext: 8.9376e-04 | ms/ep: 104.5 | LR: 3.71e-04 | ETA: 35.9min
[29380/50000] Loss: 2.9777e-02 | PDE: 2.8787e-03 | Holes: 1.0158e-05 | Ext: 9.6443e-04 | ms/ep: 104.5 | LR: 3.70e-04 | ETA: 35.9min
[29390/50000] Loss: 3.0061e-02 | PDE: 2.7107e-03 | Holes: 1.7665e-05 | Ext: 9.8531e-04 | ms/ep: 104.5 | LR: 3.70e-04 | ETA: 35.9min
[29400/50000] Loss: 2.9617e-02 | PDE: 2.8293e-03 | Holes: 1.0983e-05 | Ext: 9.3190e-04 | ms/ep: 104.1 | LR: 3.70e-04 | ETA: 35.8min
[29410/50000] Loss: 3.0691e-02 | PDE: 3.1959e-03 | Holes: 1.7309e-05 | Ext: 1.0142e-03 | ms/ep: 104.7 | LR: 3.70e-04 | ETA: 35.9min
[29420/50000] Loss: 2.9231e-02 | PDE: 2.6521e-03 | Holes: 8.2399e-06 | Ext: 9.2904e-04 | ms/ep: 104.3 | LR: 3.69e-04 | ETA: 35.8min
[29430/50000] Loss: 3.2721e-02 | PDE: 3.7093e-03 | Holes: 3.9558e-05 | Ext: 1.0717e-03 | ms/ep: 104.4 | LR: 3.69e-04 | ETA: 35.8min
[29440/50000] Loss: 3.1062e-02 | PDE: 3.4787e-03 | Holes: 2.3898e-05 | Ext: 1.0014e-03 | ms/ep: 104.5 | LR: 3.69e-04 | ETA: 35.8min
[29450/50000] Loss: 2.9606e-02 | PDE: 2.7503e-03 | Holes: 1.0963e-05 | Ext: 9.9235e-04 | ms/ep: 104.5 | LR: 3.68e-04 | ETA: 35.8min
[29460/50000] Loss: 3.0632e-02 | PDE: 2.6766e-03 | Holes: 2.9121e-05 | Ext: 9.8624e-04 | ms/ep: 104.6 | LR: 3.68e-04 | ETA: 35.8min
[29470/50000] Loss: 2.9085e-02 | PDE: 2.6356e-03 | Holes: 8.5739e-06 | Ext: 9.4716e-04 | ms/ep: 104.5 | LR: 3.68e-04 | ETA: 35.8min
[29480/50000] Loss: 2.8941e-02 | PDE: 2.6667e-03 | Holes: 6.9210e-06 | Ext: 9.4932e-04 | ms/ep: 108.3 | LR: 3.67e-04 | ETA: 37.0min
[29490/50000] Loss: 3.1487e-02 | PDE: 3.0675e-03 | Holes: 3.8605e-05 | Ext: 9.5007e-04 | ms/ep: 104.3 | LR: 3.67e-04 | ETA: 35.7min
[29500/50000] Loss: 3.3084e-02 | PDE: 3.3021e-03 | Holes: 6.4028e-05 | Ext: 1.0131e-03 | ms/ep: 104.5 | LR: 3.67e-04 | ETA: 35.7min
[29510/50000] Loss: 3.0171e-02 | PDE: 3.2176e-03 | Holes: 1.8897e-05 | Ext: 9.7727e-04 | ms/ep: 104.5 | LR: 3.67e-04 | ETA: 35.7min
[29520/50000] Loss: 2.9155e-02 | PDE: 2.7752e-03 | Holes: 1.0954e-05 | Ext: 9.2771e-04 | ms/ep: 107.9 | LR: 3.66e-04 | ETA: 36.8min
[29530/50000] Loss: 2.8746e-02 | PDE: 2.6120e-03 | Holes: 7.6391e-06 | Ext: 8.9837e-04 | ms/ep: 105.1 | LR: 3.66e-04 | ETA: 35.8min
[29540/50000] Loss: 3.2122e-02 | PDE: 3.9912e-03 | Holes: 3.7486e-05 | Ext: 8.9349e-04 | ms/ep: 105.4 | LR: 3.66e-04 | ETA: 35.9min
[29550/50000] Loss: 3.7681e-02 | PDE: 3.7692e-03 | Holes: 1.3547e-04 | Ext: 1.0721e-03 | ms/ep: 104.7 | LR: 3.65e-04 | ETA: 35.7min
[29560/50000] Loss: 4.1392e-02 | PDE: 9.2347e-03 | Holes: 8.7141e-05 | Ext: 1.0400e-03 | ms/ep: 104.9 | LR: 3.65e-04 | ETA: 35.7min
[29570/50000] Loss: 6.5823e-02 | PDE: 1.5779e-02 | Holes: 2.2039e-04 | Ext: 1.5137e-03 | ms/ep: 105.5 | LR: 3.65e-04 | ETA: 35.9min
[29580/50000] Loss: 4.1954e-02 | PDE: 8.0101e-03 | Holes: 1.0484e-04 | Ext: 1.0441e-03 | ms/ep: 104.6 | LR: 3.65e-04 | ETA: 35.6min
[29590/50000] Loss: 3.5819e-02 | PDE: 6.7517e-03 | Holes: 2.6028e-05 | Ext: 9.8387e-04 | ms/ep: 104.8 | LR: 3.64e-04 | ETA: 35.7min
[29600/50000] Loss: 3.1847e-02 | PDE: 3.8429e-03 | Holes: 1.7814e-05 | Ext: 9.4765e-04 | ms/ep: 105.8 | LR: 3.64e-04 | ETA: 36.0min
[29610/50000] Loss: 3.0124e-02 | PDE: 2.9752e-03 | Holes: 1.3120e-05 | Ext: 9.8168e-04 | ms/ep: 105.2 | LR: 3.64e-04 | ETA: 35.8min
[29620/50000] Loss: 2.9543e-02 | PDE: 2.7563e-03 | Holes: 1.0355e-05 | Ext: 9.2751e-04 | ms/ep: 104.8 | LR: 3.63e-04 | ETA: 35.6min
[29630/50000] Loss: 2.9097e-02 | PDE: 2.6575e-03 | Holes: 7.3711e-06 | Ext: 9.2381e-04 | ms/ep: 104.8 | LR: 3.63e-04 | ETA: 35.6min
[29640/50000] Loss: 2.8817e-02 | PDE: 2.5707e-03 | Holes: 6.8096e-06 | Ext: 9.3208e-04 | ms/ep: 105.3 | LR: 3.63e-04 | ETA: 35.7min
[29650/50000] Loss: 2.8995e-02 | PDE: 2.6196e-03 | Holes: 1.0669e-05 | Ext: 9.1211e-04 | ms/ep: 105.5 | LR: 3.62e-04 | ETA: 35.8min
[29660/50000] Loss: 2.9123e-02 | PDE: 2.6932e-03 | Holes: 1.1319e-05 | Ext: 9.7706e-04 | ms/ep: 106.1 | LR: 3.62e-04 | ETA: 36.0min
[29670/50000] Loss: 2.8653e-02 | PDE: 2.5728e-03 | Holes: 8.8345e-06 | Ext: 9.0561e-04 | ms/ep: 104.8 | LR: 3.62e-04 | ETA: 35.5min
[29680/50000] Loss: 2.8285e-02 | PDE: 2.4643e-03 | Holes: 6.0221e-06 | Ext: 9.2505e-04 | ms/ep: 104.9 | LR: 3.62e-04 | ETA: 35.5min
[29690/50000] Loss: 2.8751e-02 | PDE: 2.5634e-03 | Holes: 1.1457e-05 | Ext: 9.5547e-04 | ms/ep: 105.8 | LR: 3.61e-04 | ETA: 35.8min
[29700/50000] Loss: 2.9724e-02 | PDE: 2.7992e-03 | Holes: 2.5917e-05 | Ext: 8.9465e-04 | ms/ep: 105.5 | LR: 3.61e-04 | ETA: 35.7min
[29710/50000] Loss: 3.0072e-02 | PDE: 2.9815e-03 | Holes: 2.5044e-05 | Ext: 9.9784e-04 | ms/ep: 104.8 | LR: 3.61e-04 | ETA: 35.4min
[29720/50000] Loss: 2.9460e-02 | PDE: 2.8574e-03 | Holes: 2.2506e-05 | Ext: 8.8576e-04 | ms/ep: 105.6 | LR: 3.60e-04 | ETA: 35.7min
[29730/50000] Loss: 2.8867e-02 | PDE: 2.6678e-03 | Holes: 1.4196e-05 | Ext: 9.6303e-04 | ms/ep: 105.3 | LR: 3.60e-04 | ETA: 35.6min
[29740/50000] Loss: 2.8079e-02 | PDE: 2.4875e-03 | Holes: 7.5207e-06 | Ext: 8.8994e-04 | ms/ep: 105.7 | LR: 3.60e-04 | ETA: 35.7min
[29750/50000] Loss: 2.7953e-02 | PDE: 2.4379e-03 | Holes: 6.8289e-06 | Ext: 8.9763e-04 | ms/ep: 105.9 | LR: 3.59e-04 | ETA: 35.7min
[29760/50000] Loss: 2.8696e-02 | PDE: 2.5680e-03 | Holes: 1.5626e-05 | Ext: 9.4762e-04 | ms/ep: 105.3 | LR: 3.59e-04 | ETA: 35.5min
[29770/50000] Loss: 2.9658e-02 | PDE: 2.7722e-03 | Holes: 3.0367e-05 | Ext: 8.8060e-04 | ms/ep: 105.0 | LR: 3.59e-04 | ETA: 35.4min
[29780/50000] Loss: 2.9092e-02 | PDE: 2.7250e-03 | Holes: 1.9560e-05 | Ext: 9.6817e-04 | ms/ep: 105.8 | LR: 3.59e-04 | ETA: 35.6min
[29790/50000] Loss: 2.8112e-02 | PDE: 2.5364e-03 | Holes: 9.9986e-06 | Ext: 8.7167e-04 | ms/ep: 105.5 | LR: 3.58e-04 | ETA: 35.5min
[29800/50000] Loss: 2.8214e-02 | PDE: 2.6213e-03 | Holes: 9.7707e-06 | Ext: 9.3108e-04 | ms/ep: 109.2 | LR: 3.58e-04 | ETA: 36.8min
[29810/50000] Loss: 2.9491e-02 | PDE: 2.9946e-03 | Holes: 2.5739e-05 | Ext: 8.9472e-04 | ms/ep: 128.3 | LR: 3.58e-04 | ETA: 43.2min
[29820/50000] Loss: 2.8790e-02 | PDE: 2.6887e-03 | Holes: 2.0609e-05 | Ext: 9.2243e-04 | ms/ep: 123.9 | LR: 3.57e-04 | ETA: 41.7min
[29830/50000] Loss: 2.7718e-02 | PDE: 2.4218e-03 | Holes: 8.6023e-06 | Ext: 9.0047e-04 | ms/ep: 119.1 | LR: 3.57e-04 | ETA: 40.0min
[29840/50000] Loss: 2.8369e-02 | PDE: 2.7865e-03 | Holes: 1.1677e-05 | Ext: 8.9802e-04 | ms/ep: 118.4 | LR: 3.57e-04 | ETA: 39.8min
[29850/50000] Loss: 2.8368e-02 | PDE: 2.7681e-03 | Holes: 1.1866e-05 | Ext: 9.1915e-04 | ms/ep: 110.9 | LR: 3.56e-04 | ETA: 37.3min
[29860/50000] Loss: 4.0475e-02 | PDE: 8.2311e-03 | Holes: 1.3049e-04 | Ext: 9.5717e-04 | ms/ep: 106.1 | LR: 3.56e-04 | ETA: 35.6min
[29870/50000] Loss: 9.0440e-01 | PDE: 2.3971e-01 | Holes: 3.8603e-03 | Ext: 2.4382e-02 | ms/ep: 118.7 | LR: 3.56e-04 | ETA: 39.8min
[29880/50000] Loss: 5.0717e-01 | PDE: 1.4827e-01 | Holes: 1.6989e-03 | Ext: 1.0630e-02 | ms/ep: 106.6 | LR: 3.56e-04 | ETA: 35.8min
[29890/50000] Loss: 3.1115e-01 | PDE: 9.0124e-02 | Holes: 3.4832e-04 | Ext: 8.4219e-03 | ms/ep: 106.6 | LR: 3.55e-04 | ETA: 35.7min
[29900/50000] Loss: 2.1687e-01 | PDE: 6.0155e-02 | Holes: 1.0222e-04 | Ext: 5.3558e-03 | ms/ep: 107.5 | LR: 3.55e-04 | ETA: 36.0min
[29910/50000] Loss: 1.6882e-01 | PDE: 4.3614e-02 | Holes: 9.4064e-05 | Ext: 4.7104e-03 | ms/ep: 106.7 | LR: 3.55e-04 | ETA: 35.7min
[29920/50000] Loss: 1.3781e-01 | PDE: 3.2728e-02 | Holes: 5.3030e-05 | Ext: 3.9858e-03 | ms/ep: 106.5 | LR: 3.54e-04 | ETA: 35.6min
[29930/50000] Loss: 1.1615e-01 | PDE: 2.4455e-02 | Holes: 4.4940e-05 | Ext: 3.4795e-03 | ms/ep: 107.2 | LR: 3.54e-04 | ETA: 35.9min
[29940/50000] Loss: 9.9735e-02 | PDE: 1.8673e-02 | Holes: 3.8429e-05 | Ext: 3.0879e-03 | ms/ep: 106.7 | LR: 3.54e-04 | ETA: 35.7min
[29950/50000] Loss: 8.7708e-02 | PDE: 1.5427e-02 | Holes: 3.6162e-05 | Ext: 2.6985e-03 | ms/ep: 104.3 | LR: 3.54e-04 | ETA: 34.9min
[29960/50000] Loss: 7.8887e-02 | PDE: 1.3316e-02 | Holes: 3.0204e-05 | Ext: 2.4460e-03 | ms/ep: 104.4 | LR: 3.53e-04 | ETA: 34.9min
[29970/50000] Loss: 7.2288e-02 | PDE: 1.1840e-02 | Holes: 2.4474e-05 | Ext: 2.2453e-03 | ms/ep: 104.4 | LR: 3.53e-04 | ETA: 34.8min
[29980/50000] Loss: 6.7139e-02 | PDE: 1.0582e-02 | Holes: 2.0408e-05 | Ext: 2.1083e-03 | ms/ep: 104.5 | LR: 3.53e-04 | ETA: 34.9min
[29990/50000] Loss: 6.2986e-02 | PDE: 9.5622e-03 | Holes: 1.7566e-05 | Ext: 1.9981e-03 | ms/ep: 121.9 | LR: 3.52e-04 | ETA: 40.6min
[30000/50000] Loss: 5.9566e-02 | PDE: 8.7439e-03 | Holes: 1.5670e-05 | Ext: 1.9051e-03 | ms/ep: 109.8 | LR: 3.52e-04 | ETA: 36.6min
[30010/50000] Loss: 5.6712e-02 | PDE: 8.0797e-03 | Holes: 1.4310e-05 | Ext: 1.8241e-03 | ms/ep: 117.2 | LR: 3.52e-04 | ETA: 39.0min
[30020/50000] Loss: 5.4306e-02 | PDE: 7.5431e-03 | Holes: 1.3223e-05 | Ext: 1.7528e-03 | ms/ep: 104.3 | LR: 3.51e-04 | ETA: 34.7min
[30030/50000] Loss: 5.2247e-02 | PDE: 7.0794e-03 | Holes: 1.2415e-05 | Ext: 1.6898e-03 | ms/ep: 116.9 | LR: 3.51e-04 | ETA: 38.9min
[30040/50000] Loss: 5.0454e-02 | PDE: 6.6759e-03 | Holes: 1.1836e-05 | Ext: 1.6337e-03 | ms/ep: 128.5 | LR: 3.51e-04 | ETA: 42.7min
[30050/50000] Loss: 4.8868e-02 | PDE: 6.3231e-03 | Holes: 1.1420e-05 | Ext: 1.5836e-03 | ms/ep: 118.8 | LR: 3.51e-04 | ETA: 39.5min
[30060/50000] Loss: 4.7446e-02 | PDE: 6.0105e-03 | Holes: 1.1105e-05 | Ext: 1.5384e-03 | ms/ep: 127.1 | LR: 3.50e-04 | ETA: 42.2min
[30070/50000] Loss: 4.6155e-02 | PDE: 5.7296e-03 | Holes: 1.0855e-05 | Ext: 1.4971e-03 | ms/ep: 117.9 | LR: 3.50e-04 | ETA: 39.1min
[30080/50000] Loss: 4.4973e-02 | PDE: 5.4747e-03 | Holes: 1.0653e-05 | Ext: 1.4588e-03 | ms/ep: 117.6 | LR: 3.50e-04 | ETA: 39.0min
[30090/50000] Loss: 4.3881e-02 | PDE: 5.2421e-03 | Holes: 1.0479e-05 | Ext: 1.4230e-03 | ms/ep: 121.7 | LR: 3.49e-04 | ETA: 40.4min
[30100/50000] Loss: 4.2870e-02 | PDE: 5.0290e-03 | Holes: 1.0326e-05 | Ext: 1.3898e-03 | ms/ep: 107.5 | LR: 3.49e-04 | ETA: 35.7min
[30110/50000] Loss: 4.1934e-02 | PDE: 4.8349e-03 | Holes: 1.0183e-05 | Ext: 1.3592e-03 | ms/ep: 104.7 | LR: 3.49e-04 | ETA: 34.7min
[30120/50000] Loss: 4.1069e-02 | PDE: 4.6598e-03 | Holes: 1.0043e-05 | Ext: 1.3311e-03 | ms/ep: 104.3 | LR: 3.48e-04 | ETA: 34.5min
[30130/50000] Loss: 4.0272e-02 | PDE: 4.5032e-03 | Holes: 9.9016e-06 | Ext: 1.3057e-03 | ms/ep: 104.5 | LR: 3.48e-04 | ETA: 34.6min
[30140/50000] Loss: 3.9540e-02 | PDE: 4.3638e-03 | Holes: 9.7563e-06 | Ext: 1.2828e-03 | ms/ep: 104.4 | LR: 3.48e-04 | ETA: 34.5min
[30150/50000] Loss: 3.8866e-02 | PDE: 4.2391e-03 | Holes: 9.6074e-06 | Ext: 1.2619e-03 | ms/ep: 104.3 | LR: 3.48e-04 | ETA: 34.5min
[30160/50000] Loss: 3.8242e-02 | PDE: 4.1265e-03 | Holes: 9.4572e-06 | Ext: 1.2427e-03 | ms/ep: 104.4 | LR: 3.47e-04 | ETA: 34.5min
[30170/50000] Loss: 3.7661e-02 | PDE: 4.0238e-03 | Holes: 9.3085e-06 | Ext: 1.2249e-03 | ms/ep: 104.4 | LR: 3.47e-04 | ETA: 34.5min
[30180/50000] Loss: 3.7117e-02 | PDE: 3.9294e-03 | Holes: 9.1630e-06 | Ext: 1.2084e-03 | ms/ep: 104.6 | LR: 3.47e-04 | ETA: 34.6min
[30190/50000] Loss: 3.6606e-02 | PDE: 3.8423e-03 | Holes: 9.0215e-06 | Ext: 1.1930e-03 | ms/ep: 104.3 | LR: 3.46e-04 | ETA: 34.4min
[30200/50000] Loss: 3.6125e-02 | PDE: 3.7621e-03 | Holes: 8.8830e-06 | Ext: 1.1787e-03 | ms/ep: 104.5 | LR: 3.46e-04 | ETA: 34.5min
[30210/50000] Loss: 3.5672e-02 | PDE: 3.6881e-03 | Holes: 8.7473e-06 | Ext: 1.1654e-03 | ms/ep: 104.5 | LR: 3.46e-04 | ETA: 34.5min
[30220/50000] Loss: 3.5244e-02 | PDE: 3.6200e-03 | Holes: 8.6137e-06 | Ext: 1.1529e-03 | ms/ep: 104.6 | LR: 3.46e-04 | ETA: 34.5min
[30230/50000] Loss: 3.4842e-02 | PDE: 3.5575e-03 | Holes: 8.4819e-06 | Ext: 1.1412e-03 | ms/ep: 104.5 | LR: 3.45e-04 | ETA: 34.4min
[30240/50000] Loss: 3.4464e-02 | PDE: 3.5002e-03 | Holes: 8.3523e-06 | Ext: 1.1300e-03 | ms/ep: 104.8 | LR: 3.45e-04 | ETA: 34.5min
[30250/50000] Loss: 3.4109e-02 | PDE: 3.4478e-03 | Holes: 8.2255e-06 | Ext: 1.1193e-03 | ms/ep: 104.6 | LR: 3.45e-04 | ETA: 34.4min
[30260/50000] Loss: 3.3776e-02 | PDE: 3.3997e-03 | Holes: 8.1015e-06 | Ext: 1.1089e-03 | ms/ep: 104.5 | LR: 3.44e-04 | ETA: 34.4min
[30270/50000] Loss: 3.3463e-02 | PDE: 3.3555e-03 | Holes: 7.9811e-06 | Ext: 1.0989e-03 | ms/ep: 104.4 | LR: 3.44e-04 | ETA: 34.3min
[30280/50000] Loss: 3.3169e-02 | PDE: 3.3145e-03 | Holes: 7.8648e-06 | Ext: 1.0891e-03 | ms/ep: 104.2 | LR: 3.44e-04 | ETA: 34.3min
[30290/50000] Loss: 3.2892e-02 | PDE: 3.2760e-03 | Holes: 7.7527e-06 | Ext: 1.0795e-03 | ms/ep: 104.2 | LR: 3.43e-04 | ETA: 34.2min
[30300/50000] Loss: 3.2630e-02 | PDE: 3.2397e-03 | Holes: 7.6454e-06 | Ext: 1.0702e-03 | ms/ep: 104.3 | LR: 3.43e-04 | ETA: 34.3min
[30310/50000] Loss: 3.2382e-02 | PDE: 3.2050e-03 | Holes: 7.5432e-06 | Ext: 1.0611e-03 | ms/ep: 104.5 | LR: 3.43e-04 | ETA: 34.3min
[30320/50000] Loss: 3.2147e-02 | PDE: 3.1720e-03 | Holes: 7.4461e-06 | Ext: 1.0523e-03 | ms/ep: 104.5 | LR: 3.43e-04 | ETA: 34.3min
[30330/50000] Loss: 3.1923e-02 | PDE: 3.1404e-03 | Holes: 7.3543e-06 | Ext: 1.0437e-03 | ms/ep: 104.5 | LR: 3.42e-04 | ETA: 34.3min
[30340/50000] Loss: 3.1710e-02 | PDE: 3.1102e-03 | Holes: 7.2678e-06 | Ext: 1.0355e-03 | ms/ep: 104.6 | LR: 3.42e-04 | ETA: 34.3min
[30350/50000] Loss: 3.1507e-02 | PDE: 3.0812e-03 | Holes: 7.1864e-06 | Ext: 1.0275e-03 | ms/ep: 104.3 | LR: 3.42e-04 | ETA: 34.2min
[30360/50000] Loss: 3.1313e-02 | PDE: 3.0534e-03 | Holes: 7.1099e-06 | Ext: 1.0198e-03 | ms/ep: 104.4 | LR: 3.41e-04 | ETA: 34.2min
[30370/50000] Loss: 3.1126e-02 | PDE: 3.0268e-03 | Holes: 7.0381e-06 | Ext: 1.0124e-03 | ms/ep: 104.4 | LR: 3.41e-04 | ETA: 34.2min
[30380/50000] Loss: 3.0948e-02 | PDE: 3.0011e-03 | Holes: 6.9706e-06 | Ext: 1.0054e-03 | ms/ep: 104.3 | LR: 3.41e-04 | ETA: 34.1min
[30390/50000] Loss: 3.0776e-02 | PDE: 2.9764e-03 | Holes: 6.9071e-06 | Ext: 9.9855e-04 | ms/ep: 104.5 | LR: 3.41e-04 | ETA: 34.1min
[30400/50000] Loss: 3.0610e-02 | PDE: 2.9525e-03 | Holes: 6.8473e-06 | Ext: 9.9201e-04 | ms/ep: 104.5 | LR: 3.40e-04 | ETA: 34.1min
[30410/50000] Loss: 3.0451e-02 | PDE: 2.9294e-03 | Holes: 6.7909e-06 | Ext: 9.8573e-04 | ms/ep: 104.4 | LR: 3.40e-04 | ETA: 34.1min
[30420/50000] Loss: 3.0296e-02 | PDE: 2.9070e-03 | Holes: 6.7377e-06 | Ext: 9.7970e-04 | ms/ep: 104.4 | LR: 3.40e-04 | ETA: 34.1min
[30430/50000] Loss: 3.0147e-02 | PDE: 2.8853e-03 | Holes: 6.6873e-06 | Ext: 9.7391e-04 | ms/ep: 104.8 | LR: 3.39e-04 | ETA: 34.2min
[30440/50000] Loss: 3.0003e-02 | PDE: 2.8642e-03 | Holes: 6.6395e-06 | Ext: 9.6833e-04 | ms/ep: 104.5 | LR: 3.39e-04 | ETA: 34.1min
[30450/50000] Loss: 2.9863e-02 | PDE: 2.8438e-03 | Holes: 6.5941e-06 | Ext: 9.6295e-04 | ms/ep: 104.5 | LR: 3.39e-04 | ETA: 34.1min
[30460/50000] Loss: 2.9727e-02 | PDE: 2.8239e-03 | Holes: 6.5509e-06 | Ext: 9.5778e-04 | ms/ep: 104.4 | LR: 3.38e-04 | ETA: 34.0min
[30470/50000] Loss: 2.9594e-02 | PDE: 2.8047e-03 | Holes: 6.5096e-06 | Ext: 9.5277e-04 | ms/ep: 104.4 | LR: 3.38e-04 | ETA: 34.0min
[30480/50000] Loss: 2.9465e-02 | PDE: 2.7861e-03 | Holes: 6.4702e-06 | Ext: 9.4792e-04 | ms/ep: 104.4 | LR: 3.38e-04 | ETA: 34.0min
[30490/50000] Loss: 2.9340e-02 | PDE: 2.7681e-03 | Holes: 6.4324e-06 | Ext: 9.4322e-04 | ms/ep: 104.5 | LR: 3.38e-04 | ETA: 34.0min
[30500/50000] Loss: 2.9217e-02 | PDE: 2.7508e-03 | Holes: 6.3957e-06 | Ext: 9.3854e-04 | ms/ep: 104.7 | LR: 3.37e-04 | ETA: 34.0min
[30510/50000] Loss: 2.9102e-02 | PDE: 2.7353e-03 | Holes: 6.4048e-06 | Ext: 9.3253e-04 | ms/ep: 104.4 | LR: 3.37e-04 | ETA: 33.9min
[30520/50000] Loss: 3.0135e-02 | PDE: 2.9486e-03 | Holes: 2.0396e-05 | Ext: 9.1286e-04 | ms/ep: 104.5 | LR: 3.37e-04 | ETA: 33.9min
[30530/50000] Loss: 3.9991e-02 | PDE: 4.0947e-03 | Holes: 1.5814e-04 | Ext: 9.6303e-04 | ms/ep: 104.4 | LR: 3.36e-04 | ETA: 33.9min
[30540/50000] Loss: 3.7347e-02 | PDE: 3.7127e-03 | Holes: 1.2000e-04 | Ext: 9.5344e-04 | ms/ep: 104.3 | LR: 3.36e-04 | ETA: 33.8min
[30550/50000] Loss: 3.1564e-02 | PDE: 3.0612e-03 | Holes: 4.2655e-05 | Ext: 9.1351e-04 | ms/ep: 104.5 | LR: 3.36e-04 | ETA: 33.9min
[30560/50000] Loss: 2.9391e-02 | PDE: 2.7696e-03 | Holes: 1.6043e-05 | Ext: 9.0839e-04 | ms/ep: 104.5 | LR: 3.36e-04 | ETA: 33.8min
[30570/50000] Loss: 2.8585e-02 | PDE: 2.6378e-03 | Holes: 7.1637e-06 | Ext: 9.1174e-04 | ms/ep: 104.5 | LR: 3.35e-04 | ETA: 33.9min
[30580/50000] Loss: 2.8413e-02 | PDE: 2.6091e-03 | Holes: 6.4245e-06 | Ext: 9.1860e-04 | ms/ep: 104.3 | LR: 3.35e-04 | ETA: 33.8min
[30590/50000] Loss: 2.8344e-02 | PDE: 2.6062e-03 | Holes: 6.8670e-06 | Ext: 9.1693e-04 | ms/ep: 104.5 | LR: 3.35e-04 | ETA: 33.8min
[30600/50000] Loss: 2.8185e-02 | PDE: 2.5870e-03 | Holes: 6.1052e-06 | Ext: 9.0495e-04 | ms/ep: 104.4 | LR: 3.34e-04 | ETA: 33.7min
[30610/50000] Loss: 2.8090e-02 | PDE: 2.5798e-03 | Holes: 6.1312e-06 | Ext: 8.9886e-04 | ms/ep: 104.5 | LR: 3.34e-04 | ETA: 33.8min
[30620/50000] Loss: 2.7989e-02 | PDE: 2.5700e-03 | Holes: 6.1097e-06 | Ext: 8.9937e-04 | ms/ep: 104.4 | LR: 3.34e-04 | ETA: 33.7min
[30630/50000] Loss: 2.7889e-02 | PDE: 2.5601e-03 | Holes: 6.0423e-06 | Ext: 8.9252e-04 | ms/ep: 104.2 | LR: 3.34e-04 | ETA: 33.7min
[30640/50000] Loss: 2.7795e-02 | PDE: 2.5520e-03 | Holes: 6.0285e-06 | Ext: 8.8773e-04 | ms/ep: 104.3 | LR: 3.33e-04 | ETA: 33.6min
[30650/50000] Loss: 2.7846e-02 | PDE: 2.6136e-03 | Holes: 6.9128e-06 | Ext: 8.7145e-04 | ms/ep: 104.4 | LR: 3.33e-04 | ETA: 33.7min
[30660/50000] Loss: 3.4783e-02 | PDE: 3.6828e-03 | Holes: 9.7707e-05 | Ext: 9.0464e-04 | ms/ep: 104.5 | LR: 3.33e-04 | ETA: 33.7min
[30670/50000] Loss: 2.8364e-02 | PDE: 2.5868e-03 | Holes: 1.6134e-05 | Ext: 9.1477e-04 | ms/ep: 104.3 | LR: 3.32e-04 | ETA: 33.6min
[30680/50000] Loss: 2.7899e-02 | PDE: 2.5571e-03 | Holes: 1.0513e-05 | Ext: 9.1095e-04 | ms/ep: 104.5 | LR: 3.32e-04 | ETA: 33.7min
[30690/50000] Loss: 2.7845e-02 | PDE: 2.6139e-03 | Holes: 1.0130e-05 | Ext: 8.6240e-04 | ms/ep: 104.3 | LR: 3.32e-04 | ETA: 33.6min
[30700/50000] Loss: 2.7469e-02 | PDE: 2.5138e-03 | Holes: 7.3032e-06 | Ext: 8.9223e-04 | ms/ep: 104.7 | LR: 3.31e-04 | ETA: 33.7min
[30710/50000] Loss: 2.7776e-02 | PDE: 2.6803e-03 | Holes: 1.0461e-05 | Ext: 9.0726e-04 | ms/ep: 104.3 | LR: 3.31e-04 | ETA: 33.5min
[30720/50000] Loss: 2.9298e-02 | PDE: 3.1329e-03 | Holes: 2.6441e-05 | Ext: 9.4927e-04 | ms/ep: 104.4 | LR: 3.31e-04 | ETA: 33.5min
[30730/50000] Loss: 2.7591e-02 | PDE: 2.6266e-03 | Holes: 9.8657e-06 | Ext: 8.4748e-04 | ms/ep: 104.6 | LR: 3.31e-04 | ETA: 33.6min
[30740/50000] Loss: 2.7882e-02 | PDE: 2.6978e-03 | Holes: 1.4020e-05 | Ext: 8.4513e-04 | ms/ep: 104.4 | LR: 3.30e-04 | ETA: 33.5min
[30750/50000] Loss: 2.7267e-02 | PDE: 2.5549e-03 | Holes: 8.3898e-06 | Ext: 8.9032e-04 | ms/ep: 104.4 | LR: 3.30e-04 | ETA: 33.5min
[30760/50000] Loss: 3.0316e-02 | PDE: 3.1438e-03 | Holes: 4.4779e-05 | Ext: 9.6385e-04 | ms/ep: 104.1 | LR: 3.30e-04 | ETA: 33.4min
[30770/50000] Loss: 2.8947e-02 | PDE: 2.9161e-03 | Holes: 2.9085e-05 | Ext: 8.4041e-04 | ms/ep: 105.3 | LR: 3.29e-04 | ETA: 33.8min
[30780/50000] Loss: 2.7928e-02 | PDE: 2.7266e-03 | Holes: 1.7527e-05 | Ext: 9.1262e-04 | ms/ep: 104.5 | LR: 3.29e-04 | ETA: 33.5min
[30790/50000] Loss: 2.6691e-02 | PDE: 2.3730e-03 | Holes: 5.7111e-06 | Ext: 8.5728e-04 | ms/ep: 115.8 | LR: 3.29e-04 | ETA: 37.1min
[30800/50000] Loss: 3.0322e-02 | PDE: 3.9259e-03 | Holes: 3.5053e-05 | Ext: 8.0616e-04 | ms/ep: 122.5 | LR: 3.29e-04 | ETA: 39.2min
[30810/50000] Loss: 2.8526e-02 | PDE: 2.9875e-03 | Holes: 2.4965e-05 | Ext: 9.2759e-04 | ms/ep: 114.0 | LR: 3.28e-04 | ETA: 36.5min
[30820/50000] Loss: 2.7867e-02 | PDE: 2.7519e-03 | Holes: 1.9013e-05 | Ext: 8.2942e-04 | ms/ep: 117.1 | LR: 3.28e-04 | ETA: 37.4min
[30830/50000] Loss: 2.7147e-02 | PDE: 2.5559e-03 | Holes: 1.2808e-05 | Ext: 8.8606e-04 | ms/ep: 104.6 | LR: 3.28e-04 | ETA: 33.4min
[30840/50000] Loss: 2.6527e-02 | PDE: 2.4146e-03 | Holes: 6.2379e-06 | Ext: 8.6918e-04 | ms/ep: 111.5 | LR: 3.27e-04 | ETA: 35.6min
[30850/50000] Loss: 2.7889e-02 | PDE: 3.0435e-03 | Holes: 1.6776e-05 | Ext: 8.0233e-04 | ms/ep: 105.1 | LR: 3.27e-04 | ETA: 33.5min
[30860/50000] Loss: 2.6845e-02 | PDE: 2.4587e-03 | Holes: 1.1635e-05 | Ext: 8.7115e-04 | ms/ep: 105.3 | LR: 3.27e-04 | ETA: 33.6min
[30870/50000] Loss: 2.6681e-02 | PDE: 2.3964e-03 | Holes: 1.0967e-05 | Ext: 8.4421e-04 | ms/ep: 105.9 | LR: 3.27e-04 | ETA: 33.8min
[30880/50000] Loss: 2.6217e-02 | PDE: 2.3106e-03 | Holes: 5.9594e-06 | Ext: 8.3731e-04 | ms/ep: 105.5 | LR: 3.26e-04 | ETA: 33.6min
[30890/50000] Loss: 2.8475e-02 | PDE: 2.7704e-03 | Holes: 3.3260e-05 | Ext: 9.1236e-04 | ms/ep: 104.7 | LR: 3.26e-04 | ETA: 33.4min
[30900/50000] Loss: 2.6461e-02 | PDE: 2.4187e-03 | Holes: 9.4732e-06 | Ext: 8.2036e-04 | ms/ep: 105.7 | LR: 3.26e-04 | ETA: 33.7min
[30910/50000] Loss: 2.7061e-02 | PDE: 2.5520e-03 | Holes: 1.7254e-05 | Ext: 8.2454e-04 | ms/ep: 104.8 | LR: 3.25e-04 | ETA: 33.3min
[30920/50000] Loss: 2.7976e-02 | PDE: 2.8883e-03 | Holes: 2.4830e-05 | Ext: 9.1108e-04 | ms/ep: 105.4 | LR: 3.25e-04 | ETA: 33.5min
[30930/50000] Loss: 2.5987e-02 | PDE: 2.2894e-03 | Holes: 5.9977e-06 | Ext: 8.2277e-04 | ms/ep: 105.7 | LR: 3.25e-04 | ETA: 33.6min
[30940/50000] Loss: 2.8854e-02 | PDE: 2.9147e-03 | Holes: 4.0976e-05 | Ext: 8.1854e-04 | ms/ep: 105.2 | LR: 3.25e-04 | ETA: 33.4min
[30950/50000] Loss: 2.7830e-02 | PDE: 3.0027e-03 | Holes: 2.1630e-05 | Ext: 9.1855e-04 | ms/ep: 105.7 | LR: 3.24e-04 | ETA: 33.6min
[30960/50000] Loss: 2.6023e-02 | PDE: 2.3553e-03 | Holes: 7.6898e-06 | Ext: 8.3073e-04 | ms/ep: 104.5 | LR: 3.24e-04 | ETA: 33.1min
[30970/50000] Loss: 2.7300e-02 | PDE: 2.7413e-03 | Holes: 2.2019e-05 | Ext: 8.1711e-04 | ms/ep: 105.0 | LR: 3.24e-04 | ETA: 33.3min
[30980/50000] Loss: 2.7113e-02 | PDE: 2.9132e-03 | Holes: 1.3480e-05 | Ext: 9.0354e-04 | ms/ep: 105.4 | LR: 3.23e-04 | ETA: 33.4min
[30990/50000] Loss: 2.5884e-02 | PDE: 2.3202e-03 | Holes: 6.7027e-06 | Ext: 8.5985e-04 | ms/ep: 105.0 | LR: 3.23e-04 | ETA: 33.3min
[31000/50000] Loss: 2.8074e-02 | PDE: 2.8804e-03 | Holes: 3.3234e-05 | Ext: 8.0779e-04 | ms/ep: 104.5 | LR: 3.23e-04 | ETA: 33.1min
[31010/50000] Loss: 2.6208e-02 | PDE: 2.4663e-03 | Holes: 1.1026e-05 | Ext: 8.6214e-04 | ms/ep: 105.3 | LR: 3.22e-04 | ETA: 33.3min
[31020/50000] Loss: 2.5989e-02 | PDE: 2.4434e-03 | Holes: 8.9428e-06 | Ext: 8.3114e-04 | ms/ep: 105.3 | LR: 3.22e-04 | ETA: 33.3min
[31030/50000] Loss: 2.9260e-02 | PDE: 3.3070e-03 | Holes: 4.2256e-05 | Ext: 7.7483e-04 | ms/ep: 105.1 | LR: 3.22e-04 | ETA: 33.2min
[31040/50000] Loss: 2.7602e-02 | PDE: 3.1150e-03 | Holes: 2.5278e-05 | Ext: 8.7562e-04 | ms/ep: 105.5 | LR: 3.22e-04 | ETA: 33.3min
[31050/50000] Loss: 2.5887e-02 | PDE: 2.3249e-03 | Holes: 1.0634e-05 | Ext: 8.1103e-04 | ms/ep: 105.5 | LR: 3.21e-04 | ETA: 33.3min
[31060/50000] Loss: 2.5451e-02 | PDE: 2.2397e-03 | Holes: 5.7546e-06 | Ext: 8.0066e-04 | ms/ep: 104.5 | LR: 3.21e-04 | ETA: 33.0min
[31070/50000] Loss: 2.7497e-02 | PDE: 2.7600e-03 | Holes: 2.6301e-05 | Ext: 9.0223e-04 | ms/ep: 105.3 | LR: 3.21e-04 | ETA: 33.2min
[31080/50000] Loss: 2.5418e-02 | PDE: 2.2308e-03 | Holes: 6.8282e-06 | Ext: 7.9994e-04 | ms/ep: 105.6 | LR: 3.20e-04 | ETA: 33.3min
[31090/50000] Loss: 2.7852e-02 | PDE: 2.5586e-03 | Holes: 3.8209e-05 | Ext: 8.1209e-04 | ms/ep: 105.8 | LR: 3.20e-04 | ETA: 33.3min
[31100/50000] Loss: 2.8185e-02 | PDE: 3.2789e-03 | Holes: 3.0071e-05 | Ext: 9.1491e-04 | ms/ep: 104.7 | LR: 3.20e-04 | ETA: 33.0min
[31110/50000] Loss: 2.5974e-02 | PDE: 2.6476e-03 | Holes: 8.7428e-06 | Ext: 8.5637e-04 | ms/ep: 105.6 | LR: 3.20e-04 | ETA: 33.3min
[31120/50000] Loss: 3.5394e-02 | PDE: 5.9606e-03 | Holes: 1.0624e-04 | Ext: 8.5526e-04 | ms/ep: 104.9 | LR: 3.19e-04 | ETA: 33.0min
[31130/50000] Loss: 3.1764e-02 | PDE: 5.6224e-03 | Holes: 4.7879e-05 | Ext: 9.2891e-04 | ms/ep: 104.5 | LR: 3.19e-04 | ETA: 32.9min
[31140/50000] Loss: 2.9025e-02 | PDE: 3.7254e-03 | Holes: 3.8470e-05 | Ext: 8.7884e-04 | ms/ep: 104.8 | LR: 3.19e-04 | ETA: 33.0min
[31150/50000] Loss: 2.7483e-02 | PDE: 3.3168e-03 | Holes: 1.5194e-05 | Ext: 9.1916e-04 | ms/ep: 105.0 | LR: 3.18e-04 | ETA: 33.0min
[31160/50000] Loss: 2.5994e-02 | PDE: 2.5795e-03 | Holes: 1.0982e-05 | Ext: 8.0893e-04 | ms/ep: 105.0 | LR: 3.18e-04 | ETA: 33.0min
[31170/50000] Loss: 2.5356e-02 | PDE: 2.3548e-03 | Holes: 6.5548e-06 | Ext: 8.0642e-04 | ms/ep: 105.6 | LR: 3.18e-04 | ETA: 33.1min
[31180/50000] Loss: 2.8215e-02 | PDE: 2.6077e-03 | Holes: 4.5838e-05 | Ext: 8.4241e-04 | ms/ep: 105.4 | LR: 3.18e-04 | ETA: 33.1min
[31190/50000] Loss: 2.6108e-02 | PDE: 2.5842e-03 | Holes: 1.4229e-05 | Ext: 8.3366e-04 | ms/ep: 106.1 | LR: 3.17e-04 | ETA: 33.3min
[31200/50000] Loss: 2.5850e-02 | PDE: 2.4589e-03 | Holes: 1.5522e-05 | Ext: 7.9603e-04 | ms/ep: 105.0 | LR: 3.17e-04 | ETA: 32.9min
[31210/50000] Loss: 2.6047e-02 | PDE: 2.5540e-03 | Holes: 1.4186e-05 | Ext: 8.6384e-04 | ms/ep: 105.5 | LR: 3.17e-04 | ETA: 33.0min
[31220/50000] Loss: 2.4872e-02 | PDE: 2.1208e-03 | Holes: 5.3761e-06 | Ext: 8.0981e-04 | ms/ep: 105.3 | LR: 3.16e-04 | ETA: 33.0min
[31230/50000] Loss: 2.6534e-02 | PDE: 2.4990e-03 | Holes: 2.5713e-05 | Ext: 8.0523e-04 | ms/ep: 104.8 | LR: 3.16e-04 | ETA: 32.8min
[31240/50000] Loss: 2.5393e-02 | PDE: 2.4702e-03 | Holes: 8.3809e-06 | Ext: 8.3186e-04 | ms/ep: 105.5 | LR: 3.16e-04 | ETA: 33.0min
[31250/50000] Loss: 2.5695e-02 | PDE: 2.5714e-03 | Holes: 1.2568e-05 | Ext: 8.2738e-04 | ms/ep: 105.5 | LR: 3.16e-04 | ETA: 33.0min
[31260/50000] Loss: 2.4880e-02 | PDE: 2.1801e-03 | Holes: 7.1594e-06 | Ext: 7.9275e-04 | ms/ep: 105.4 | LR: 3.15e-04 | ETA: 32.9min
[31270/50000] Loss: 2.9671e-02 | PDE: 3.0162e-03 | Holes: 6.7719e-05 | Ext: 8.9550e-04 | ms/ep: 105.3 | LR: 3.15e-04 | ETA: 32.9min
[31280/50000] Loss: 3.1955e-02 | PDE: 7.7829e-03 | Holes: 2.7682e-05 | Ext: 7.5811e-04 | ms/ep: 105.4 | LR: 3.15e-04 | ETA: 32.9min
[31290/50000] Loss: 3.9075e-02 | PDE: 9.7339e-03 | Holes: 8.3125e-05 | Ext: 7.9502e-04 | ms/ep: 104.4 | LR: 3.14e-04 | ETA: 32.6min
[31300/50000] Loss: 3.0762e-02 | PDE: 4.3793e-03 | Holes: 5.8736e-05 | Ext: 9.1090e-04 | ms/ep: 104.5 | LR: 3.14e-04 | ETA: 32.6min
[31310/50000] Loss: 2.7124e-02 | PDE: 3.1941e-03 | Holes: 1.6551e-05 | Ext: 8.9068e-04 | ms/ep: 104.5 | LR: 3.14e-04 | ETA: 32.6min
[31320/50000] Loss: 2.5523e-02 | PDE: 2.3928e-03 | Holes: 1.0740e-05 | Ext: 7.9682e-04 | ms/ep: 104.4 | LR: 3.14e-04 | ETA: 32.5min
[31330/50000] Loss: 2.4913e-02 | PDE: 2.1782e-03 | Holes: 6.6841e-06 | Ext: 7.8463e-04 | ms/ep: 104.5 | LR: 3.13e-04 | ETA: 32.5min
[31340/50000] Loss: 2.4682e-02 | PDE: 2.0803e-03 | Holes: 6.3784e-06 | Ext: 7.9388e-04 | ms/ep: 104.4 | LR: 3.13e-04 | ETA: 32.5min
[31350/50000] Loss: 2.4776e-02 | PDE: 2.1220e-03 | Holes: 7.6103e-06 | Ext: 8.1268e-04 | ms/ep: 104.6 | LR: 3.13e-04 | ETA: 32.5min
[31360/50000] Loss: 2.4971e-02 | PDE: 2.1502e-03 | Holes: 1.0429e-05 | Ext: 8.1103e-04 | ms/ep: 105.1 | LR: 3.12e-04 | ETA: 32.6min
[31370/50000] Loss: 2.5736e-02 | PDE: 2.3325e-03 | Holes: 2.0604e-05 | Ext: 7.7209e-04 | ms/ep: 105.1 | LR: 3.12e-04 | ETA: 32.6min
[31380/50000] Loss: 2.5523e-02 | PDE: 2.5594e-03 | Holes: 1.3925e-05 | Ext: 8.2823e-04 | ms/ep: 105.5 | LR: 3.12e-04 | ETA: 32.7min
[31390/50000] Loss: 2.4663e-02 | PDE: 2.1343e-03 | Holes: 7.6381e-06 | Ext: 7.6961e-04 | ms/ep: 105.8 | LR: 3.12e-04 | ETA: 32.8min
[31400/50000] Loss: 2.5795e-02 | PDE: 2.4490e-03 | Holes: 2.1528e-05 | Ext: 7.7677e-04 | ms/ep: 104.6 | LR: 3.11e-04 | ETA: 32.4min
[31410/50000] Loss: 2.5047e-02 | PDE: 2.4278e-03 | Holes: 9.8123e-06 | Ext: 8.1627e-04 | ms/ep: 105.6 | LR: 3.11e-04 | ETA: 32.7min
[31420/50000] Loss: 2.5139e-02 | PDE: 2.3766e-03 | Holes: 1.3000e-05 | Ext: 8.1073e-04 | ms/ep: 105.0 | LR: 3.11e-04 | ETA: 32.5min
[31430/50000] Loss: 2.6105e-02 | PDE: 2.9626e-03 | Holes: 1.9900e-05 | Ext: 8.0311e-04 | ms/ep: 105.4 | LR: 3.10e-04 | ETA: 32.6min
[31440/50000] Loss: 3.3655e-02 | PDE: 4.5706e-03 | Holes: 1.1421e-04 | Ext: 8.8067e-04 | ms/ep: 104.5 | LR: 3.10e-04 | ETA: 32.3min
[31450/50000] Loss: 2.7354e-02 | PDE: 4.1721e-03 | Holes: 1.8752e-05 | Ext: 7.9319e-04 | ms/ep: 104.4 | LR: 3.10e-04 | ETA: 32.3min
[31460/50000] Loss: 2.5682e-02 | PDE: 2.6147e-03 | Holes: 1.7717e-05 | Ext: 8.2454e-04 | ms/ep: 104.5 | LR: 3.10e-04 | ETA: 32.3min
[31470/50000] Loss: 2.8607e-02 | PDE: 2.4317e-03 | Holes: 6.3812e-05 | Ext: 8.1896e-04 | ms/ep: 104.6 | LR: 3.09e-04 | ETA: 32.3min
[31480/50000] Loss: 2.7728e-02 | PDE: 3.8912e-03 | Holes: 2.3744e-05 | Ext: 8.8806e-04 | ms/ep: 104.8 | LR: 3.09e-04 | ETA: 32.4min
[31490/50000] Loss: 2.5544e-02 | PDE: 2.3241e-03 | Holes: 2.2272e-05 | Ext: 7.7789e-04 | ms/ep: 106.2 | LR: 3.09e-04 | ETA: 32.8min
[31500/50000] Loss: 2.4622e-02 | PDE: 2.1852e-03 | Holes: 1.0510e-05 | Ext: 8.0288e-04 | ms/ep: 111.9 | LR: 3.08e-04 | ETA: 34.5min
[31510/50000] Loss: 2.5327e-02 | PDE: 2.3970e-03 | Holes: 1.8038e-05 | Ext: 8.1297e-04 | ms/ep: 124.0 | LR: 3.08e-04 | ETA: 38.2min
[31520/50000] Loss: 2.4233e-02 | PDE: 2.0610e-03 | Holes: 7.3671e-06 | Ext: 7.6547e-04 | ms/ep: 110.1 | LR: 3.08e-04 | ETA: 33.9min
[31530/50000] Loss: 2.6081e-02 | PDE: 2.7730e-03 | Holes: 2.3961e-05 | Ext: 8.4015e-04 | ms/ep: 115.5 | LR: 3.08e-04 | ETA: 35.6min
[31540/50000] Loss: 2.5878e-02 | PDE: 2.8411e-03 | Holes: 2.0153e-05 | Ext: 8.1042e-04 | ms/ep: 127.6 | LR: 3.07e-04 | ETA: 39.3min
[31550/50000] Loss: 2.6431e-02 | PDE: 2.6683e-03 | Holes: 3.3688e-05 | Ext: 8.0845e-04 | ms/ep: 112.4 | LR: 3.07e-04 | ETA: 34.5min
[31560/50000] Loss: 2.4986e-02 | PDE: 2.5636e-03 | Holes: 1.0272e-05 | Ext: 7.2040e-04 | ms/ep: 111.3 | LR: 3.07e-04 | ETA: 34.2min
[31570/50000] Loss: 2.6735e-02 | PDE: 3.0771e-03 | Holes: 2.7668e-05 | Ext: 7.2156e-04 | ms/ep: 105.8 | LR: 3.06e-04 | ETA: 32.5min
[31580/50000] Loss: 2.5304e-02 | PDE: 2.3412e-03 | Holes: 2.2258e-05 | Ext: 7.9678e-04 | ms/ep: 107.6 | LR: 3.06e-04 | ETA: 33.0min
[31590/50000] Loss: 2.4168e-02 | PDE: 2.0431e-03 | Holes: 9.1879e-06 | Ext: 7.6845e-04 | ms/ep: 124.5 | LR: 3.06e-04 | ETA: 38.2min
[31600/50000] Loss: 2.5866e-02 | PDE: 2.6320e-03 | Holes: 2.7233e-05 | Ext: 7.8055e-04 | ms/ep: 121.8 | LR: 3.06e-04 | ETA: 37.3min
[31610/50000] Loss: 2.4282e-02 | PDE: 2.2004e-03 | Holes: 8.6144e-06 | Ext: 7.7141e-04 | ms/ep: 121.3 | LR: 3.05e-04 | ETA: 37.2min
[31620/50000] Loss: 2.8854e-02 | PDE: 3.8608e-03 | Holes: 4.4514e-05 | Ext: 9.2346e-04 | ms/ep: 109.2 | LR: 3.05e-04 | ETA: 33.5min
[31630/50000] Loss: 2.6874e-02 | PDE: 3.7731e-03 | Holes: 2.0423e-05 | Ext: 8.5284e-04 | ms/ep: 107.0 | LR: 3.05e-04 | ETA: 32.7min
[31640/50000] Loss: 3.5613e-02 | PDE: 7.0198e-03 | Holes: 4.7106e-05 | Ext: 8.1723e-04 | ms/ep: 118.0 | LR: 3.04e-04 | ETA: 36.1min
[31650/50000] Loss: 3.4009e-02 | PDE: 8.1472e-03 | Holes: 4.7280e-05 | Ext: 9.4058e-04 | ms/ep: 105.9 | LR: 3.04e-04 | ETA: 32.4min
[31660/50000] Loss: 2.7967e-02 | PDE: 3.6698e-03 | Holes: 4.0520e-05 | Ext: 7.8987e-04 | ms/ep: 106.3 | LR: 3.04e-04 | ETA: 32.5min
[31670/50000] Loss: 2.5254e-02 | PDE: 2.6675e-03 | Holes: 1.0483e-05 | Ext: 8.0219e-04 | ms/ep: 106.5 | LR: 3.04e-04 | ETA: 32.5min
[31680/50000] Loss: 2.4139e-02 | PDE: 2.2196e-03 | Holes: 5.4914e-06 | Ext: 7.7711e-04 | ms/ep: 106.0 | LR: 3.03e-04 | ETA: 32.4min
[31690/50000] Loss: 2.6637e-02 | PDE: 2.9912e-03 | Holes: 3.6531e-05 | Ext: 7.7051e-04 | ms/ep: 106.4 | LR: 3.03e-04 | ETA: 32.5min
[31700/50000] Loss: 2.4072e-02 | PDE: 2.1635e-03 | Holes: 6.2944e-06 | Ext: 7.9169e-04 | ms/ep: 106.2 | LR: 3.03e-04 | ETA: 32.4min
[31710/50000] Loss: 2.3958e-02 | PDE: 2.1418e-03 | Holes: 5.9917e-06 | Ext: 7.8500e-04 | ms/ep: 106.2 | LR: 3.02e-04 | ETA: 32.4min
[31720/50000] Loss: 2.3686e-02 | PDE: 1.9703e-03 | Holes: 5.6825e-06 | Ext: 7.5949e-04 | ms/ep: 106.2 | LR: 3.02e-04 | ETA: 32.3min
[31730/50000] Loss: 2.3883e-02 | PDE: 2.0796e-03 | Holes: 8.0313e-06 | Ext: 7.4460e-04 | ms/ep: 106.3 | LR: 3.02e-04 | ETA: 32.4min
[31740/50000] Loss: 2.4660e-02 | PDE: 2.4383e-03 | Holes: 1.3172e-05 | Ext: 8.0933e-04 | ms/ep: 106.0 | LR: 3.02e-04 | ETA: 32.3min
[31750/50000] Loss: 2.4282e-02 | PDE: 2.1243e-03 | Holes: 1.4173e-05 | Ext: 7.4638e-04 | ms/ep: 106.6 | LR: 3.01e-04 | ETA: 32.4min
[31760/50000] Loss: 2.3755e-02 | PDE: 2.0219e-03 | Holes: 7.2534e-06 | Ext: 7.8024e-04 | ms/ep: 106.4 | LR: 3.01e-04 | ETA: 32.4min
[31770/50000] Loss: 2.3705e-02 | PDE: 1.9645e-03 | Holes: 8.5063e-06 | Ext: 7.6741e-04 | ms/ep: 106.2 | LR: 3.01e-04 | ETA: 32.3min
[31780/50000] Loss: 2.4567e-02 | PDE: 2.4748e-03 | Holes: 1.5070e-05 | Ext: 7.2646e-04 | ms/ep: 105.9 | LR: 3.00e-04 | ETA: 32.2min
[31790/50000] Loss: 2.3797e-02 | PDE: 2.0620e-03 | Holes: 9.2054e-06 | Ext: 7.7975e-04 | ms/ep: 113.6 | LR: 3.00e-04 | ETA: 34.5min
[31800/50000] Loss: 2.5730e-02 | PDE: 3.1818e-03 | Holes: 1.8919e-05 | Ext: 7.2050e-04 | ms/ep: 125.0 | LR: 3.00e-04 | ETA: 37.9min
[31810/50000] Loss: 2.6881e-02 | PDE: 2.6923e-03 | Holes: 5.5366e-05 | Ext: 7.6371e-04 | ms/ep: 124.8 | LR: 3.00e-04 | ETA: 37.8min
[31820/50000] Loss: 2.3860e-02 | PDE: 2.2902e-03 | Holes: 6.9570e-06 | Ext: 7.5303e-04 | ms/ep: 124.4 | LR: 2.99e-04 | ETA: 37.7min
[31830/50000] Loss: 2.3872e-02 | PDE: 2.2188e-03 | Holes: 9.0859e-06 | Ext: 7.5535e-04 | ms/ep: 106.4 | LR: 2.99e-04 | ETA: 32.2min
[31840/50000] Loss: 2.3542e-02 | PDE: 2.0873e-03 | Holes: 6.6762e-06 | Ext: 7.3104e-04 | ms/ep: 118.6 | LR: 2.99e-04 | ETA: 35.9min
[31850/50000] Loss: 2.5356e-02 | PDE: 2.6788e-03 | Holes: 2.6110e-05 | Ext: 7.4831e-04 | ms/ep: 106.2 | LR: 2.98e-04 | ETA: 32.1min
[31860/50000] Loss: 2.3724e-02 | PDE: 2.1078e-03 | Holes: 9.5926e-06 | Ext: 7.3407e-04 | ms/ep: 106.4 | LR: 2.98e-04 | ETA: 32.2min
[31870/50000] Loss: 2.3666e-02 | PDE: 2.1651e-03 | Holes: 9.2357e-06 | Ext: 7.5183e-04 | ms/ep: 106.0 | LR: 2.98e-04 | ETA: 32.0min
[31880/50000] Loss: 2.6043e-02 | PDE: 2.2835e-03 | Holes: 4.4668e-05 | Ext: 7.5170e-04 | ms/ep: 106.4 | LR: 2.98e-04 | ETA: 32.1min
[31890/50000] Loss: 2.5784e-02 | PDE: 3.3272e-03 | Holes: 1.5228e-05 | Ext: 8.3981e-04 | ms/ep: 119.0 | LR: 2.97e-04 | ETA: 35.9min
[31900/50000] Loss: 2.4025e-02 | PDE: 2.4411e-03 | Holes: 8.8483e-06 | Ext: 7.9560e-04 | ms/ep: 128.1 | LR: 2.97e-04 | ETA: 38.6min
[31910/50000] Loss: 2.6103e-02 | PDE: 3.3848e-03 | Holes: 2.5001e-05 | Ext: 8.2338e-04 | ms/ep: 120.6 | LR: 2.97e-04 | ETA: 36.3min
[31920/50000] Loss: 2.4502e-02 | PDE: 2.7379e-03 | Holes: 1.4275e-05 | Ext: 7.2281e-04 | ms/ep: 111.8 | LR: 2.96e-04 | ETA: 33.7min
[31930/50000] Loss: 2.5695e-02 | PDE: 2.6430e-03 | Holes: 3.4387e-05 | Ext: 7.7656e-04 | ms/ep: 117.0 | LR: 2.96e-04 | ETA: 35.2min
[31940/50000] Loss: 2.6616e-02 | PDE: 3.9704e-03 | Holes: 3.1981e-05 | Ext: 7.7137e-04 | ms/ep: 116.3 | LR: 2.96e-04 | ETA: 35.0min
[31950/50000] Loss: 2.9595e-02 | PDE: 4.3755e-03 | Holes: 5.8569e-05 | Ext: 8.5420e-04 | ms/ep: 111.8 | LR: 2.96e-04 | ETA: 33.6min
[31960/50000] Loss: 2.5660e-02 | PDE: 2.2285e-03 | Holes: 3.8178e-05 | Ext: 7.7753e-04 | ms/ep: 115.7 | LR: 2.95e-04 | ETA: 34.8min
[31970/50000] Loss: 2.5347e-02 | PDE: 3.1633e-03 | Holes: 1.6322e-05 | Ext: 7.4934e-04 | ms/ep: 109.2 | LR: 2.95e-04 | ETA: 32.8min
[31980/50000] Loss: 2.4751e-02 | PDE: 2.6851e-03 | Holes: 1.4657e-05 | Ext: 8.3169e-04 | ms/ep: 104.4 | LR: 2.95e-04 | ETA: 31.4min
[31990/50000] Loss: 2.4538e-02 | PDE: 2.2189e-03 | Holes: 2.3481e-05 | Ext: 7.6715e-04 | ms/ep: 104.4 | LR: 2.95e-04 | ETA: 31.3min
[32000/50000] Loss: 2.3565e-02 | PDE: 2.2663e-03 | Holes: 7.8180e-06 | Ext: 7.5098e-04 | ms/ep: 104.3 | LR: 2.94e-04 | ETA: 31.3min
[32010/50000] Loss: 2.3294e-02 | PDE: 2.0932e-03 | Holes: 7.5690e-06 | Ext: 7.6347e-04 | ms/ep: 104.6 | LR: 2.94e-04 | ETA: 31.3min
[32020/50000] Loss: 2.2916e-02 | PDE: 1.9421e-03 | Holes: 5.3038e-06 | Ext: 7.4096e-04 | ms/ep: 104.4 | LR: 2.94e-04 | ETA: 31.3min
[32030/50000] Loss: 2.7146e-02 | PDE: 4.2607e-03 | Holes: 3.3145e-05 | Ext: 7.2898e-04 | ms/ep: 115.9 | LR: 2.93e-04 | ETA: 34.7min
[32040/50000] Loss: 2.3220e-02 | PDE: 2.0598e-03 | Holes: 8.8891e-06 | Ext: 7.0621e-04 | ms/ep: 104.5 | LR: 2.93e-04 | ETA: 31.3min
[32050/50000] Loss: 2.4557e-02 | PDE: 2.4746e-03 | Holes: 2.4172e-05 | Ext: 7.6233e-04 | ms/ep: 104.4 | LR: 2.93e-04 | ETA: 31.2min
[32060/50000] Loss: 2.5379e-02 | PDE: 2.8795e-03 | Holes: 2.3036e-05 | Ext: 8.3116e-04 | ms/ep: 124.1 | LR: 2.93e-04 | ETA: 37.1min
[32070/50000] Loss: 2.3099e-02 | PDE: 1.9950e-03 | Holes: 9.0535e-06 | Ext: 7.1591e-04 | ms/ep: 111.8 | LR: 2.92e-04 | ETA: 33.4min
[32080/50000] Loss: 2.3191e-02 | PDE: 2.1529e-03 | Holes: 7.5719e-06 | Ext: 7.6139e-04 | ms/ep: 127.7 | LR: 2.92e-04 | ETA: 38.1min
[32090/50000] Loss: 2.4051e-02 | PDE: 2.6142e-03 | Holes: 1.5414e-05 | Ext: 7.5371e-04 | ms/ep: 124.9 | LR: 2.92e-04 | ETA: 37.3min
[32100/50000] Loss: 2.4072e-02 | PDE: 2.3761e-03 | Holes: 1.5399e-05 | Ext: 6.9545e-04 | ms/ep: 119.5 | LR: 2.91e-04 | ETA: 35.7min
[32110/50000] Loss: 2.5132e-02 | PDE: 2.7011e-03 | Holes: 2.9374e-05 | Ext: 7.8807e-04 | ms/ep: 120.8 | LR: 2.91e-04 | ETA: 36.0min
[32120/50000] Loss: 2.5130e-02 | PDE: 2.8919e-03 | Holes: 2.7198e-05 | Ext: 7.0987e-04 | ms/ep: 104.5 | LR: 2.91e-04 | ETA: 31.2min
[32130/50000] Loss: 2.5221e-02 | PDE: 2.7605e-03 | Holes: 2.3448e-05 | Ext: 6.8195e-04 | ms/ep: 104.3 | LR: 2.91e-04 | ETA: 31.1min
[32140/50000] Loss: 2.3181e-02 | PDE: 2.1259e-03 | Holes: 1.0312e-05 | Ext: 7.4662e-04 | ms/ep: 104.7 | LR: 2.90e-04 | ETA: 31.2min
[32150/50000] Loss: 2.4720e-02 | PDE: 2.5452e-03 | Holes: 2.8261e-05 | Ext: 7.7548e-04 | ms/ep: 104.9 | LR: 2.90e-04 | ETA: 31.2min
[32160/50000] Loss: 2.3614e-02 | PDE: 2.5155e-03 | Holes: 1.0265e-05 | Ext: 6.8974e-04 | ms/ep: 104.5 | LR: 2.90e-04 | ETA: 31.1min
[32170/50000] Loss: 2.4154e-02 | PDE: 2.4345e-03 | Holes: 2.0850e-05 | Ext: 7.3652e-04 | ms/ep: 104.6 | LR: 2.89e-04 | ETA: 31.1min
[32180/50000] Loss: 2.4051e-02 | PDE: 2.4159e-03 | Holes: 2.1894e-05 | Ext: 6.9933e-04 | ms/ep: 104.5 | LR: 2.89e-04 | ETA: 31.0min
[32190/50000] Loss: 2.2675e-02 | PDE: 1.9288e-03 | Holes: 7.4729e-06 | Ext: 7.3931e-04 | ms/ep: 104.4 | LR: 2.89e-04 | ETA: 31.0min
[32200/50000] Loss: 2.3968e-02 | PDE: 2.3325e-03 | Holes: 2.0069e-05 | Ext: 7.7424e-04 | ms/ep: 104.3 | LR: 2.89e-04 | ETA: 30.9min
[32210/50000] Loss: 2.4499e-02 | PDE: 2.4210e-03 | Holes: 3.1511e-05 | Ext: 7.1040e-04 | ms/ep: 104.6 | LR: 2.88e-04 | ETA: 31.0min
[32220/50000] Loss: 2.3028e-02 | PDE: 2.1372e-03 | Holes: 1.1362e-05 | Ext: 7.1785e-04 | ms/ep: 104.2 | LR: 2.88e-04 | ETA: 30.9min
[32230/50000] Loss: 2.4999e-02 | PDE: 3.2905e-03 | Holes: 2.0071e-05 | Ext: 7.7986e-04 | ms/ep: 104.6 | LR: 2.88e-04 | ETA: 31.0min
[32240/50000] Loss: 2.5274e-02 | PDE: 2.9147e-03 | Holes: 3.2317e-05 | Ext: 7.5211e-04 | ms/ep: 104.5 | LR: 2.88e-04 | ETA: 30.9min
[32250/50000] Loss: 2.4896e-02 | PDE: 2.9921e-03 | Holes: 1.6375e-05 | Ext: 7.2663e-04 | ms/ep: 104.4 | LR: 2.87e-04 | ETA: 30.9min
[32260/50000] Loss: 2.3039e-02 | PDE: 2.3414e-03 | Holes: 8.7979e-06 | Ext: 7.1990e-04 | ms/ep: 104.5 | LR: 2.87e-04 | ETA: 30.9min
[32270/50000] Loss: 2.2613e-02 | PDE: 2.0469e-03 | Holes: 7.3468e-06 | Ext: 6.9852e-04 | ms/ep: 104.5 | LR: 2.87e-04 | ETA: 30.9min
[32280/50000] Loss: 2.4205e-02 | PDE: 2.8464e-03 | Holes: 2.0426e-05 | Ext: 7.0544e-04 | ms/ep: 104.5 | LR: 2.86e-04 | ETA: 30.9min
[32290/50000] Loss: 2.3078e-02 | PDE: 2.1489e-03 | Holes: 1.2013e-05 | Ext: 6.7560e-04 | ms/ep: 104.5 | LR: 2.86e-04 | ETA: 30.8min
[32300/50000] Loss: 2.2743e-02 | PDE: 2.2785e-03 | Holes: 7.3922e-06 | Ext: 7.2769e-04 | ms/ep: 104.3 | LR: 2.86e-04 | ETA: 30.8min
[32310/50000] Loss: 2.6804e-02 | PDE: 3.4272e-03 | Holes: 5.5276e-05 | Ext: 7.3517e-04 | ms/ep: 104.3 | LR: 2.86e-04 | ETA: 30.8min
[32320/50000] Loss: 2.4453e-02 | PDE: 2.9521e-03 | Holes: 2.3520e-05 | Ext: 7.6179e-04 | ms/ep: 104.5 | LR: 2.85e-04 | ETA: 30.8min
[32330/50000] Loss: 2.3562e-02 | PDE: 2.4113e-03 | Holes: 1.8418e-05 | Ext: 7.2047e-04 | ms/ep: 104.5 | LR: 2.85e-04 | ETA: 30.8min
[32340/50000] Loss: 2.3204e-02 | PDE: 2.5313e-03 | Holes: 1.1193e-05 | Ext: 6.9747e-04 | ms/ep: 104.4 | LR: 2.85e-04 | ETA: 30.7min
[32350/50000] Loss: 2.2774e-02 | PDE: 2.0457e-03 | Holes: 1.3380e-05 | Ext: 7.0233e-04 | ms/ep: 104.6 | LR: 2.84e-04 | ETA: 30.8min
[32360/50000] Loss: 2.3171e-02 | PDE: 2.5298e-03 | Holes: 1.0185e-05 | Ext: 6.7403e-04 | ms/ep: 104.5 | LR: 2.84e-04 | ETA: 30.7min
[32370/50000] Loss: 2.3841e-02 | PDE: 2.6075e-03 | Holes: 2.1682e-05 | Ext: 7.1460e-04 | ms/ep: 104.4 | LR: 2.84e-04 | ETA: 30.7min
[32380/50000] Loss: 2.4040e-02 | PDE: 2.4103e-03 | Holes: 2.4970e-05 | Ext: 6.8771e-04 | ms/ep: 104.5 | LR: 2.84e-04 | ETA: 30.7min
[32390/50000] Loss: 2.8687e-02 | PDE: 3.1800e-03 | Holes: 9.1017e-05 | Ext: 7.0541e-04 | ms/ep: 104.3 | LR: 2.83e-04 | ETA: 30.6min
[32400/50000] Loss: 4.7182e-02 | PDE: 1.2505e-02 | Holes: 6.4894e-05 | Ext: 1.4238e-03 | ms/ep: 104.4 | LR: 2.83e-04 | ETA: 30.6min
[32410/50000] Loss: 4.0171e-02 | PDE: 1.1048e-02 | Holes: 6.1844e-05 | Ext: 8.5093e-04 | ms/ep: 104.5 | LR: 2.83e-04 | ETA: 30.6min
[32420/50000] Loss: 2.8673e-02 | PDE: 4.8488e-03 | Holes: 2.9758e-05 | Ext: 8.5618e-04 | ms/ep: 104.6 | LR: 2.82e-04 | ETA: 30.6min
[32430/50000] Loss: 2.4531e-02 | PDE: 2.9110e-03 | Holes: 1.3470e-05 | Ext: 7.7034e-04 | ms/ep: 104.4 | LR: 2.82e-04 | ETA: 30.6min
[32440/50000] Loss: 2.2998e-02 | PDE: 2.1947e-03 | Holes: 8.1262e-06 | Ext: 7.3495e-04 | ms/ep: 104.5 | LR: 2.82e-04 | ETA: 30.6min
[32450/50000] Loss: 2.2584e-02 | PDE: 2.1208e-03 | Holes: 6.2165e-06 | Ext: 7.0134e-04 | ms/ep: 104.5 | LR: 2.82e-04 | ETA: 30.6min
[32460/50000] Loss: 2.2714e-02 | PDE: 2.0256e-03 | Holes: 1.0663e-05 | Ext: 6.9026e-04 | ms/ep: 104.5 | LR: 2.81e-04 | ETA: 30.6min
[32470/50000] Loss: 2.3609e-02 | PDE: 2.4272e-03 | Holes: 1.8366e-05 | Ext: 7.6952e-04 | ms/ep: 118.8 | LR: 2.81e-04 | ETA: 34.7min
[32480/50000] Loss: 2.3195e-02 | PDE: 2.3536e-03 | Holes: 1.6119e-05 | Ext: 6.7690e-04 | ms/ep: 104.6 | LR: 2.81e-04 | ETA: 30.5min
[32490/50000] Loss: 2.3066e-02 | PDE: 2.2530e-03 | Holes: 1.4272e-05 | Ext: 7.6016e-04 | ms/ep: 104.7 | LR: 2.81e-04 | ETA: 30.5min
[32500/50000] Loss: 2.2683e-02 | PDE: 2.1346e-03 | Holes: 1.2450e-05 | Ext: 6.7316e-04 | ms/ep: 105.1 | LR: 2.80e-04 | ETA: 30.7min
[32510/50000] Loss: 2.2161e-02 | PDE: 1.9514e-03 | Holes: 8.1022e-06 | Ext: 7.1810e-04 | ms/ep: 105.1 | LR: 2.80e-04 | ETA: 30.6min
[32520/50000] Loss: 2.1800e-02 | PDE: 1.8314e-03 | Holes: 5.2824e-06 | Ext: 6.8793e-04 | ms/ep: 104.7 | LR: 2.80e-04 | ETA: 30.5min
[32530/50000] Loss: 2.2244e-02 | PDE: 1.9152e-03 | Holes: 1.1322e-05 | Ext: 6.9205e-04 | ms/ep: 105.0 | LR: 2.79e-04 | ETA: 30.6min
[32540/50000] Loss: 2.2589e-02 | PDE: 2.1749e-03 | Holes: 9.9774e-06 | Ext: 7.4513e-04 | ms/ep: 118.8 | LR: 2.79e-04 | ETA: 34.6min
[32550/50000] Loss: 2.2129e-02 | PDE: 1.9685e-03 | Holes: 8.7904e-06 | Ext: 6.6396e-04 | ms/ep: 125.0 | LR: 2.79e-04 | ETA: 36.4min
[32560/50000] Loss: 2.1826e-02 | PDE: 1.8977e-03 | Holes: 5.5167e-06 | Ext: 7.1657e-04 | ms/ep: 117.1 | LR: 2.79e-04 | ETA: 34.0min
[32570/50000] Loss: 2.3363e-02 | PDE: 2.7315e-03 | Holes: 1.7571e-05 | Ext: 7.2371e-04 | ms/ep: 110.7 | LR: 2.78e-04 | ETA: 32.2min
[32580/50000] Loss: 2.3162e-02 | PDE: 2.2959e-03 | Holes: 1.9853e-05 | Ext: 7.0016e-04 | ms/ep: 112.0 | LR: 2.78e-04 | ETA: 32.5min
[32590/50000] Loss: 2.5284e-02 | PDE: 3.4656e-03 | Holes: 3.7054e-05 | Ext: 6.6630e-04 | ms/ep: 108.1 | LR: 2.78e-04 | ETA: 31.4min
[32600/50000] Loss: 2.2444e-02 | PDE: 2.1390e-03 | Holes: 1.2244e-05 | Ext: 6.6744e-04 | ms/ep: 106.5 | LR: 2.78e-04 | ETA: 30.9min
[32610/50000] Loss: 2.1867e-02 | PDE: 1.9224e-03 | Holes: 7.4795e-06 | Ext: 6.8119e-04 | ms/ep: 127.9 | LR: 2.77e-04 | ETA: 37.1min
[32620/50000] Loss: 2.2763e-02 | PDE: 2.1738e-03 | Holes: 1.8121e-05 | Ext: 6.7315e-04 | ms/ep: 125.1 | LR: 2.77e-04 | ETA: 36.2min
[32630/50000] Loss: 2.1586e-02 | PDE: 1.8154e-03 | Holes: 6.6075e-06 | Ext: 6.8782e-04 | ms/ep: 114.1 | LR: 2.77e-04 | ETA: 33.0min
[32640/50000] Loss: 2.1989e-02 | PDE: 1.9717e-03 | Holes: 1.0304e-05 | Ext: 7.1319e-04 | ms/ep: 104.8 | LR: 2.76e-04 | ETA: 30.3min
[32650/50000] Loss: 2.2735e-02 | PDE: 2.3588e-03 | Holes: 1.6489e-05 | Ext: 6.6922e-04 | ms/ep: 104.5 | LR: 2.76e-04 | ETA: 30.2min
[32660/50000] Loss: 3.2193e-02 | PDE: 6.4534e-03 | Holes: 4.4608e-05 | Ext: 8.8522e-04 | ms/ep: 114.4 | LR: 2.76e-04 | ETA: 33.1min
[32670/50000] Loss: 2.5668e-02 | PDE: 3.8237e-03 | Holes: 2.8251e-05 | Ext: 6.7927e-04 | ms/ep: 105.5 | LR: 2.76e-04 | ETA: 30.5min
[32680/50000] Loss: 2.2816e-02 | PDE: 2.4910e-03 | Holes: 9.0406e-06 | Ext: 6.8512e-04 | ms/ep: 105.2 | LR: 2.75e-04 | ETA: 30.4min
[32690/50000] Loss: 2.2202e-02 | PDE: 2.1974e-03 | Holes: 7.8701e-06 | Ext: 6.6785e-04 | ms/ep: 105.1 | LR: 2.75e-04 | ETA: 30.3min
[32700/50000] Loss: 2.2859e-02 | PDE: 2.4956e-03 | Holes: 1.6897e-05 | Ext: 6.6628e-04 | ms/ep: 105.6 | LR: 2.75e-04 | ETA: 30.5min
[32710/50000] Loss: 2.1737e-02 | PDE: 1.8574e-03 | Holes: 8.9837e-06 | Ext: 6.9673e-04 | ms/ep: 105.0 | LR: 2.74e-04 | ETA: 30.2min
[32720/50000] Loss: 2.1488e-02 | PDE: 1.7869e-03 | Holes: 6.3163e-06 | Ext: 6.9548e-04 | ms/ep: 105.5 | LR: 2.74e-04 | ETA: 30.4min
[32730/50000] Loss: 2.2430e-02 | PDE: 2.0870e-03 | Holes: 1.7436e-05 | Ext: 6.7100e-04 | ms/ep: 105.2 | LR: 2.74e-04 | ETA: 30.3min
[32740/50000] Loss: 2.3387e-02 | PDE: 2.7203e-03 | Holes: 1.7607e-05 | Ext: 7.6068e-04 | ms/ep: 106.4 | LR: 2.74e-04 | ETA: 30.6min
[32750/50000] Loss: 2.1673e-02 | PDE: 2.0027e-03 | Holes: 7.9655e-06 | Ext: 6.7376e-04 | ms/ep: 106.0 | LR: 2.73e-04 | ETA: 30.5min
[32760/50000] Loss: 2.4579e-02 | PDE: 2.9951e-03 | Holes: 4.0267e-05 | Ext: 6.7754e-04 | ms/ep: 106.1 | LR: 2.73e-04 | ETA: 30.5min
[32770/50000] Loss: 2.4834e-02 | PDE: 3.2714e-03 | Holes: 2.8730e-05 | Ext: 8.0096e-04 | ms/ep: 123.3 | LR: 2.73e-04 | ETA: 35.4min
[32780/50000] Loss: 2.4706e-02 | PDE: 3.3073e-03 | Holes: 3.7179e-05 | Ext: 6.9637e-04 | ms/ep: 126.6 | LR: 2.73e-04 | ETA: 36.3min
[32790/50000] Loss: 2.3703e-02 | PDE: 2.9389e-03 | Holes: 1.4302e-05 | Ext: 7.9545e-04 | ms/ep: 118.1 | LR: 2.72e-04 | ETA: 33.9min
[32800/50000] Loss: 2.1257e-02 | PDE: 1.8246e-03 | Holes: 5.4929e-06 | Ext: 6.9034e-04 | ms/ep: 106.1 | LR: 2.72e-04 | ETA: 30.4min
[32810/50000] Loss: 2.5120e-02 | PDE: 2.8970e-03 | Holes: 5.0382e-05 | Ext: 6.7565e-04 | ms/ep: 106.4 | LR: 2.72e-04 | ETA: 30.5min
[32820/50000] Loss: 2.5128e-02 | PDE: 3.3618e-03 | Holes: 2.2635e-05 | Ext: 8.3655e-04 | ms/ep: 106.3 | LR: 2.71e-04 | ETA: 30.4min
[32830/50000] Loss: 2.1758e-02 | PDE: 2.1114e-03 | Holes: 8.9508e-06 | Ext: 6.8871e-04 | ms/ep: 106.2 | LR: 2.71e-04 | ETA: 30.4min
[32840/50000] Loss: 2.2187e-02 | PDE: 2.1780e-03 | Holes: 9.8862e-06 | Ext: 6.2455e-04 | ms/ep: 106.2 | LR: 2.71e-04 | ETA: 30.4min
[32850/50000] Loss: 2.1976e-02 | PDE: 1.9330e-03 | Holes: 1.7643e-05 | Ext: 6.7850e-04 | ms/ep: 108.9 | LR: 2.71e-04 | ETA: 31.1min
[32860/50000] Loss: 2.5186e-02 | PDE: 3.9080e-03 | Holes: 1.5143e-05 | Ext: 5.8697e-04 | ms/ep: 110.6 | LR: 2.70e-04 | ETA: 31.6min
[32870/50000] Loss: 4.9918e-02 | PDE: 1.0011e-02 | Holes: 1.8118e-04 | Ext: 1.4479e-03 | ms/ep: 106.3 | LR: 2.70e-04 | ETA: 30.4min
[32880/50000] Loss: 3.1943e-02 | PDE: 7.1303e-03 | Holes: 5.2203e-05 | Ext: 7.9010e-04 | ms/ep: 106.4 | LR: 2.70e-04 | ETA: 30.4min
[32890/50000] Loss: 2.9554e-02 | PDE: 5.6594e-03 | Holes: 5.1860e-05 | Ext: 8.3756e-04 | ms/ep: 106.2 | LR: 2.70e-04 | ETA: 30.3min
[32900/50000] Loss: 2.3354e-02 | PDE: 2.7675e-03 | Holes: 1.3960e-05 | Ext: 7.2067e-04 | ms/ep: 106.3 | LR: 2.69e-04 | ETA: 30.3min
[32910/50000] Loss: 2.1860e-02 | PDE: 2.2119e-03 | Holes: 6.0358e-06 | Ext: 6.7786e-04 | ms/ep: 106.3 | LR: 2.69e-04 | ETA: 30.3min
[32920/50000] Loss: 2.1375e-02 | PDE: 1.8866e-03 | Holes: 5.9908e-06 | Ext: 6.6587e-04 | ms/ep: 109.4 | LR: 2.69e-04 | ETA: 31.1min
[32930/50000] Loss: 2.2678e-02 | PDE: 2.3156e-03 | Holes: 2.0336e-05 | Ext: 6.5034e-04 | ms/ep: 127.1 | LR: 2.68e-04 | ETA: 36.2min
[32940/50000] Loss: 2.2216e-02 | PDE: 2.1787e-03 | Holes: 1.3739e-05 | Ext: 7.3207e-04 | ms/ep: 108.4 | LR: 2.68e-04 | ETA: 30.8min
[32950/50000] Loss: 2.1468e-02 | PDE: 1.9739e-03 | Holes: 8.9545e-06 | Ext: 6.4266e-04 | ms/ep: 127.5 | LR: 2.68e-04 | ETA: 36.2min
[32960/50000] Loss: 2.0917e-02 | PDE: 1.7566e-03 | Holes: 4.7521e-06 | Ext: 6.5928e-04 | ms/ep: 114.3 | LR: 2.68e-04 | ETA: 32.4min
[32970/50000] Loss: 2.2304e-02 | PDE: 2.1847e-03 | Holes: 1.9086e-05 | Ext: 7.1020e-04 | ms/ep: 115.0 | LR: 2.67e-04 | ETA: 32.7min
[32980/50000] Loss: 2.1269e-02 | PDE: 1.9403e-03 | Holes: 7.4508e-06 | Ext: 6.3075e-04 | ms/ep: 109.6 | LR: 2.67e-04 | ETA: 31.1min
[32990/50000] Loss: 2.0957e-02 | PDE: 1.8122e-03 | Holes: 6.0761e-06 | Ext: 6.5282e-04 | ms/ep: 114.1 | LR: 2.67e-04 | ETA: 32.3min
[33000/50000] Loss: 2.2231e-02 | PDE: 2.2656e-03 | Holes: 1.8485e-05 | Ext: 7.0070e-04 | ms/ep: 121.4 | LR: 2.67e-04 | ETA: 34.4min
[33010/50000] Loss: 2.0958e-02 | PDE: 1.9030e-03 | Holes: 4.6512e-06 | Ext: 6.8129e-04 | ms/ep: 123.2 | LR: 2.66e-04 | ETA: 34.9min
[33020/50000] Loss: 2.3635e-02 | PDE: 2.3932e-03 | Holes: 3.9552e-05 | Ext: 7.0192e-04 | ms/ep: 106.7 | LR: 2.66e-04 | ETA: 30.2min
[33030/50000] Loss: 2.2906e-02 | PDE: 2.7330e-03 | Holes: 1.3628e-05 | Ext: 7.4507e-04 | ms/ep: 106.4 | LR: 2.66e-04 | ETA: 30.1min
[33040/50000] Loss: 2.1163e-02 | PDE: 1.9505e-03 | Holes: 7.8217e-06 | Ext: 6.6960e-04 | ms/ep: 106.1 | LR: 2.65e-04 | ETA: 30.0min
[33050/50000] Loss: 2.1860e-02 | PDE: 2.0548e-03 | Holes: 1.6526e-05 | Ext: 6.2095e-04 | ms/ep: 106.1 | LR: 2.65e-04 | ETA: 30.0min
[33060/50000] Loss: 2.1128e-02 | PDE: 2.0189e-03 | Holes: 8.1506e-06 | Ext: 6.5945e-04 | ms/ep: 106.1 | LR: 2.65e-04 | ETA: 29.9min
[33070/50000] Loss: 2.3750e-02 | PDE: 2.5851e-03 | Holes: 3.7132e-05 | Ext: 6.2751e-04 | ms/ep: 106.1 | LR: 2.65e-04 | ETA: 29.9min
[33080/50000] Loss: 2.4996e-02 | PDE: 3.5157e-03 | Holes: 2.9824e-05 | Ext: 8.0406e-04 | ms/ep: 106.1 | LR: 2.64e-04 | ETA: 29.9min
[33090/50000] Loss: 2.1361e-02 | PDE: 2.1361e-03 | Holes: 8.3001e-06 | Ext: 6.7899e-04 | ms/ep: 106.7 | LR: 2.64e-04 | ETA: 30.1min
[33100/50000] Loss: 2.1683e-02 | PDE: 2.0921e-03 | Holes: 1.2120e-05 | Ext: 6.2997e-04 | ms/ep: 106.3 | LR: 2.64e-04 | ETA: 29.9min
[33110/50000] Loss: 2.2087e-02 | PDE: 2.2703e-03 | Holes: 2.0143e-05 | Ext: 6.7841e-04 | ms/ep: 106.8 | LR: 2.64e-04 | ETA: 30.1min
[33120/50000] Loss: 2.3956e-02 | PDE: 2.5355e-03 | Holes: 3.5236e-05 | Ext: 6.1147e-04 | ms/ep: 114.5 | LR: 2.63e-04 | ETA: 32.2min
[33130/50000] Loss: 2.1457e-02 | PDE: 1.9779e-03 | Holes: 1.1875e-05 | Ext: 6.8923e-04 | ms/ep: 107.1 | LR: 2.63e-04 | ETA: 30.1min
[33140/50000] Loss: 2.1288e-02 | PDE: 2.1503e-03 | Holes: 9.0944e-06 | Ext: 6.5821e-04 | ms/ep: 106.9 | LR: 2.63e-04 | ETA: 30.0min
[33150/50000] Loss: 2.4108e-02 | PDE: 2.5002e-03 | Holes: 5.2034e-05 | Ext: 6.9670e-04 | ms/ep: 110.1 | LR: 2.62e-04 | ETA: 30.9min
[33160/50000] Loss: 3.0910e-02 | PDE: 4.0667e-03 | Holes: 1.2639e-04 | Ext: 6.5069e-04 | ms/ep: 115.7 | LR: 2.62e-04 | ETA: 32.5min
[33170/50000] Loss: 5.2060e-02 | PDE: 2.4790e-02 | Holes: 4.1267e-05 | Ext: 6.0586e-04 | ms/ep: 113.3 | LR: 2.62e-04 | ETA: 31.8min
[33180/50000] Loss: 1.3807e-01 | PDE: 4.3902e-02 | Holes: 4.3150e-04 | Ext: 3.1084e-03 | ms/ep: 106.7 | LR: 2.62e-04 | ETA: 29.9min
[33190/50000] Loss: 7.6216e-02 | PDE: 2.2671e-02 | Holes: 1.7921e-04 | Ext: 1.7324e-03 | ms/ep: 104.5 | LR: 2.61e-04 | ETA: 29.3min
[33200/50000] Loss: 4.3906e-02 | PDE: 1.0516e-02 | Holes: 4.6471e-05 | Ext: 1.1669e-03 | ms/ep: 104.6 | LR: 2.61e-04 | ETA: 29.3min
[33210/50000] Loss: 3.2907e-02 | PDE: 6.3132e-03 | Holes: 1.2319e-05 | Ext: 8.7377e-04 | ms/ep: 104.7 | LR: 2.61e-04 | ETA: 29.3min
[33220/50000] Loss: 2.7431e-02 | PDE: 3.9675e-03 | Holes: 8.2982e-06 | Ext: 8.4067e-04 | ms/ep: 104.6 | LR: 2.61e-04 | ETA: 29.2min
[33230/50000] Loss: 2.4917e-02 | PDE: 2.9784e-03 | Holes: 6.9502e-06 | Ext: 7.6788e-04 | ms/ep: 104.5 | LR: 2.60e-04 | ETA: 29.2min
[33240/50000] Loss: 2.3430e-02 | PDE: 2.3502e-03 | Holes: 7.0923e-06 | Ext: 7.4262e-04 | ms/ep: 106.2 | LR: 2.60e-04 | ETA: 29.7min
[33250/50000] Loss: 2.2634e-02 | PDE: 2.1731e-03 | Holes: 5.4072e-06 | Ext: 7.0362e-04 | ms/ep: 120.9 | LR: 2.60e-04 | ETA: 33.8min
[33260/50000] Loss: 2.3293e-02 | PDE: 2.9787e-03 | Holes: 5.6258e-06 | Ext: 6.8896e-04 | ms/ep: 105.4 | LR: 2.59e-04 | ETA: 29.4min
[33270/50000] Loss: 2.3915e-02 | PDE: 2.5656e-03 | Holes: 2.2025e-05 | Ext: 7.6965e-04 | ms/ep: 122.4 | LR: 2.59e-04 | ETA: 34.1min
[33280/50000] Loss: 2.2575e-02 | PDE: 2.2382e-03 | Holes: 1.2677e-05 | Ext: 7.0440e-04 | ms/ep: 104.6 | LR: 2.59e-04 | ETA: 29.1min
[33290/50000] Loss: 2.1635e-02 | PDE: 1.9689e-03 | Holes: 5.3730e-06 | Ext: 6.8822e-04 | ms/ep: 117.7 | LR: 2.59e-04 | ETA: 32.8min
[33300/50000] Loss: 2.1319e-02 | PDE: 1.8569e-03 | Holes: 5.3426e-06 | Ext: 6.7968e-04 | ms/ep: 104.6 | LR: 2.58e-04 | ETA: 29.1min
[33310/50000] Loss: 2.1096e-02 | PDE: 1.7873e-03 | Holes: 5.1186e-06 | Ext: 6.7181e-04 | ms/ep: 104.4 | LR: 2.58e-04 | ETA: 29.0min
[33320/50000] Loss: 2.0962e-02 | PDE: 1.7712e-03 | Holes: 4.8526e-06 | Ext: 6.7407e-04 | ms/ep: 104.5 | LR: 2.58e-04 | ETA: 29.0min
[33330/50000] Loss: 2.1653e-02 | PDE: 2.1652e-03 | Holes: 7.1806e-06 | Ext: 7.1780e-04 | ms/ep: 104.3 | LR: 2.58e-04 | ETA: 29.0min
[33340/50000] Loss: 2.2030e-02 | PDE: 2.2516e-03 | Holes: 1.4234e-05 | Ext: 6.2424e-04 | ms/ep: 104.6 | LR: 2.57e-04 | ETA: 29.0min
[33350/50000] Loss: 2.0699e-02 | PDE: 1.7337e-03 | Holes: 4.6258e-06 | Ext: 6.5979e-04 | ms/ep: 104.5 | LR: 2.57e-04 | ETA: 29.0min
[33360/50000] Loss: 2.0832e-02 | PDE: 1.7835e-03 | Holes: 6.5446e-06 | Ext: 6.7574e-04 | ms/ep: 104.6 | LR: 2.57e-04 | ETA: 29.0min
[33370/50000] Loss: 2.0546e-02 | PDE: 1.7165e-03 | Holes: 4.5733e-06 | Ext: 6.4706e-04 | ms/ep: 104.3 | LR: 2.57e-04 | ETA: 28.9min
[33380/50000] Loss: 2.0478e-02 | PDE: 1.7078e-03 | Holes: 4.4914e-06 | Ext: 6.4818e-04 | ms/ep: 104.5 | LR: 2.56e-04 | ETA: 28.9min
[33390/50000] Loss: 2.0441e-02 | PDE: 1.7141e-03 | Holes: 4.5609e-06 | Ext: 6.4043e-04 | ms/ep: 104.5 | LR: 2.56e-04 | ETA: 28.9min
[33400/50000] Loss: 2.0376e-02 | PDE: 1.7007e-03 | Holes: 4.4526e-06 | Ext: 6.4171e-04 | ms/ep: 104.5 | LR: 2.56e-04 | ETA: 28.9min
[33410/50000] Loss: 2.0549e-02 | PDE: 1.8195e-03 | Holes: 5.7557e-06 | Ext: 6.2584e-04 | ms/ep: 104.2 | LR: 2.55e-04 | ETA: 28.8min
[33420/50000] Loss: 2.0739e-02 | PDE: 1.8895e-03 | Holes: 6.6041e-06 | Ext: 6.1561e-04 | ms/ep: 104.3 | LR: 2.55e-04 | ETA: 28.8min
[33430/50000] Loss: 2.0793e-02 | PDE: 1.8429e-03 | Holes: 9.4286e-06 | Ext: 6.2340e-04 | ms/ep: 104.6 | LR: 2.55e-04 | ETA: 28.9min
[33440/50000] Loss: 2.0605e-02 | PDE: 1.9350e-03 | Holes: 5.5242e-06 | Ext: 6.3068e-04 | ms/ep: 113.6 | LR: 2.55e-04 | ETA: 31.4min
[33450/50000] Loss: 2.0324e-02 | PDE: 1.7471e-03 | Holes: 4.8608e-06 | Ext: 6.4150e-04 | ms/ep: 107.7 | LR: 2.54e-04 | ETA: 29.7min
[33460/50000] Loss: 2.0307e-02 | PDE: 1.7747e-03 | Holes: 4.9182e-06 | Ext: 6.3480e-04 | ms/ep: 104.5 | LR: 2.54e-04 | ETA: 28.8min
[33470/50000] Loss: 2.0752e-02 | PDE: 2.0169e-03 | Holes: 5.8228e-06 | Ext: 6.0184e-04 | ms/ep: 104.6 | LR: 2.54e-04 | ETA: 28.8min
[33480/50000] Loss: 2.0727e-02 | PDE: 2.1138e-03 | Holes: 5.1611e-06 | Ext: 6.7174e-04 | ms/ep: 104.5 | LR: 2.54e-04 | ETA: 28.8min
[33490/50000] Loss: 2.1757e-02 | PDE: 2.6327e-03 | Holes: 1.6080e-05 | Ext: 6.2503e-04 | ms/ep: 106.9 | LR: 2.53e-04 | ETA: 29.4min
[33500/50000] Loss: 2.2398e-02 | PDE: 2.6532e-03 | Holes: 1.8581e-05 | Ext: 7.2970e-04 | ms/ep: 107.2 | LR: 2.53e-04 | ETA: 29.5min
[33510/50000] Loss: 2.1406e-02 | PDE: 2.3866e-03 | Holes: 1.3698e-05 | Ext: 6.1672e-04 | ms/ep: 108.4 | LR: 2.53e-04 | ETA: 29.8min
[33520/50000] Loss: 2.1849e-02 | PDE: 2.6648e-03 | Holes: 1.4453e-05 | Ext: 6.8210e-04 | ms/ep: 104.4 | LR: 2.52e-04 | ETA: 28.7min
[33530/50000] Loss: 2.0888e-02 | PDE: 1.9580e-03 | Holes: 1.2144e-05 | Ext: 6.1219e-04 | ms/ep: 104.6 | LR: 2.52e-04 | ETA: 28.7min
[33540/50000] Loss: 2.1082e-02 | PDE: 2.0670e-03 | Holes: 1.0936e-05 | Ext: 6.9255e-04 | ms/ep: 104.7 | LR: 2.52e-04 | ETA: 28.7min
[33550/50000] Loss: 2.0841e-02 | PDE: 2.0853e-03 | Holes: 1.1268e-05 | Ext: 6.1847e-04 | ms/ep: 104.2 | LR: 2.52e-04 | ETA: 28.6min
[33560/50000] Loss: 2.0213e-02 | PDE: 1.7568e-03 | Holes: 5.6981e-06 | Ext: 6.5312e-04 | ms/ep: 104.6 | LR: 2.51e-04 | ETA: 28.6min
[33570/50000] Loss: 2.0430e-02 | PDE: 2.0078e-03 | Holes: 5.3239e-06 | Ext: 6.5311e-04 | ms/ep: 104.4 | LR: 2.51e-04 | ETA: 28.6min
[33580/50000] Loss: 2.0352e-02 | PDE: 1.8611e-03 | Holes: 7.6058e-06 | Ext: 6.2729e-04 | ms/ep: 104.5 | LR: 2.51e-04 | ETA: 28.6min
[33590/50000] Loss: 2.2948e-02 | PDE: 2.8434e-03 | Holes: 2.9152e-05 | Ext: 7.1318e-04 | ms/ep: 104.4 | LR: 2.51e-04 | ETA: 28.6min
[33600/50000] Loss: 2.2263e-02 | PDE: 2.5422e-03 | Holes: 2.7971e-05 | Ext: 6.3104e-04 | ms/ep: 105.2 | LR: 2.50e-04 | ETA: 28.7min
[33610/50000] Loss: 2.0361e-02 | PDE: 1.8084e-03 | Holes: 8.4235e-06 | Ext: 6.5855e-04 | ms/ep: 115.7 | LR: 2.50e-04 | ETA: 31.6min
[33620/50000] Loss: 2.0022e-02 | PDE: 1.7427e-03 | Holes: 5.4084e-06 | Ext: 6.2787e-04 | ms/ep: 104.9 | LR: 2.50e-04 | ETA: 28.6min
[33630/50000] Loss: 2.1716e-02 | PDE: 2.6604e-03 | Holes: 8.9194e-06 | Ext: 5.7183e-04 | ms/ep: 119.4 | LR: 2.50e-04 | ETA: 32.6min
[33640/50000] Loss: 2.3277e-02 | PDE: 3.8547e-03 | Holes: 2.2078e-05 | Ext: 6.5751e-04 | ms/ep: 124.5 | LR: 2.49e-04 | ETA: 33.9min
[33650/50000] Loss: 2.0764e-02 | PDE: 2.2590e-03 | Holes: 9.2213e-06 | Ext: 6.3668e-04 | ms/ep: 120.0 | LR: 2.49e-04 | ETA: 32.7min
[33660/50000] Loss: 2.0903e-02 | PDE: 1.9844e-03 | Holes: 1.2021e-05 | Ext: 6.8986e-04 | ms/ep: 110.5 | LR: 2.49e-04 | ETA: 30.1min
[33670/50000] Loss: 1.9943e-02 | PDE: 1.7238e-03 | Holes: 4.8313e-06 | Ext: 6.1249e-04 | ms/ep: 109.1 | LR: 2.48e-04 | ETA: 29.7min
[33680/50000] Loss: 2.0288e-02 | PDE: 1.9553e-03 | Holes: 4.4029e-06 | Ext: 5.9506e-04 | ms/ep: 104.3 | LR: 2.48e-04 | ETA: 28.4min
[33690/50000] Loss: 2.0297e-02 | PDE: 1.8730e-03 | Holes: 8.4563e-06 | Ext: 6.3625e-04 | ms/ep: 104.6 | LR: 2.48e-04 | ETA: 28.4min
[33700/50000] Loss: 2.0222e-02 | PDE: 1.8963e-03 | Holes: 7.9008e-06 | Ext: 6.3308e-04 | ms/ep: 104.4 | LR: 2.48e-04 | ETA: 28.4min
[33710/50000] Loss: 2.0577e-02 | PDE: 2.0623e-03 | Holes: 8.7633e-06 | Ext: 5.8433e-04 | ms/ep: 104.5 | LR: 2.47e-04 | ETA: 28.4min
[33720/50000] Loss: 1.9905e-02 | PDE: 1.7498e-03 | Holes: 5.5816e-06 | Ext: 6.3773e-04 | ms/ep: 104.4 | LR: 2.47e-04 | ETA: 28.3min
[33730/50000] Loss: 2.9007e-02 | PDE: 6.2124e-03 | Holes: 7.1796e-05 | Ext: 7.6738e-04 | ms/ep: 104.5 | LR: 2.47e-04 | ETA: 28.3min
[33740/50000] Loss: 3.2542e-02 | PDE: 4.7982e-03 | Holes: 7.1199e-05 | Ext: 5.4215e-04 | ms/ep: 104.5 | LR: 2.47e-04 | ETA: 28.3min
[33750/50000] Loss: 2.3554e-02 | PDE: 3.6502e-03 | Holes: 1.7140e-05 | Ext: 5.9979e-04 | ms/ep: 106.3 | LR: 2.46e-04 | ETA: 28.8min
[33760/50000] Loss: 2.2116e-02 | PDE: 2.4667e-03 | Holes: 1.9229e-05 | Ext: 6.6171e-04 | ms/ep: 111.6 | LR: 2.46e-04 | ETA: 30.2min
[33770/50000] Loss: 2.2254e-02 | PDE: 2.7127e-03 | Holes: 1.5782e-05 | Ext: 7.0144e-04 | ms/ep: 104.4 | LR: 2.46e-04 | ETA: 28.2min
[33780/50000] Loss: 2.5437e-02 | PDE: 3.6882e-03 | Holes: 2.5668e-05 | Ext: 8.5206e-04 | ms/ep: 111.8 | LR: 2.46e-04 | ETA: 30.2min
[33790/50000] Loss: 2.2621e-02 | PDE: 2.3661e-03 | Holes: 2.8491e-05 | Ext: 7.4539e-04 | ms/ep: 116.5 | LR: 2.45e-04 | ETA: 31.5min
[33800/50000] Loss: 2.1501e-02 | PDE: 1.8789e-03 | Holes: 2.8517e-05 | Ext: 6.5704e-04 | ms/ep: 104.4 | LR: 2.45e-04 | ETA: 28.2min
[33810/50000] Loss: 1.9829e-02 | PDE: 1.7419e-03 | Holes: 4.3886e-06 | Ext: 6.1282e-04 | ms/ep: 104.7 | LR: 2.45e-04 | ETA: 28.3min
[33820/50000] Loss: 1.9886e-02 | PDE: 1.7037e-03 | Holes: 6.7841e-06 | Ext: 6.1665e-04 | ms/ep: 104.5 | LR: 2.45e-04 | ETA: 28.2min
[33830/50000] Loss: 2.0557e-02 | PDE: 1.9122e-03 | Holes: 1.0510e-05 | Ext: 6.8077e-04 | ms/ep: 111.2 | LR: 2.44e-04 | ETA: 30.0min
[33840/50000] Loss: 1.9778e-02 | PDE: 1.7557e-03 | Holes: 5.4949e-06 | Ext: 6.1433e-04 | ms/ep: 127.1 | LR: 2.44e-04 | ETA: 34.2min
[33850/50000] Loss: 1.9688e-02 | PDE: 1.6343e-03 | Holes: 5.9454e-06 | Ext: 6.2129e-04 | ms/ep: 111.6 | LR: 2.44e-04 | ETA: 30.0min
[33860/50000] Loss: 1.9592e-02 | PDE: 1.6643e-03 | Holes: 4.3059e-06 | Ext: 6.0241e-04 | ms/ep: 117.3 | LR: 2.43e-04 | ETA: 31.5min
[33870/50000] Loss: 1.9714e-02 | PDE: 1.6944e-03 | Holes: 6.1267e-06 | Ext: 6.0920e-04 | ms/ep: 104.6 | LR: 2.43e-04 | ETA: 28.1min
[33880/50000] Loss: 1.9790e-02 | PDE: 1.7499e-03 | Holes: 6.2935e-06 | Ext: 6.3386e-04 | ms/ep: 104.6 | LR: 2.43e-04 | ETA: 28.1min
[33890/50000] Loss: 1.9997e-02 | PDE: 1.9522e-03 | Holes: 7.7036e-06 | Ext: 5.9808e-04 | ms/ep: 104.6 | LR: 2.43e-04 | ETA: 28.1min
[33900/50000] Loss: 2.0782e-02 | PDE: 2.5661e-03 | Holes: 7.7790e-06 | Ext: 5.8926e-04 | ms/ep: 111.8 | LR: 2.42e-04 | ETA: 30.0min
[33910/50000] Loss: 1.9838e-02 | PDE: 1.8816e-03 | Holes: 6.0934e-06 | Ext: 6.2391e-04 | ms/ep: 125.7 | LR: 2.42e-04 | ETA: 33.7min
[33920/50000] Loss: 1.9978e-02 | PDE: 1.8782e-03 | Holes: 8.5009e-06 | Ext: 6.2551e-04 | ms/ep: 111.8 | LR: 2.42e-04 | ETA: 30.0min
[33930/50000] Loss: 1.9915e-02 | PDE: 1.9194e-03 | Holes: 7.1208e-06 | Ext: 6.1905e-04 | ms/ep: 124.6 | LR: 2.42e-04 | ETA: 33.4min
[33940/50000] Loss: 1.9806e-02 | PDE: 1.9364e-03 | Holes: 5.7037e-06 | Ext: 6.2573e-04 | ms/ep: 116.1 | LR: 2.41e-04 | ETA: 31.1min
[33950/50000] Loss: 1.9747e-02 | PDE: 1.7875e-03 | Holes: 7.3389e-06 | Ext: 5.9263e-04 | ms/ep: 109.1 | LR: 2.41e-04 | ETA: 29.2min
[33960/50000] Loss: 1.9591e-02 | PDE: 1.8155e-03 | Holes: 5.0201e-06 | Ext: 6.1708e-04 | ms/ep: 104.3 | LR: 2.41e-04 | ETA: 27.9min
[33970/50000] Loss: 2.0832e-02 | PDE: 2.6090e-03 | Holes: 8.8415e-06 | Ext: 5.8072e-04 | ms/ep: 104.4 | LR: 2.41e-04 | ETA: 27.9min
[33980/50000] Loss: 2.0201e-02 | PDE: 1.8922e-03 | Holes: 1.2991e-05 | Ext: 6.2154e-04 | ms/ep: 104.5 | LR: 2.40e-04 | ETA: 27.9min
[33990/50000] Loss: 2.0216e-02 | PDE: 2.0528e-03 | Holes: 7.0744e-06 | Ext: 6.7087e-04 | ms/ep: 104.5 | LR: 2.40e-04 | ETA: 27.9min
[34000/50000] Loss: 2.0269e-02 | PDE: 2.1945e-03 | Holes: 9.4106e-06 | Ext: 6.3989e-04 | ms/ep: 109.2 | LR: 2.40e-04 | ETA: 29.1min
[34010/50000] Loss: 2.0779e-02 | PDE: 2.0740e-03 | Holes: 2.1228e-05 | Ext: 6.3004e-04 | ms/ep: 104.8 | LR: 2.40e-04 | ETA: 27.9min
[34020/50000] Loss: 2.2292e-02 | PDE: 2.8658e-03 | Holes: 2.7481e-05 | Ext: 6.0442e-04 | ms/ep: 116.3 | LR: 2.39e-04 | ETA: 31.0min
[34030/50000] Loss: 2.1308e-02 | PDE: 2.1095e-03 | Holes: 2.4672e-05 | Ext: 6.9409e-04 | ms/ep: 114.2 | LR: 2.39e-04 | ETA: 30.4min
[34040/50000] Loss: 2.0618e-02 | PDE: 2.3025e-03 | Holes: 1.0969e-05 | Ext: 5.7758e-04 | ms/ep: 111.5 | LR: 2.39e-04 | ETA: 29.7min
[34050/50000] Loss: 2.2319e-02 | PDE: 3.6717e-03 | Holes: 1.2499e-05 | Ext: 6.8870e-04 | ms/ep: 122.6 | LR: 2.38e-04 | ETA: 32.6min
[34060/50000] Loss: 2.6086e-02 | PDE: 3.5745e-03 | Holes: 7.2885e-05 | Ext: 7.1393e-04 | ms/ep: 109.5 | LR: 2.38e-04 | ETA: 29.1min
[34070/50000] Loss: 2.2733e-02 | PDE: 2.7548e-03 | Holes: 3.4405e-05 | Ext: 6.7392e-04 | ms/ep: 112.3 | LR: 2.38e-04 | ETA: 29.8min
[34080/50000] Loss: 2.0136e-02 | PDE: 1.9372e-03 | Holes: 1.0221e-05 | Ext: 6.5066e-04 | ms/ep: 104.4 | LR: 2.38e-04 | ETA: 27.7min
[34090/50000] Loss: 2.0273e-02 | PDE: 1.9935e-03 | Holes: 1.2570e-05 | Ext: 6.4045e-04 | ms/ep: 104.4 | LR: 2.37e-04 | ETA: 27.7min
[34100/50000] Loss: 2.0008e-02 | PDE: 2.0463e-03 | Holes: 1.0395e-05 | Ext: 5.9745e-04 | ms/ep: 111.1 | LR: 2.37e-04 | ETA: 29.4min
[34110/50000] Loss: 1.9877e-02 | PDE: 2.0095e-03 | Holes: 8.6207e-06 | Ext: 6.1934e-04 | ms/ep: 126.6 | LR: 2.37e-04 | ETA: 33.5min
[34120/50000] Loss: 1.9615e-02 | PDE: 1.8358e-03 | Holes: 7.9615e-06 | Ext: 5.8586e-04 | ms/ep: 109.5 | LR: 2.37e-04 | ETA: 29.0min
[34130/50000] Loss: 1.9330e-02 | PDE: 1.6708e-03 | Holes: 6.2544e-06 | Ext: 6.0244e-04 | ms/ep: 113.6 | LR: 2.36e-04 | ETA: 30.1min
[34140/50000] Loss: 1.9153e-02 | PDE: 1.6194e-03 | Holes: 4.7141e-06 | Ext: 6.1057e-04 | ms/ep: 105.4 | LR: 2.36e-04 | ETA: 27.9min
[34150/50000] Loss: 2.0286e-02 | PDE: 2.5079e-03 | Holes: 7.0154e-06 | Ext: 6.4267e-04 | ms/ep: 104.9 | LR: 2.36e-04 | ETA: 27.7min
[34160/50000] Loss: 1.9962e-02 | PDE: 2.0038e-03 | Holes: 1.2395e-05 | Ext: 5.9520e-04 | ms/ep: 105.0 | LR: 2.36e-04 | ETA: 27.7min
[34170/50000] Loss: 2.0522e-02 | PDE: 2.3623e-03 | Holes: 1.2459e-05 | Ext: 6.5418e-04 | ms/ep: 105.6 | LR: 2.35e-04 | ETA: 27.9min
[34180/50000] Loss: 1.9465e-02 | PDE: 1.7845e-03 | Holes: 7.8407e-06 | Ext: 5.8833e-04 | ms/ep: 105.3 | LR: 2.35e-04 | ETA: 27.8min
[34190/50000] Loss: 1.9993e-02 | PDE: 2.2656e-03 | Holes: 6.7555e-06 | Ext: 5.6804e-04 | ms/ep: 105.3 | LR: 2.35e-04 | ETA: 27.8min
[34200/50000] Loss: 1.9651e-02 | PDE: 1.8569e-03 | Holes: 8.0770e-06 | Ext: 6.3862e-04 | ms/ep: 105.8 | LR: 2.35e-04 | ETA: 27.9min
[34210/50000] Loss: 1.9102e-02 | PDE: 1.6327e-03 | Holes: 4.5815e-06 | Ext: 6.2116e-04 | ms/ep: 105.4 | LR: 2.34e-04 | ETA: 27.7min
[34220/50000] Loss: 2.2530e-02 | PDE: 2.5300e-03 | Holes: 2.7490e-05 | Ext: 5.5799e-04 | ms/ep: 105.6 | LR: 2.34e-04 | ETA: 27.8min
[34230/50000] Loss: 3.6241e-02 | PDE: 8.5621e-03 | Holes: 6.3971e-05 | Ext: 1.0774e-03 | ms/ep: 106.0 | LR: 2.34e-04 | ETA: 27.8min
[34240/50000] Loss: 2.9033e-02 | PDE: 5.9183e-03 | Holes: 6.7436e-05 | Ext: 8.0263e-04 | ms/ep: 105.5 | LR: 2.33e-04 | ETA: 27.7min
[34250/50000] Loss: 2.5778e-02 | PDE: 4.8081e-03 | Holes: 3.7421e-05 | Ext: 5.7120e-04 | ms/ep: 105.0 | LR: 2.33e-04 | ETA: 27.6min
[34260/50000] Loss: 2.1241e-02 | PDE: 2.9753e-03 | Holes: 1.1893e-05 | Ext: 6.5298e-04 | ms/ep: 105.4 | LR: 2.33e-04 | ETA: 27.7min
[34270/50000] Loss: 2.1024e-02 | PDE: 2.4144e-03 | Holes: 1.9324e-05 | Ext: 6.6104e-04 | ms/ep: 105.5 | LR: 2.33e-04 | ETA: 27.7min
[34280/50000] Loss: 1.9541e-02 | PDE: 1.8666e-03 | Holes: 6.5699e-06 | Ext: 6.1992e-04 | ms/ep: 105.4 | LR: 2.32e-04 | ETA: 27.6min
[34290/50000] Loss: 1.9671e-02 | PDE: 1.7561e-03 | Holes: 1.2233e-05 | Ext: 6.0266e-04 | ms/ep: 105.0 | LR: 2.32e-04 | ETA: 27.5min
[34300/50000] Loss: 1.9137e-02 | PDE: 1.6109e-03 | Holes: 6.6405e-06 | Ext: 5.9674e-04 | ms/ep: 105.0 | LR: 2.32e-04 | ETA: 27.5min
[34310/50000] Loss: 1.8977e-02 | PDE: 1.5948e-03 | Holes: 4.9828e-06 | Ext: 5.8757e-04 | ms/ep: 105.0 | LR: 2.32e-04 | ETA: 27.5min
[34320/50000] Loss: 1.9647e-02 | PDE: 1.8381e-03 | Holes: 1.0874e-05 | Ext: 6.2746e-04 | ms/ep: 105.6 | LR: 2.31e-04 | ETA: 27.6min
[34330/50000] Loss: 1.9306e-02 | PDE: 1.8535e-03 | Holes: 5.8973e-06 | Ext: 5.6642e-04 | ms/ep: 105.4 | LR: 2.31e-04 | ETA: 27.5min
[34340/50000] Loss: 1.9048e-02 | PDE: 1.6722e-03 | Holes: 5.9183e-06 | Ext: 5.8516e-04 | ms/ep: 105.7 | LR: 2.31e-04 | ETA: 27.6min
[34350/50000] Loss: 1.9038e-02 | PDE: 1.6692e-03 | Holes: 5.2240e-06 | Ext: 6.1526e-04 | ms/ep: 104.8 | LR: 2.31e-04 | ETA: 27.3min
[34360/50000] Loss: 1.9404e-02 | PDE: 1.9120e-03 | Holes: 8.0777e-06 | Ext: 6.1049e-04 | ms/ep: 105.3 | LR: 2.30e-04 | ETA: 27.5min
[34370/50000] Loss: 1.9084e-02 | PDE: 1.6932e-03 | Holes: 6.7045e-06 | Ext: 5.8906e-04 | ms/ep: 105.3 | LR: 2.30e-04 | ETA: 27.4min
[34380/50000] Loss: 1.8979e-02 | PDE: 1.6610e-03 | Holes: 6.0480e-06 | Ext: 6.0548e-04 | ms/ep: 105.1 | LR: 2.30e-04 | ETA: 27.4min
[34390/50000] Loss: 1.9926e-02 | PDE: 2.3006e-03 | Holes: 9.0822e-06 | Ext: 5.7040e-04 | ms/ep: 105.6 | LR: 2.30e-04 | ETA: 27.5min
[34400/50000] Loss: 1.9254e-02 | PDE: 1.8667e-03 | Holes: 7.2753e-06 | Ext: 5.7416e-04 | ms/ep: 106.2 | LR: 2.29e-04 | ETA: 27.6min
[34410/50000] Loss: 2.0258e-02 | PDE: 2.6211e-03 | Holes: 1.3263e-05 | Ext: 5.8851e-04 | ms/ep: 111.8 | LR: 2.29e-04 | ETA: 29.1min
[34420/50000] Loss: 1.9213e-02 | PDE: 1.7374e-03 | Holes: 8.6193e-06 | Ext: 6.1724e-04 | ms/ep: 120.5 | LR: 2.29e-04 | ETA: 31.3min
[34430/50000] Loss: 1.9218e-02 | PDE: 1.8001e-03 | Holes: 7.7780e-06 | Ext: 6.0012e-04 | ms/ep: 125.9 | LR: 2.29e-04 | ETA: 32.7min
[34440/50000] Loss: 1.9524e-02 | PDE: 2.0929e-03 | Holes: 8.7186e-06 | Ext: 5.9412e-04 | ms/ep: 118.9 | LR: 2.28e-04 | ETA: 30.8min
[34450/50000] Loss: 2.0579e-02 | PDE: 2.2218e-03 | Holes: 2.3365e-05 | Ext: 5.7760e-04 | ms/ep: 106.0 | LR: 2.28e-04 | ETA: 27.5min
[34460/50000] Loss: 1.8902e-02 | PDE: 1.6126e-03 | Holes: 6.7630e-06 | Ext: 5.9960e-04 | ms/ep: 106.2 | LR: 2.28e-04 | ETA: 27.5min
[34470/50000] Loss: 1.8841e-02 | PDE: 1.6931e-03 | Holes: 5.0724e-06 | Ext: 5.7764e-04 | ms/ep: 106.3 | LR: 2.28e-04 | ETA: 27.5min
[34480/50000] Loss: 1.9492e-02 | PDE: 1.9421e-03 | Holes: 1.0407e-05 | Ext: 6.2596e-04 | ms/ep: 106.2 | LR: 2.27e-04 | ETA: 27.5min
[34490/50000] Loss: 1.9509e-02 | PDE: 1.7766e-03 | Holes: 1.3339e-05 | Ext: 5.7903e-04 | ms/ep: 106.2 | LR: 2.27e-04 | ETA: 27.4min
[34500/50000] Loss: 2.1026e-02 | PDE: 2.7395e-03 | Holes: 1.9655e-05 | Ext: 5.7548e-04 | ms/ep: 106.6 | LR: 2.27e-04 | ETA: 27.5min
[34510/50000] Loss: 2.2198e-02 | PDE: 2.9286e-03 | Holes: 2.4859e-05 | Ext: 7.1123e-04 | ms/ep: 107.6 | LR: 2.27e-04 | ETA: 27.8min
[34520/50000] Loss: 2.0058e-02 | PDE: 2.0703e-03 | Holes: 2.0344e-05 | Ext: 6.1200e-04 | ms/ep: 113.0 | LR: 2.26e-04 | ETA: 29.1min
[34530/50000] Loss: 1.9954e-02 | PDE: 2.0345e-03 | Holes: 1.8681e-05 | Ext: 6.0606e-04 | ms/ep: 113.0 | LR: 2.26e-04 | ETA: 29.1min
[34540/50000] Loss: 1.9203e-02 | PDE: 1.8818e-03 | Holes: 7.7341e-06 | Ext: 5.5866e-04 | ms/ep: 114.8 | LR: 2.26e-04 | ETA: 29.6min
[34550/50000] Loss: 1.9258e-02 | PDE: 1.7512e-03 | Holes: 1.1017e-05 | Ext: 6.2185e-04 | ms/ep: 104.5 | LR: 2.25e-04 | ETA: 26.9min
[34560/50000] Loss: 1.9527e-02 | PDE: 2.1163e-03 | Holes: 9.9695e-06 | Ext: 6.0855e-04 | ms/ep: 107.0 | LR: 2.25e-04 | ETA: 27.5min
[34570/50000] Loss: 2.0137e-02 | PDE: 2.4760e-03 | Holes: 1.4676e-05 | Ext: 5.8591e-04 | ms/ep: 105.7 | LR: 2.25e-04 | ETA: 27.2min
[34580/50000] Loss: 2.1268e-02 | PDE: 2.6366e-03 | Holes: 1.4867e-05 | Ext: 5.2612e-04 | ms/ep: 104.4 | LR: 2.25e-04 | ETA: 26.8min
[34590/50000] Loss: 2.3287e-02 | PDE: 3.2714e-03 | Holes: 4.9249e-05 | Ext: 6.4935e-04 | ms/ep: 104.3 | LR: 2.24e-04 | ETA: 26.8min
[34600/50000] Loss: 2.0703e-02 | PDE: 2.4281e-03 | Holes: 2.1267e-05 | Ext: 6.4375e-04 | ms/ep: 110.1 | LR: 2.24e-04 | ETA: 28.3min
[34610/50000] Loss: 2.3861e-02 | PDE: 3.4859e-03 | Holes: 5.3374e-05 | Ext: 6.4028e-04 | ms/ep: 109.0 | LR: 2.24e-04 | ETA: 28.0min
[34620/50000] Loss: 1.9551e-02 | PDE: 2.0033e-03 | Holes: 1.2742e-05 | Ext: 5.8543e-04 | ms/ep: 104.4 | LR: 2.24e-04 | ETA: 26.7min
[34630/50000] Loss: 1.8919e-02 | PDE: 1.6655e-03 | Holes: 7.6047e-06 | Ext: 6.0872e-04 | ms/ep: 104.6 | LR: 2.23e-04 | ETA: 26.8min
[34640/50000] Loss: 1.8665e-02 | PDE: 1.6832e-03 | Holes: 4.4841e-06 | Ext: 5.6984e-04 | ms/ep: 104.6 | LR: 2.23e-04 | ETA: 26.8min
[34650/50000] Loss: 1.8559e-02 | PDE: 1.6848e-03 | Holes: 4.3918e-06 | Ext: 5.7369e-04 | ms/ep: 107.6 | LR: 2.23e-04 | ETA: 27.5min
[34660/50000] Loss: 2.0384e-02 | PDE: 3.2057e-03 | Holes: 8.2207e-06 | Ext: 5.5839e-04 | ms/ep: 108.7 | LR: 2.23e-04 | ETA: 27.8min
[34670/50000] Loss: 1.8899e-02 | PDE: 1.7513e-03 | Holes: 7.1247e-06 | Ext: 5.5610e-04 | ms/ep: 104.6 | LR: 2.22e-04 | ETA: 26.7min
[34680/50000] Loss: 1.9396e-02 | PDE: 1.7999e-03 | Holes: 1.4499e-05 | Ext: 6.1815e-04 | ms/ep: 104.6 | LR: 2.22e-04 | ETA: 26.7min
[34690/50000] Loss: 1.9333e-02 | PDE: 1.8588e-03 | Holes: 1.3980e-05 | Ext: 5.7820e-04 | ms/ep: 104.6 | LR: 2.22e-04 | ETA: 26.7min
[34700/50000] Loss: 1.8633e-02 | PDE: 1.6452e-03 | Holes: 5.7097e-06 | Ext: 5.9717e-04 | ms/ep: 104.3 | LR: 2.22e-04 | ETA: 26.6min
[34710/50000] Loss: 1.9349e-02 | PDE: 2.2318e-03 | Holes: 1.0085e-05 | Ext: 5.6190e-04 | ms/ep: 104.3 | LR: 2.21e-04 | ETA: 26.6min
[34720/50000] Loss: 1.9331e-02 | PDE: 1.9902e-03 | Holes: 1.1912e-05 | Ext: 5.8127e-04 | ms/ep: 104.6 | LR: 2.21e-04 | ETA: 26.6min
[34730/50000] Loss: 1.9958e-02 | PDE: 2.6094e-03 | Holes: 1.3364e-05 | Ext: 5.7050e-04 | ms/ep: 104.2 | LR: 2.21e-04 | ETA: 26.5min
[34740/50000] Loss: 2.2507e-02 | PDE: 2.8611e-03 | Holes: 4.3467e-05 | Ext: 6.6533e-04 | ms/ep: 104.6 | LR: 2.21e-04 | ETA: 26.6min
[34750/50000] Loss: 2.3582e-02 | PDE: 4.7516e-03 | Holes: 2.3127e-05 | Ext: 5.6818e-04 | ms/ep: 104.6 | LR: 2.20e-04 | ETA: 26.6min
[34760/50000] Loss: 2.0275e-02 | PDE: 2.5794e-03 | Holes: 1.0291e-05 | Ext: 6.5501e-04 | ms/ep: 112.0 | LR: 2.20e-04 | ETA: 28.4min
[34770/50000] Loss: 2.2437e-02 | PDE: 3.3426e-03 | Holes: 1.8185e-05 | Ext: 5.6188e-04 | ms/ep: 104.9 | LR: 2.20e-04 | ETA: 26.6min
[34780/50000] Loss: 2.1497e-02 | PDE: 2.9768e-03 | Holes: 1.9053e-05 | Ext: 5.6732e-04 | ms/ep: 105.1 | LR: 2.20e-04 | ETA: 26.7min
[34790/50000] Loss: 2.4221e-02 | PDE: 3.6638e-03 | Holes: 4.5588e-05 | Ext: 6.9395e-04 | ms/ep: 104.7 | LR: 2.19e-04 | ETA: 26.5min
[34800/50000] Loss: 2.0877e-02 | PDE: 2.2064e-03 | Holes: 3.0854e-05 | Ext: 6.1945e-04 | ms/ep: 104.3 | LR: 2.19e-04 | ETA: 26.4min
[34810/50000] Loss: 1.9562e-02 | PDE: 2.1268e-03 | Holes: 1.0178e-05 | Ext: 6.1308e-04 | ms/ep: 109.6 | LR: 2.19e-04 | ETA: 27.8min
[34820/50000] Loss: 1.8911e-02 | PDE: 1.8017e-03 | Holes: 8.9204e-06 | Ext: 5.8459e-04 | ms/ep: 106.9 | LR: 2.19e-04 | ETA: 27.0min
[34830/50000] Loss: 1.8741e-02 | PDE: 1.7857e-03 | Holes: 7.7724e-06 | Ext: 5.6230e-04 | ms/ep: 104.7 | LR: 2.18e-04 | ETA: 26.5min
[34840/50000] Loss: 1.8281e-02 | PDE: 1.5319e-03 | Holes: 4.5976e-06 | Ext: 5.6823e-04 | ms/ep: 104.6 | LR: 2.18e-04 | ETA: 26.4min
[34850/50000] Loss: 1.8402e-02 | PDE: 1.6311e-03 | Holes: 5.4893e-06 | Ext: 5.6862e-04 | ms/ep: 104.3 | LR: 2.18e-04 | ETA: 26.3min
[34860/50000] Loss: 1.8279e-02 | PDE: 1.5547e-03 | Holes: 5.0850e-06 | Ext: 5.7890e-04 | ms/ep: 104.5 | LR: 2.18e-04 | ETA: 26.4min
[34870/50000] Loss: 1.8344e-02 | PDE: 1.6042e-03 | Holes: 5.6218e-06 | Ext: 5.7803e-04 | ms/ep: 104.4 | LR: 2.17e-04 | ETA: 26.3min
[34880/50000] Loss: 1.8460e-02 | PDE: 1.7282e-03 | Holes: 6.1993e-06 | Ext: 5.6578e-04 | ms/ep: 104.8 | LR: 2.17e-04 | ETA: 26.4min
[34890/50000] Loss: 1.8471e-02 | PDE: 1.7296e-03 | Holes: 5.3383e-06 | Ext: 5.9447e-04 | ms/ep: 104.5 | LR: 2.17e-04 | ETA: 26.3min
[34900/50000] Loss: 1.8297e-02 | PDE: 1.5933e-03 | Holes: 5.7743e-06 | Ext: 5.7772e-04 | ms/ep: 105.4 | LR: 2.17e-04 | ETA: 26.5min
[34910/50000] Loss: 1.9358e-02 | PDE: 2.2442e-03 | Holes: 9.4510e-06 | Ext: 6.1167e-04 | ms/ep: 105.0 | LR: 2.16e-04 | ETA: 26.4min
[34920/50000] Loss: 1.8363e-02 | PDE: 1.6466e-03 | Holes: 6.6501e-06 | Ext: 5.5568e-04 | ms/ep: 104.7 | LR: 2.16e-04 | ETA: 26.3min
[34930/50000] Loss: 1.8524e-02 | PDE: 1.8285e-03 | Holes: 6.8692e-06 | Ext: 5.6610e-04 | ms/ep: 105.3 | LR: 2.16e-04 | ETA: 26.4min
[34940/50000] Loss: 1.8591e-02 | PDE: 1.9144e-03 | Holes: 4.7264e-06 | Ext: 5.3591e-04 | ms/ep: 105.3 | LR: 2.16e-04 | ETA: 26.4min
[34950/50000] Loss: 1.8556e-02 | PDE: 1.7092e-03 | Holes: 8.4740e-06 | Ext: 5.7991e-04 | ms/ep: 107.1 | LR: 2.15e-04 | ETA: 26.9min
[34960/50000] Loss: 1.8215e-02 | PDE: 1.6316e-03 | Holes: 4.4081e-06 | Ext: 5.4023e-04 | ms/ep: 105.7 | LR: 2.15e-04 | ETA: 26.5min
[34970/50000] Loss: 2.0691e-02 | PDE: 2.5060e-03 | Holes: 2.3628e-05 | Ext: 5.1893e-04 | ms/ep: 105.4 | LR: 2.15e-04 | ETA: 26.4min
[34980/50000] Loss: 1.9506e-02 | PDE: 2.3034e-03 | Holes: 1.3340e-05 | Ext: 5.8790e-04 | ms/ep: 105.6 | LR: 2.15e-04 | ETA: 26.4min
[34990/50000] Loss: 1.9798e-02 | PDE: 2.7221e-03 | Holes: 1.4346e-05 | Ext: 5.7906e-04 | ms/ep: 105.8 | LR: 2.14e-04 | ETA: 26.5min
[35000/50000] Loss: 1.9183e-02 | PDE: 2.0430e-03 | Holes: 8.0291e-06 | Ext: 6.3682e-04 | ms/ep: 104.8 | LR: 2.14e-04 | ETA: 26.2min
[35010/50000] Loss: 1.8938e-02 | PDE: 1.9029e-03 | Holes: 1.2866e-05 | Ext: 5.7779e-04 | ms/ep: 104.3 | LR: 2.14e-04 | ETA: 26.1min
[35020/50000] Loss: 1.8602e-02 | PDE: 1.8095e-03 | Holes: 8.1832e-06 | Ext: 5.4737e-04 | ms/ep: 104.5 | LR: 2.14e-04 | ETA: 26.1min
[35030/50000] Loss: 1.9155e-02 | PDE: 1.7981e-03 | Holes: 1.5203e-05 | Ext: 6.1627e-04 | ms/ep: 104.7 | LR: 2.13e-04 | ETA: 26.1min
[35040/50000] Loss: 1.8955e-02 | PDE: 1.6754e-03 | Holes: 1.7775e-05 | Ext: 5.9274e-04 | ms/ep: 105.0 | LR: 2.13e-04 | ETA: 26.2min
[35050/50000] Loss: 1.9299e-02 | PDE: 1.8045e-03 | Holes: 2.1495e-05 | Ext: 5.9426e-04 | ms/ep: 105.2 | LR: 2.13e-04 | ETA: 26.2min
[35060/50000] Loss: 1.8500e-02 | PDE: 1.7632e-03 | Holes: 4.6784e-06 | Ext: 5.2192e-04 | ms/ep: 105.1 | LR: 2.13e-04 | ETA: 26.2min
[35070/50000] Loss: 1.9015e-02 | PDE: 1.9803e-03 | Holes: 1.4348e-05 | Ext: 5.6293e-04 | ms/ep: 105.2 | LR: 2.12e-04 | ETA: 26.2min
[35080/50000] Loss: 2.1769e-02 | PDE: 3.8024e-03 | Holes: 2.2087e-05 | Ext: 6.4766e-04 | ms/ep: 105.9 | LR: 2.12e-04 | ETA: 26.3min
[35090/50000] Loss: 2.3649e-02 | PDE: 2.3171e-03 | Holes: 8.3343e-05 | Ext: 6.2487e-04 | ms/ep: 105.3 | LR: 2.12e-04 | ETA: 26.2min
[35100/50000] Loss: 1.9771e-02 | PDE: 2.7905e-03 | Holes: 6.8331e-06 | Ext: 6.2081e-04 | ms/ep: 105.5 | LR: 2.12e-04 | ETA: 26.2min
[35110/50000] Loss: 2.1286e-02 | PDE: 2.9872e-03 | Holes: 1.7827e-05 | Ext: 6.8306e-04 | ms/ep: 105.0 | LR: 2.11e-04 | ETA: 26.1min
[35120/50000] Loss: 4.4196e-02 | PDE: 1.4505e-02 | Holes: 7.3205e-05 | Ext: 1.1508e-03 | ms/ep: 105.3 | LR: 2.11e-04 | ETA: 26.1min
[35130/50000] Loss: 2.4657e-02 | PDE: 4.2029e-03 | Holes: 1.9522e-05 | Ext: 7.8042e-04 | ms/ep: 105.5 | LR: 2.11e-04 | ETA: 26.1min
[35140/50000] Loss: 2.1094e-02 | PDE: 3.0661e-03 | Holes: 1.2076e-05 | Ext: 5.7665e-04 | ms/ep: 105.4 | LR: 2.11e-04 | ETA: 26.1min
[35150/50000] Loss: 1.9357e-02 | PDE: 2.2419e-03 | Holes: 6.3033e-06 | Ext: 5.8587e-04 | ms/ep: 105.6 | LR: 2.10e-04 | ETA: 26.1min
[35160/50000] Loss: 1.8511e-02 | PDE: 1.7295e-03 | Holes: 5.6834e-06 | Ext: 5.8868e-04 | ms/ep: 105.0 | LR: 2.10e-04 | ETA: 26.0min
[35170/50000] Loss: 1.8128e-02 | PDE: 1.5794e-03 | Holes: 4.4380e-06 | Ext: 5.7172e-04 | ms/ep: 105.5 | LR: 2.10e-04 | ETA: 26.1min
[35180/50000] Loss: 1.7978e-02 | PDE: 1.5142e-03 | Holes: 4.3884e-06 | Ext: 5.5794e-04 | ms/ep: 107.7 | LR: 2.10e-04 | ETA: 26.6min
[35190/50000] Loss: 1.7864e-02 | PDE: 1.4943e-03 | Holes: 3.8827e-06 | Ext: 5.5640e-04 | ms/ep: 116.2 | LR: 2.09e-04 | ETA: 28.7min
[35200/50000] Loss: 1.7810e-02 | PDE: 1.4819e-03 | Holes: 3.8514e-06 | Ext: 5.5603e-04 | ms/ep: 117.7 | LR: 2.09e-04 | ETA: 29.0min
[35210/50000] Loss: 1.7768e-02 | PDE: 1.4788e-03 | Holes: 3.8194e-06 | Ext: 5.5101e-04 | ms/ep: 118.3 | LR: 2.09e-04 | ETA: 29.2min
[35220/50000] Loss: 1.8659e-02 | PDE: 1.8490e-03 | Holes: 1.1304e-05 | Ext: 5.4017e-04 | ms/ep: 106.3 | LR: 2.09e-04 | ETA: 26.2min
[35230/50000] Loss: 1.8343e-02 | PDE: 1.8778e-03 | Holes: 6.0827e-06 | Ext: 5.5716e-04 | ms/ep: 106.3 | LR: 2.08e-04 | ETA: 26.2min
[35240/50000] Loss: 1.7830e-02 | PDE: 1.5454e-03 | Holes: 4.0859e-06 | Ext: 5.4618e-04 | ms/ep: 106.3 | LR: 2.08e-04 | ETA: 26.1min
[35250/50000] Loss: 1.8068e-02 | PDE: 1.6156e-03 | Holes: 5.9256e-06 | Ext: 5.8319e-04 | ms/ep: 106.4 | LR: 2.08e-04 | ETA: 26.2min
[35260/50000] Loss: 1.7851e-02 | PDE: 1.5742e-03 | Holes: 4.8446e-06 | Ext: 5.5039e-04 | ms/ep: 106.4 | LR: 2.08e-04 | ETA: 26.1min
[35270/50000] Loss: 1.7768e-02 | PDE: 1.5450e-03 | Holes: 4.2772e-06 | Ext: 5.4950e-04 | ms/ep: 111.1 | LR: 2.07e-04 | ETA: 27.3min
[35280/50000] Loss: 1.8851e-02 | PDE: 1.9883e-03 | Holes: 1.5380e-05 | Ext: 5.4911e-04 | ms/ep: 114.3 | LR: 2.07e-04 | ETA: 28.0min
[35290/50000] Loss: 1.7946e-02 | PDE: 1.6980e-03 | Holes: 4.8424e-06 | Ext: 5.6033e-04 | ms/ep: 116.3 | LR: 2.07e-04 | ETA: 28.5min
[35300/50000] Loss: 1.7713e-02 | PDE: 1.5380e-03 | Holes: 4.1932e-06 | Ext: 5.4657e-04 | ms/ep: 121.2 | LR: 2.07e-04 | ETA: 29.7min
[35310/50000] Loss: 1.8324e-02 | PDE: 2.0216e-03 | Holes: 4.6502e-06 | Ext: 5.8101e-04 | ms/ep: 106.2 | LR: 2.06e-04 | ETA: 26.0min
[35320/50000] Loss: 1.7958e-02 | PDE: 1.6159e-03 | Holes: 5.4481e-06 | Ext: 5.7801e-04 | ms/ep: 118.4 | LR: 2.06e-04 | ETA: 29.0min
[35330/50000] Loss: 1.7725e-02 | PDE: 1.5400e-03 | Holes: 4.3997e-06 | Ext: 5.6162e-04 | ms/ep: 106.8 | LR: 2.06e-04 | ETA: 26.1min
[35340/50000] Loss: 1.8353e-02 | PDE: 1.8739e-03 | Holes: 1.0053e-05 | Ext: 5.3779e-04 | ms/ep: 106.9 | LR: 2.06e-04 | ETA: 26.1min
[35350/50000] Loss: 1.7956e-02 | PDE: 1.6387e-03 | Holes: 6.7521e-06 | Ext: 5.6957e-04 | ms/ep: 106.9 | LR: 2.05e-04 | ETA: 26.1min
[35360/50000] Loss: 1.7546e-02 | PDE: 1.4712e-03 | Holes: 3.8453e-06 | Ext: 5.4318e-04 | ms/ep: 106.4 | LR: 2.05e-04 | ETA: 26.0min
[35370/50000] Loss: 1.8872e-02 | PDE: 2.0385e-03 | Holes: 1.4377e-05 | Ext: 5.8712e-04 | ms/ep: 104.6 | LR: 2.05e-04 | ETA: 25.5min
[35380/50000] Loss: 1.9394e-02 | PDE: 1.6907e-03 | Holes: 2.7329e-05 | Ext: 5.4377e-04 | ms/ep: 104.5 | LR: 2.05e-04 | ETA: 25.5min
[35390/50000] Loss: 2.1121e-02 | PDE: 2.8478e-03 | Holes: 3.9897e-05 | Ext: 5.9866e-04 | ms/ep: 104.2 | LR: 2.04e-04 | ETA: 25.4min
[35400/50000] Loss: 1.8496e-02 | PDE: 1.7225e-03 | Holes: 1.0211e-05 | Ext: 5.5747e-04 | ms/ep: 104.3 | LR: 2.04e-04 | ETA: 25.4min
[35410/50000] Loss: 1.7965e-02 | PDE: 1.5916e-03 | Holes: 7.3604e-06 | Ext: 5.4532e-04 | ms/ep: 104.2 | LR: 2.04e-04 | ETA: 25.3min
[35420/50000] Loss: 1.7689e-02 | PDE: 1.5332e-03 | Holes: 4.3757e-06 | Ext: 5.3067e-04 | ms/ep: 106.1 | LR: 2.04e-04 | ETA: 25.8min
[35430/50000] Loss: 1.7991e-02 | PDE: 1.7998e-03 | Holes: 6.8771e-06 | Ext: 5.4387e-04 | ms/ep: 120.9 | LR: 2.03e-04 | ETA: 29.4min
[35440/50000] Loss: 1.8003e-02 | PDE: 1.6808e-03 | Holes: 8.4505e-06 | Ext: 5.4465e-04 | ms/ep: 125.3 | LR: 2.03e-04 | ETA: 30.4min
[35450/50000] Loss: 1.7764e-02 | PDE: 1.6328e-03 | Holes: 6.4985e-06 | Ext: 5.3976e-04 | ms/ep: 121.3 | LR: 2.03e-04 | ETA: 29.4min
[35460/50000] Loss: 1.7998e-02 | PDE: 1.9473e-03 | Holes: 4.6950e-06 | Ext: 5.1954e-04 | ms/ep: 113.9 | LR: 2.03e-04 | ETA: 27.6min
[35470/50000] Loss: 1.9896e-02 | PDE: 2.7704e-03 | Holes: 1.7400e-05 | Ext: 6.0666e-04 | ms/ep: 110.0 | LR: 2.02e-04 | ETA: 26.6min
[35480/50000] Loss: 2.3879e-02 | PDE: 4.8959e-03 | Holes: 3.2076e-05 | Ext: 6.8709e-04 | ms/ep: 105.2 | LR: 2.02e-04 | ETA: 25.5min
[35490/50000] Loss: 4.6420e-02 | PDE: 1.9753e-02 | Holes: 5.5951e-05 | Ext: 9.2408e-04 | ms/ep: 104.6 | LR: 2.02e-04 | ETA: 25.3min
[35500/50000] Loss: 3.0280e-02 | PDE: 5.0953e-03 | Holes: 6.6270e-05 | Ext: 9.2033e-04 | ms/ep: 104.2 | LR: 2.02e-04 | ETA: 25.2min
[35510/50000] Loss: 2.8266e-02 | PDE: 7.1150e-03 | Holes: 2.4334e-05 | Ext: 5.8000e-04 | ms/ep: 104.6 | LR: 2.01e-04 | ETA: 25.3min
[35520/50000] Loss: 2.5126e-02 | PDE: 4.9116e-03 | Holes: 4.6359e-05 | Ext: 6.0423e-04 | ms/ep: 104.3 | LR: 2.01e-04 | ETA: 25.2min
[35530/50000] Loss: 2.0959e-02 | PDE: 2.6984e-03 | Holes: 2.8867e-05 | Ext: 6.1893e-04 | ms/ep: 113.0 | LR: 2.01e-04 | ETA: 27.3min
[35540/50000] Loss: 1.8897e-02 | PDE: 2.0118e-03 | Holes: 9.4782e-06 | Ext: 5.6996e-04 | ms/ep: 111.5 | LR: 2.01e-04 | ETA: 26.9min
[35550/50000] Loss: 1.8046e-02 | PDE: 1.6701e-03 | Holes: 5.2406e-06 | Ext: 5.7323e-04 | ms/ep: 111.5 | LR: 2.00e-04 | ETA: 26.9min
[35560/50000] Loss: 1.7820e-02 | PDE: 1.6135e-03 | Holes: 4.8795e-06 | Ext: 5.4928e-04 | ms/ep: 104.4 | LR: 2.00e-04 | ETA: 25.1min
[35570/50000] Loss: 1.7755e-02 | PDE: 1.5630e-03 | Holes: 4.6225e-06 | Ext: 5.3056e-04 | ms/ep: 104.6 | LR: 2.00e-04 | ETA: 25.1min
[35580/50000] Loss: 1.8052e-02 | PDE: 1.7175e-03 | Holes: 6.0271e-06 | Ext: 5.8151e-04 | ms/ep: 104.5 | LR: 2.00e-04 | ETA: 25.1min
[35590/50000] Loss: 1.7664e-02 | PDE: 1.5496e-03 | Holes: 5.2892e-06 | Ext: 5.3212e-04 | ms/ep: 110.3 | LR: 1.99e-04 | ETA: 26.5min
[35600/50000] Loss: 1.7513e-02 | PDE: 1.4830e-03 | Holes: 4.1292e-06 | Ext: 5.5179e-04 | ms/ep: 114.9 | LR: 1.99e-04 | ETA: 27.6min
[35610/50000] Loss: 1.7736e-02 | PDE: 1.6444e-03 | Holes: 5.7971e-06 | Ext: 5.2593e-04 | ms/ep: 104.4 | LR: 1.99e-04 | ETA: 25.1min
[35620/50000] Loss: 1.7524e-02 | PDE: 1.5098e-03 | Holes: 4.5605e-06 | Ext: 5.5465e-04 | ms/ep: 104.4 | LR: 1.99e-04 | ETA: 25.0min
[35630/50000] Loss: 1.7806e-02 | PDE: 1.7391e-03 | Holes: 6.1375e-06 | Ext: 5.2089e-04 | ms/ep: 104.3 | LR: 1.98e-04 | ETA: 25.0min
[35640/50000] Loss: 1.7670e-02 | PDE: 1.6838e-03 | Holes: 5.2399e-06 | Ext: 5.3910e-04 | ms/ep: 108.3 | LR: 1.98e-04 | ETA: 25.9min
[35650/50000] Loss: 1.7560e-02 | PDE: 1.5892e-03 | Holes: 5.3881e-06 | Ext: 5.3447e-04 | ms/ep: 104.3 | LR: 1.98e-04 | ETA: 24.9min
[35660/50000] Loss: 1.7346e-02 | PDE: 1.4826e-03 | Holes: 3.8609e-06 | Ext: 5.3735e-04 | ms/ep: 104.4 | LR: 1.98e-04 | ETA: 25.0min
[35670/50000] Loss: 1.7497e-02 | PDE: 1.5768e-03 | Holes: 4.5890e-06 | Ext: 5.4700e-04 | ms/ep: 104.4 | LR: 1.97e-04 | ETA: 24.9min
[35680/50000] Loss: 1.7551e-02 | PDE: 1.6909e-03 | Holes: 4.5222e-06 | Ext: 5.3545e-04 | ms/ep: 104.3 | LR: 1.97e-04 | ETA: 24.9min
[35690/50000] Loss: 1.8024e-02 | PDE: 1.9332e-03 | Holes: 6.7080e-06 | Ext: 5.6052e-04 | ms/ep: 104.5 | LR: 1.97e-04 | ETA: 24.9min
[35700/50000] Loss: 1.7484e-02 | PDE: 1.5946e-03 | Holes: 4.6112e-06 | Ext: 5.4848e-04 | ms/ep: 104.3 | LR: 1.97e-04 | ETA: 24.9min
[35710/50000] Loss: 1.7247e-02 | PDE: 1.4663e-03 | Holes: 3.7292e-06 | Ext: 5.3162e-04 | ms/ep: 104.5 | LR: 1.96e-04 | ETA: 24.9min
[35720/50000] Loss: 1.7644e-02 | PDE: 1.7675e-03 | Holes: 5.1752e-06 | Ext: 5.4636e-04 | ms/ep: 104.1 | LR: 1.96e-04 | ETA: 24.8min
[35730/50000] Loss: 1.7791e-02 | PDE: 1.8676e-03 | Holes: 5.8722e-06 | Ext: 5.2281e-04 | ms/ep: 104.4 | LR: 1.96e-04 | ETA: 24.8min
[35740/50000] Loss: 1.7584e-02 | PDE: 1.6807e-03 | Holes: 5.5942e-06 | Ext: 5.4757e-04 | ms/ep: 104.3 | LR: 1.96e-04 | ETA: 24.8min
[35750/50000] Loss: 1.7310e-02 | PDE: 1.5603e-03 | Holes: 4.3966e-06 | Ext: 5.1711e-04 | ms/ep: 104.6 | LR: 1.96e-04 | ETA: 24.8min
[35760/50000] Loss: 1.7342e-02 | PDE: 1.5954e-03 | Holes: 4.3407e-06 | Ext: 5.1418e-04 | ms/ep: 104.2 | LR: 1.95e-04 | ETA: 24.7min
[35770/50000] Loss: 1.7189e-02 | PDE: 1.5102e-03 | Holes: 4.0423e-06 | Ext: 5.3430e-04 | ms/ep: 104.5 | LR: 1.95e-04 | ETA: 24.8min
[35780/50000] Loss: 1.7336e-02 | PDE: 1.6233e-03 | Holes: 4.7084e-06 | Ext: 5.3717e-04 | ms/ep: 104.3 | LR: 1.95e-04 | ETA: 24.7min
[35790/50000] Loss: 1.7061e-02 | PDE: 1.4431e-03 | Holes: 3.6850e-06 | Ext: 5.2671e-04 | ms/ep: 104.2 | LR: 1.95e-04 | ETA: 24.7min
[35800/50000] Loss: 1.7208e-02 | PDE: 1.5646e-03 | Holes: 4.6803e-06 | Ext: 5.2165e-04 | ms/ep: 104.5 | LR: 1.94e-04 | ETA: 24.7min
[35810/50000] Loss: 1.7164e-02 | PDE: 1.5516e-03 | Holes: 4.9841e-06 | Ext: 5.1564e-04 | ms/ep: 104.5 | LR: 1.94e-04 | ETA: 24.7min
[35820/50000] Loss: 1.8112e-02 | PDE: 1.9776e-03 | Holes: 1.0218e-05 | Ext: 4.8043e-04 | ms/ep: 104.4 | LR: 1.94e-04 | ETA: 24.7min
[35830/50000] Loss: 1.7694e-02 | PDE: 1.7065e-03 | Holes: 8.6196e-06 | Ext: 5.6677e-04 | ms/ep: 104.4 | LR: 1.94e-04 | ETA: 24.6min
[35840/50000] Loss: 1.7708e-02 | PDE: 1.7317e-03 | Holes: 1.1962e-05 | Ext: 5.0905e-04 | ms/ep: 104.5 | LR: 1.93e-04 | ETA: 24.7min
[35850/50000] Loss: 1.7086e-02 | PDE: 1.5647e-03 | Holes: 4.4113e-06 | Ext: 5.0218e-04 | ms/ep: 104.4 | LR: 1.93e-04 | ETA: 24.6min
[35860/50000] Loss: 1.7278e-02 | PDE: 1.6062e-03 | Holes: 7.1958e-06 | Ext: 5.3507e-04 | ms/ep: 104.3 | LR: 1.93e-04 | ETA: 24.6min
[35870/50000] Loss: 1.7594e-02 | PDE: 1.8243e-03 | Holes: 9.3813e-06 | Ext: 4.9211e-04 | ms/ep: 104.6 | LR: 1.93e-04 | ETA: 24.6min
[35880/50000] Loss: 1.7339e-02 | PDE: 1.6950e-03 | Holes: 7.5981e-06 | Ext: 5.3831e-04 | ms/ep: 104.3 | LR: 1.92e-04 | ETA: 24.6min
[35890/50000] Loss: 1.7122e-02 | PDE: 1.6515e-03 | Holes: 6.1377e-06 | Ext: 4.9865e-04 | ms/ep: 104.6 | LR: 1.92e-04 | ETA: 24.6min
[35900/50000] Loss: 1.6968e-02 | PDE: 1.5974e-03 | Holes: 5.1060e-06 | Ext: 5.0990e-04 | ms/ep: 104.3 | LR: 1.92e-04 | ETA: 24.5min
[35910/50000] Loss: 1.7013e-02 | PDE: 1.6008e-03 | Holes: 4.6155e-06 | Ext: 4.9995e-04 | ms/ep: 104.5 | LR: 1.92e-04 | ETA: 24.5min
[35920/50000] Loss: 1.8334e-02 | PDE: 2.4808e-03 | Holes: 9.4899e-06 | Ext: 5.5240e-04 | ms/ep: 104.6 | LR: 1.91e-04 | ETA: 24.6min
[35930/50000] Loss: 1.7183e-02 | PDE: 1.6898e-03 | Holes: 6.3029e-06 | Ext: 4.9668e-04 | ms/ep: 104.6 | LR: 1.91e-04 | ETA: 24.5min
[35940/50000] Loss: 1.7219e-02 | PDE: 1.6754e-03 | Holes: 7.5944e-06 | Ext: 5.3262e-04 | ms/ep: 104.6 | LR: 1.91e-04 | ETA: 24.5min
[35950/50000] Loss: 1.8392e-02 | PDE: 2.1202e-03 | Holes: 2.0320e-05 | Ext: 5.4118e-04 | ms/ep: 104.5 | LR: 1.91e-04 | ETA: 24.5min
[35960/50000] Loss: 1.7306e-02 | PDE: 1.6110e-03 | Holes: 9.2601e-06 | Ext: 5.0734e-04 | ms/ep: 104.4 | LR: 1.90e-04 | ETA: 24.4min
[35970/50000] Loss: 1.7151e-02 | PDE: 1.7840e-03 | Holes: 3.9598e-06 | Ext: 4.7999e-04 | ms/ep: 104.4 | LR: 1.90e-04 | ETA: 24.4min
[35980/50000] Loss: 1.6831e-02 | PDE: 1.5295e-03 | Holes: 4.5142e-06 | Ext: 5.2514e-04 | ms/ep: 104.5 | LR: 1.90e-04 | ETA: 24.4min
[35990/50000] Loss: 1.7263e-02 | PDE: 1.9565e-03 | Holes: 4.3751e-06 | Ext: 5.3445e-04 | ms/ep: 104.4 | LR: 1.90e-04 | ETA: 24.4min
[36000/50000] Loss: 1.7179e-02 | PDE: 1.8488e-03 | Holes: 6.5980e-06 | Ext: 5.1031e-04 | ms/ep: 104.7 | LR: 1.89e-04 | ETA: 24.4min
[36010/50000] Loss: 1.6697e-02 | PDE: 1.4949e-03 | Holes: 4.1562e-06 | Ext: 5.1718e-04 | ms/ep: 104.3 | LR: 1.89e-04 | ETA: 24.3min
[36020/50000] Loss: 1.6954e-02 | PDE: 1.5334e-03 | Holes: 7.5011e-06 | Ext: 5.1603e-04 | ms/ep: 104.6 | LR: 1.89e-04 | ETA: 24.4min
[36030/50000] Loss: 1.6849e-02 | PDE: 1.6508e-03 | Holes: 4.5455e-06 | Ext: 4.8804e-04 | ms/ep: 104.5 | LR: 1.89e-04 | ETA: 24.3min
[36040/50000] Loss: 1.9594e-02 | PDE: 2.8108e-03 | Holes: 2.2762e-05 | Ext: 5.9712e-04 | ms/ep: 104.5 | LR: 1.89e-04 | ETA: 24.3min
[36050/50000] Loss: 1.7368e-02 | PDE: 1.8166e-03 | Holes: 9.2241e-06 | Ext: 4.8821e-04 | ms/ep: 104.6 | LR: 1.88e-04 | ETA: 24.3min
[36060/50000] Loss: 1.7116e-02 | PDE: 1.5984e-03 | Holes: 1.0721e-05 | Ext: 5.0138e-04 | ms/ep: 104.4 | LR: 1.88e-04 | ETA: 24.3min
[36070/50000] Loss: 1.7355e-02 | PDE: 1.8345e-03 | Holes: 7.7946e-06 | Ext: 5.2422e-04 | ms/ep: 104.3 | LR: 1.88e-04 | ETA: 24.2min
[36080/50000] Loss: 1.7641e-02 | PDE: 1.9237e-03 | Holes: 1.2240e-05 | Ext: 4.9231e-04 | ms/ep: 104.3 | LR: 1.88e-04 | ETA: 24.2min
[36090/50000] Loss: 1.7280e-02 | PDE: 1.6581e-03 | Holes: 8.0476e-06 | Ext: 5.5317e-04 | ms/ep: 104.6 | LR: 1.87e-04 | ETA: 24.2min
[36100/50000] Loss: 1.6639e-02 | PDE: 1.5114e-03 | Holes: 4.5202e-06 | Ext: 5.1404e-04 | ms/ep: 104.5 | LR: 1.87e-04 | ETA: 24.2min
[36110/50000] Loss: 2.0250e-02 | PDE: 2.6886e-03 | Holes: 4.4966e-05 | Ext: 5.2594e-04 | ms/ep: 104.1 | LR: 1.87e-04 | ETA: 24.1min
[36120/50000] Loss: 1.7636e-02 | PDE: 2.3229e-03 | Holes: 6.9362e-06 | Ext: 4.9006e-04 | ms/ep: 104.4 | LR: 1.87e-04 | ETA: 24.1min
[36130/50000] Loss: 1.8001e-02 | PDE: 2.2578e-03 | Holes: 7.8056e-06 | Ext: 5.6146e-04 | ms/ep: 104.6 | LR: 1.86e-04 | ETA: 24.2min
[36140/50000] Loss: 1.8859e-02 | PDE: 2.6074e-03 | Holes: 1.6084e-05 | Ext: 4.9924e-04 | ms/ep: 104.3 | LR: 1.86e-04 | ETA: 24.1min
[36150/50000] Loss: 2.0301e-02 | PDE: 2.7457e-03 | Holes: 3.7518e-05 | Ext: 5.1690e-04 | ms/ep: 104.4 | LR: 1.86e-04 | ETA: 24.1min
[36160/50000] Loss: 1.7226e-02 | PDE: 1.8414e-03 | Holes: 6.4255e-06 | Ext: 5.3573e-04 | ms/ep: 104.6 | LR: 1.86e-04 | ETA: 24.1min
[36170/50000] Loss: 1.6951e-02 | PDE: 1.7411e-03 | Holes: 5.1118e-06 | Ext: 5.3331e-04 | ms/ep: 104.5 | LR: 1.85e-04 | ETA: 24.1min
[36180/50000] Loss: 1.6509e-02 | PDE: 1.4724e-03 | Holes: 4.2923e-06 | Ext: 4.9831e-04 | ms/ep: 104.4 | LR: 1.85e-04 | ETA: 24.0min
[36190/50000] Loss: 1.6403e-02 | PDE: 1.4446e-03 | Holes: 3.8293e-06 | Ext: 4.9991e-04 | ms/ep: 104.6 | LR: 1.85e-04 | ETA: 24.1min
[36200/50000] Loss: 1.6738e-02 | PDE: 1.6992e-03 | Holes: 3.9355e-06 | Ext: 4.7363e-04 | ms/ep: 104.4 | LR: 1.85e-04 | ETA: 24.0min
[36210/50000] Loss: 1.6887e-02 | PDE: 1.8355e-03 | Holes: 4.9588e-06 | Ext: 5.1346e-04 | ms/ep: 104.4 | LR: 1.84e-04 | ETA: 24.0min
[36220/50000] Loss: 1.6507e-02 | PDE: 1.5069e-03 | Holes: 4.4058e-06 | Ext: 5.1489e-04 | ms/ep: 104.5 | LR: 1.84e-04 | ETA: 24.0min
[36230/50000] Loss: 1.7542e-02 | PDE: 1.9029e-03 | Holes: 1.4761e-05 | Ext: 5.2099e-04 | ms/ep: 104.4 | LR: 1.84e-04 | ETA: 24.0min
[36240/50000] Loss: 1.6983e-02 | PDE: 1.9835e-03 | Holes: 4.5567e-06 | Ext: 5.1363e-04 | ms/ep: 104.4 | LR: 1.84e-04 | ETA: 23.9min
[36250/50000] Loss: 1.6537e-02 | PDE: 1.4829e-03 | Holes: 5.5088e-06 | Ext: 4.8241e-04 | ms/ep: 104.4 | LR: 1.84e-04 | ETA: 23.9min
[36260/50000] Loss: 1.6698e-02 | PDE: 1.6866e-03 | Holes: 4.8679e-06 | Ext: 5.1097e-04 | ms/ep: 104.3 | LR: 1.83e-04 | ETA: 23.9min
[36270/50000] Loss: 1.6915e-02 | PDE: 1.7654e-03 | Holes: 7.7818e-06 | Ext: 5.1245e-04 | ms/ep: 104.4 | LR: 1.83e-04 | ETA: 23.9min
[36280/50000] Loss: 1.9209e-02 | PDE: 2.3598e-03 | Holes: 3.6300e-05 | Ext: 5.0224e-04 | ms/ep: 104.4 | LR: 1.83e-04 | ETA: 23.9min
[36290/50000] Loss: 1.7762e-02 | PDE: 2.2756e-03 | Holes: 1.1695e-05 | Ext: 5.1550e-04 | ms/ep: 104.6 | LR: 1.83e-04 | ETA: 23.9min
[36300/50000] Loss: 1.7840e-02 | PDE: 2.2000e-03 | Holes: 1.0933e-05 | Ext: 4.5874e-04 | ms/ep: 104.5 | LR: 1.82e-04 | ETA: 23.9min
[36310/50000] Loss: 1.8306e-02 | PDE: 2.1950e-03 | Holes: 1.7853e-05 | Ext: 5.5951e-04 | ms/ep: 104.5 | LR: 1.82e-04 | ETA: 23.8min
[36320/50000] Loss: 1.7816e-02 | PDE: 2.0525e-03 | Holes: 7.1615e-06 | Ext: 4.6294e-04 | ms/ep: 104.5 | LR: 1.82e-04 | ETA: 23.8min
[36330/50000] Loss: 1.7469e-02 | PDE: 1.9798e-03 | Holes: 1.2428e-05 | Ext: 4.8657e-04 | ms/ep: 104.4 | LR: 1.82e-04 | ETA: 23.8min
[36340/50000] Loss: 1.6716e-02 | PDE: 1.6254e-03 | Holes: 7.3894e-06 | Ext: 5.1090e-04 | ms/ep: 104.4 | LR: 1.81e-04 | ETA: 23.8min
[36350/50000] Loss: 1.6332e-02 | PDE: 1.4685e-03 | Holes: 4.0952e-06 | Ext: 4.8928e-04 | ms/ep: 108.1 | LR: 1.81e-04 | ETA: 24.6min
[36360/50000] Loss: 1.6316e-02 | PDE: 1.4767e-03 | Holes: 4.6047e-06 | Ext: 4.8751e-04 | ms/ep: 121.5 | LR: 1.81e-04 | ETA: 27.6min
[36370/50000] Loss: 1.6146e-02 | PDE: 1.4014e-03 | Holes: 3.5981e-06 | Ext: 4.9197e-04 | ms/ep: 104.9 | LR: 1.81e-04 | ETA: 23.8min
[36380/50000] Loss: 1.7731e-02 | PDE: 2.7613e-03 | Holes: 5.7596e-06 | Ext: 5.2508e-04 | ms/ep: 104.5 | LR: 1.80e-04 | ETA: 23.7min
[36390/50000] Loss: 1.8377e-02 | PDE: 2.3854e-03 | Holes: 2.4233e-05 | Ext: 5.0601e-04 | ms/ep: 104.4 | LR: 1.80e-04 | ETA: 23.7min
[36400/50000] Loss: 1.7237e-02 | PDE: 2.1461e-03 | Holes: 8.6978e-06 | Ext: 4.8853e-04 | ms/ep: 104.1 | LR: 1.80e-04 | ETA: 23.6min
[36410/50000] Loss: 1.6471e-02 | PDE: 1.4926e-03 | Holes: 7.0710e-06 | Ext: 4.9180e-04 | ms/ep: 104.4 | LR: 1.80e-04 | ETA: 23.6min
[36420/50000] Loss: 1.6573e-02 | PDE: 1.5781e-03 | Holes: 7.9873e-06 | Ext: 4.9832e-04 | ms/ep: 104.4 | LR: 1.80e-04 | ETA: 23.6min
[36430/50000] Loss: 1.6233e-02 | PDE: 1.4468e-03 | Holes: 4.9607e-06 | Ext: 4.9377e-04 | ms/ep: 104.4 | LR: 1.79e-04 | ETA: 23.6min
[36440/50000] Loss: 1.6146e-02 | PDE: 1.4058e-03 | Holes: 4.3112e-06 | Ext: 4.7677e-04 | ms/ep: 104.4 | LR: 1.79e-04 | ETA: 23.6min
[36450/50000] Loss: 1.8347e-02 | PDE: 2.9677e-03 | Holes: 9.9783e-06 | Ext: 4.4191e-04 | ms/ep: 104.3 | LR: 1.79e-04 | ETA: 23.6min
[36460/50000] Loss: 4.2281e-02 | PDE: 1.3127e-02 | Holes: 2.5832e-05 | Ext: 3.8191e-04 | ms/ep: 104.5 | LR: 1.79e-04 | ETA: 23.6min
[36470/50000] Loss: 7.3588e-02 | PDE: 2.4107e-02 | Holes: 9.0188e-05 | Ext: 1.4661e-03 | ms/ep: 104.4 | LR: 1.78e-04 | ETA: 23.5min
[36480/50000] Loss: 4.4269e-02 | PDE: 1.3644e-02 | Holes: 6.3094e-05 | Ext: 9.3358e-04 | ms/ep: 104.7 | LR: 1.78e-04 | ETA: 23.6min
[36490/50000] Loss: 2.8760e-02 | PDE: 6.3685e-03 | Holes: 1.5416e-05 | Ext: 7.1552e-04 | ms/ep: 104.4 | LR: 1.78e-04 | ETA: 23.5min
[36500/50000] Loss: 2.3045e-02 | PDE: 3.9209e-03 | Holes: 8.0910e-06 | Ext: 6.7887e-04 | ms/ep: 104.3 | LR: 1.78e-04 | ETA: 23.5min
[36510/50000] Loss: 2.0030e-02 | PDE: 2.6362e-03 | Holes: 8.8362e-06 | Ext: 5.9518e-04 | ms/ep: 104.5 | LR: 1.77e-04 | ETA: 23.5min
[36520/50000] Loss: 1.8336e-02 | PDE: 2.0160e-03 | Holes: 4.3294e-06 | Ext: 5.4817e-04 | ms/ep: 104.4 | LR: 1.77e-04 | ETA: 23.5min
[36530/50000] Loss: 3.6138e-02 | PDE: 1.1880e-02 | Holes: 3.9856e-05 | Ext: 9.3643e-04 | ms/ep: 104.4 | LR: 1.77e-04 | ETA: 23.4min
[36540/50000] Loss: 2.3823e-02 | PDE: 4.5561e-03 | Holes: 1.1618e-05 | Ext: 6.7281e-04 | ms/ep: 104.2 | LR: 1.77e-04 | ETA: 23.4min
[36550/50000] Loss: 2.0428e-02 | PDE: 3.1461e-03 | Holes: 1.2075e-05 | Ext: 5.8382e-04 | ms/ep: 104.4 | LR: 1.76e-04 | ETA: 23.4min
[36560/50000] Loss: 1.8367e-02 | PDE: 2.1592e-03 | Holes: 7.3693e-06 | Ext: 5.4794e-04 | ms/ep: 104.4 | LR: 1.76e-04 | ETA: 23.4min
[36570/50000] Loss: 1.7398e-02 | PDE: 1.7090e-03 | Holes: 4.5594e-06 | Ext: 5.2803e-04 | ms/ep: 104.6 | LR: 1.76e-04 | ETA: 23.4min
[36580/50000] Loss: 1.6969e-02 | PDE: 1.5540e-03 | Holes: 4.0739e-06 | Ext: 5.1135e-04 | ms/ep: 104.4 | LR: 1.76e-04 | ETA: 23.4min
[36590/50000] Loss: 1.6732e-02 | PDE: 1.4735e-03 | Holes: 3.9078e-06 | Ext: 5.0984e-04 | ms/ep: 104.7 | LR: 1.76e-04 | ETA: 23.4min
[36600/50000] Loss: 1.6569e-02 | PDE: 1.4388e-03 | Holes: 3.8059e-06 | Ext: 5.0155e-04 | ms/ep: 104.4 | LR: 1.75e-04 | ETA: 23.3min
[36610/50000] Loss: 1.6456e-02 | PDE: 1.4226e-03 | Holes: 3.7318e-06 | Ext: 4.9774e-04 | ms/ep: 104.5 | LR: 1.75e-04 | ETA: 23.3min
[36620/50000] Loss: 1.6366e-02 | PDE: 1.4082e-03 | Holes: 3.7079e-06 | Ext: 4.9415e-04 | ms/ep: 104.7 | LR: 1.75e-04 | ETA: 23.3min
[36630/50000] Loss: 1.6293e-02 | PDE: 1.3996e-03 | Holes: 3.6907e-06 | Ext: 4.9205e-04 | ms/ep: 104.2 | LR: 1.75e-04 | ETA: 23.2min
[36640/50000] Loss: 1.6231e-02 | PDE: 1.3932e-03 | Holes: 3.6615e-06 | Ext: 4.8974e-04 | ms/ep: 104.5 | LR: 1.74e-04 | ETA: 23.3min
[36650/50000] Loss: 1.6179e-02 | PDE: 1.3882e-03 | Holes: 3.6397e-06 | Ext: 4.8728e-04 | ms/ep: 104.4 | LR: 1.74e-04 | ETA: 23.2min
[36660/50000] Loss: 1.6132e-02 | PDE: 1.3840e-03 | Holes: 3.6215e-06 | Ext: 4.8544e-04 | ms/ep: 104.5 | LR: 1.74e-04 | ETA: 23.2min
[36670/50000] Loss: 1.6098e-02 | PDE: 1.3864e-03 | Holes: 3.6178e-06 | Ext: 4.8173e-04 | ms/ep: 104.5 | LR: 1.74e-04 | ETA: 23.2min
[36680/50000] Loss: 1.8614e-02 | PDE: 2.8604e-03 | Holes: 1.6056e-05 | Ext: 4.4614e-04 | ms/ep: 104.6 | LR: 1.73e-04 | ETA: 23.2min
[36690/50000] Loss: 1.7172e-02 | PDE: 1.8492e-03 | Holes: 1.0149e-05 | Ext: 4.6423e-04 | ms/ep: 104.5 | LR: 1.73e-04 | ETA: 23.2min
[36700/50000] Loss: 1.6151e-02 | PDE: 1.4141e-03 | Holes: 3.9165e-06 | Ext: 4.9821e-04 | ms/ep: 104.4 | LR: 1.73e-04 | ETA: 23.1min
[36710/50000] Loss: 1.6175e-02 | PDE: 1.4284e-03 | Holes: 4.6900e-06 | Ext: 5.0155e-04 | ms/ep: 104.5 | LR: 1.73e-04 | ETA: 23.1min
[36720/50000] Loss: 1.6055e-02 | PDE: 1.3881e-03 | Holes: 4.2115e-06 | Ext: 4.8912e-04 | ms/ep: 104.1 | LR: 1.73e-04 | ETA: 23.0min
[36730/50000] Loss: 1.5987e-02 | PDE: 1.3892e-03 | Holes: 3.6517e-06 | Ext: 4.7901e-04 | ms/ep: 104.6 | LR: 1.72e-04 | ETA: 23.1min
[36740/50000] Loss: 1.5948e-02 | PDE: 1.3770e-03 | Holes: 3.5872e-06 | Ext: 4.8121e-04 | ms/ep: 104.3 | LR: 1.72e-04 | ETA: 23.0min
[36750/50000] Loss: 1.5969e-02 | PDE: 1.4112e-03 | Holes: 3.7881e-06 | Ext: 4.7451e-04 | ms/ep: 104.2 | LR: 1.72e-04 | ETA: 23.0min
[36760/50000] Loss: 1.6798e-02 | PDE: 2.0213e-03 | Holes: 6.9533e-06 | Ext: 4.6207e-04 | ms/ep: 104.2 | LR: 1.72e-04 | ETA: 23.0min
[36770/50000] Loss: 1.6201e-02 | PDE: 1.5236e-03 | Holes: 5.2603e-06 | Ext: 4.9764e-04 | ms/ep: 104.3 | LR: 1.71e-04 | ETA: 23.0min
[36780/50000] Loss: 1.5989e-02 | PDE: 1.4334e-03 | Holes: 3.9700e-06 | Ext: 4.7948e-04 | ms/ep: 104.4 | LR: 1.71e-04 | ETA: 23.0min
[36790/50000] Loss: 1.6294e-02 | PDE: 1.5634e-03 | Holes: 6.1146e-06 | Ext: 5.0253e-04 | ms/ep: 104.3 | LR: 1.71e-04 | ETA: 23.0min
[36800/50000] Loss: 1.5918e-02 | PDE: 1.4079e-03 | Holes: 3.7685e-06 | Ext: 4.7759e-04 | ms/ep: 104.6 | LR: 1.71e-04 | ETA: 23.0min
[36810/50000] Loss: 1.5969e-02 | PDE: 1.4321e-03 | Holes: 4.0640e-06 | Ext: 4.9147e-04 | ms/ep: 104.3 | LR: 1.70e-04 | ETA: 22.9min
[36820/50000] Loss: 1.5835e-02 | PDE: 1.3770e-03 | Holes: 3.5611e-06 | Ext: 4.7275e-04 | ms/ep: 104.5 | LR: 1.70e-04 | ETA: 23.0min
[36830/50000] Loss: 1.7622e-02 | PDE: 2.3440e-03 | Holes: 1.7351e-05 | Ext: 4.8574e-04 | ms/ep: 104.4 | LR: 1.70e-04 | ETA: 22.9min
[36840/50000] Loss: 1.6219e-02 | PDE: 1.6452e-03 | Holes: 4.7016e-06 | Ext: 4.7718e-04 | ms/ep: 104.6 | LR: 1.70e-04 | ETA: 22.9min
[36850/50000] Loss: 1.5911e-02 | PDE: 1.3723e-03 | Holes: 4.5625e-06 | Ext: 4.7820e-04 | ms/ep: 104.5 | LR: 1.70e-04 | ETA: 22.9min
[36860/50000] Loss: 1.5886e-02 | PDE: 1.4287e-03 | Holes: 3.8452e-06 | Ext: 4.8177e-04 | ms/ep: 104.3 | LR: 1.69e-04 | ETA: 22.8min
[36870/50000] Loss: 1.6446e-02 | PDE: 1.7496e-03 | Holes: 8.3801e-06 | Ext: 4.7356e-04 | ms/ep: 104.5 | LR: 1.69e-04 | ETA: 22.9min
[36880/50000] Loss: 1.6113e-02 | PDE: 1.6575e-03 | Holes: 4.2256e-06 | Ext: 4.8410e-04 | ms/ep: 104.5 | LR: 1.69e-04 | ETA: 22.9min
[36890/50000] Loss: 1.5766e-02 | PDE: 1.3686e-03 | Holes: 3.6646e-06 | Ext: 4.7134e-04 | ms/ep: 104.4 | LR: 1.69e-04 | ETA: 22.8min
[36900/50000] Loss: 1.6080e-02 | PDE: 1.6582e-03 | Holes: 4.2328e-06 | Ext: 4.6281e-04 | ms/ep: 104.5 | LR: 1.68e-04 | ETA: 22.8min
[36910/50000] Loss: 1.5875e-02 | PDE: 1.4483e-03 | Holes: 3.9836e-06 | Ext: 4.8029e-04 | ms/ep: 104.3 | LR: 1.68e-04 | ETA: 22.8min
[36920/50000] Loss: 1.6133e-02 | PDE: 1.6104e-03 | Holes: 4.1330e-06 | Ext: 4.5563e-04 | ms/ep: 104.3 | LR: 1.68e-04 | ETA: 22.7min
[36930/50000] Loss: 1.5986e-02 | PDE: 1.5436e-03 | Holes: 4.5051e-06 | Ext: 4.8727e-04 | ms/ep: 104.4 | LR: 1.68e-04 | ETA: 22.8min
[36940/50000] Loss: 1.6286e-02 | PDE: 1.6451e-03 | Holes: 8.2585e-06 | Ext: 4.6570e-04 | ms/ep: 104.6 | LR: 1.68e-04 | ETA: 22.8min
[36950/50000] Loss: 1.5800e-02 | PDE: 1.4173e-03 | Holes: 4.0473e-06 | Ext: 4.8486e-04 | ms/ep: 104.4 | LR: 1.67e-04 | ETA: 22.7min
[36960/50000] Loss: 1.5985e-02 | PDE: 1.6135e-03 | Holes: 4.5252e-06 | Ext: 4.6981e-04 | ms/ep: 104.5 | LR: 1.67e-04 | ETA: 22.7min
[36970/50000] Loss: 1.5760e-02 | PDE: 1.3951e-03 | Holes: 3.9408e-06 | Ext: 4.6783e-04 | ms/ep: 104.6 | LR: 1.67e-04 | ETA: 22.7min
[36980/50000] Loss: 1.5724e-02 | PDE: 1.3671e-03 | Holes: 4.1289e-06 | Ext: 4.7721e-04 | ms/ep: 104.7 | LR: 1.67e-04 | ETA: 22.7min
[36990/50000] Loss: 1.7255e-02 | PDE: 2.2662e-03 | Holes: 1.1021e-05 | Ext: 5.2818e-04 | ms/ep: 104.3 | LR: 1.66e-04 | ETA: 22.6min
[37000/50000] Loss: 1.5772e-02 | PDE: 1.4162e-03 | Holes: 4.5097e-06 | Ext: 4.7454e-04 | ms/ep: 104.3 | LR: 1.66e-04 | ETA: 22.6min
[37010/50000] Loss: 1.5828e-02 | PDE: 1.4802e-03 | Holes: 4.7742e-06 | Ext: 4.6555e-04 | ms/ep: 104.2 | LR: 1.66e-04 | ETA: 22.6min
[37020/50000] Loss: 1.5819e-02 | PDE: 1.4712e-03 | Holes: 4.5433e-06 | Ext: 4.8357e-04 | ms/ep: 104.4 | LR: 1.66e-04 | ETA: 22.6min
[37030/50000] Loss: 1.7564e-02 | PDE: 2.7470e-03 | Holes: 9.6332e-06 | Ext: 5.2083e-04 | ms/ep: 104.5 | LR: 1.65e-04 | ETA: 22.6min
[37040/50000] Loss: 1.6028e-02 | PDE: 1.5864e-03 | Holes: 4.2887e-06 | Ext: 5.0353e-04 | ms/ep: 104.3 | LR: 1.65e-04 | ETA: 22.5min
[37050/50000] Loss: 1.6125e-02 | PDE: 1.5145e-03 | Holes: 8.1651e-06 | Ext: 4.8661e-04 | ms/ep: 104.8 | LR: 1.65e-04 | ETA: 22.6min
[37060/50000] Loss: 1.6125e-02 | PDE: 1.5374e-03 | Holes: 7.7920e-06 | Ext: 4.9869e-04 | ms/ep: 104.5 | LR: 1.65e-04 | ETA: 22.5min
[37070/50000] Loss: 1.5784e-02 | PDE: 1.4562e-03 | Holes: 4.8740e-06 | Ext: 4.5710e-04 | ms/ep: 104.7 | LR: 1.65e-04 | ETA: 22.6min
[37080/50000] Loss: 1.5658e-02 | PDE: 1.4142e-03 | Holes: 3.5862e-06 | Ext: 4.8209e-04 | ms/ep: 104.2 | LR: 1.64e-04 | ETA: 22.4min
[37090/50000] Loss: 1.5951e-02 | PDE: 1.5463e-03 | Holes: 6.2060e-06 | Ext: 4.8341e-04 | ms/ep: 104.4 | LR: 1.64e-04 | ETA: 22.5min
[37100/50000] Loss: 1.5867e-02 | PDE: 1.4773e-03 | Holes: 4.7362e-06 | Ext: 4.5325e-04 | ms/ep: 104.5 | LR: 1.64e-04 | ETA: 22.5min
[37110/50000] Loss: 1.7027e-02 | PDE: 2.4254e-03 | Holes: 8.7107e-06 | Ext: 4.9475e-04 | ms/ep: 104.3 | LR: 1.64e-04 | ETA: 22.4min
[37120/50000] Loss: 1.6156e-02 | PDE: 1.7678e-03 | Holes: 4.9174e-06 | Ext: 4.5779e-04 | ms/ep: 104.7 | LR: 1.63e-04 | ETA: 22.5min
[37130/50000] Loss: 1.5718e-02 | PDE: 1.4527e-03 | Holes: 5.2888e-06 | Ext: 4.6061e-04 | ms/ep: 104.6 | LR: 1.63e-04 | ETA: 22.4min
[37140/50000] Loss: 1.5764e-02 | PDE: 1.4346e-03 | Holes: 5.6638e-06 | Ext: 4.6741e-04 | ms/ep: 104.4 | LR: 1.63e-04 | ETA: 22.4min
[37150/50000] Loss: 1.5596e-02 | PDE: 1.4032e-03 | Holes: 3.9698e-06 | Ext: 4.6570e-04 | ms/ep: 104.5 | LR: 1.63e-04 | ETA: 22.4min
[37160/50000] Loss: 1.7841e-02 | PDE: 3.2056e-03 | Holes: 7.0264e-06 | Ext: 5.2220e-04 | ms/ep: 104.4 | LR: 1.63e-04 | ETA: 22.3min
[37170/50000] Loss: 1.6367e-02 | PDE: 1.8316e-03 | Holes: 9.5214e-06 | Ext: 4.8004e-04 | ms/ep: 104.4 | LR: 1.62e-04 | ETA: 22.3min
[37180/50000] Loss: 1.6071e-02 | PDE: 1.7941e-03 | Holes: 4.5216e-06 | Ext: 4.4999e-04 | ms/ep: 104.5 | LR: 1.62e-04 | ETA: 22.3min
[37190/50000] Loss: 1.6033e-02 | PDE: 1.6298e-03 | Holes: 6.5416e-06 | Ext: 4.5490e-04 | ms/ep: 104.5 | LR: 1.62e-04 | ETA: 22.3min
[37200/50000] Loss: 1.6481e-02 | PDE: 1.7938e-03 | Holes: 6.6260e-06 | Ext: 5.1981e-04 | ms/ep: 104.5 | LR: 1.62e-04 | ETA: 22.3min
[37210/50000] Loss: 1.6759e-02 | PDE: 1.8687e-03 | Holes: 1.6911e-05 | Ext: 4.8345e-04 | ms/ep: 104.1 | LR: 1.61e-04 | ETA: 22.2min
[37220/50000] Loss: 1.6155e-02 | PDE: 1.6062e-03 | Holes: 1.0522e-05 | Ext: 4.7482e-04 | ms/ep: 104.5 | LR: 1.61e-04 | ETA: 22.3min
[37230/50000] Loss: 1.6005e-02 | PDE: 1.7307e-03 | Holes: 5.5214e-06 | Ext: 4.5670e-04 | ms/ep: 104.5 | LR: 1.61e-04 | ETA: 22.2min
[37240/50000] Loss: 1.5956e-02 | PDE: 1.5206e-03 | Holes: 8.5724e-06 | Ext: 4.6504e-04 | ms/ep: 104.3 | LR: 1.61e-04 | ETA: 22.2min
[37250/50000] Loss: 1.6161e-02 | PDE: 1.5976e-03 | Holes: 1.0262e-05 | Ext: 4.9541e-04 | ms/ep: 104.3 | LR: 1.61e-04 | ETA: 22.2min
[37260/50000] Loss: 1.5638e-02 | PDE: 1.4851e-03 | Holes: 4.2580e-06 | Ext: 4.4559e-04 | ms/ep: 104.3 | LR: 1.60e-04 | ETA: 22.1min
[37270/50000] Loss: 1.5863e-02 | PDE: 1.6196e-03 | Holes: 4.9877e-06 | Ext: 4.9369e-04 | ms/ep: 104.3 | LR: 1.60e-04 | ETA: 22.1min
[37280/50000] Loss: 1.5476e-02 | PDE: 1.4031e-03 | Holes: 4.1119e-06 | Ext: 4.6117e-04 | ms/ep: 104.5 | LR: 1.60e-04 | ETA: 22.1min
[37290/50000] Loss: 1.5628e-02 | PDE: 1.4494e-03 | Holes: 5.1123e-06 | Ext: 4.8454e-04 | ms/ep: 104.4 | LR: 1.60e-04 | ETA: 22.1min
[37300/50000] Loss: 1.5374e-02 | PDE: 1.3501e-03 | Holes: 3.6593e-06 | Ext: 4.5701e-04 | ms/ep: 104.5 | LR: 1.59e-04 | ETA: 22.1min
[37310/50000] Loss: 1.5327e-02 | PDE: 1.3250e-03 | Holes: 3.4998e-06 | Ext: 4.6318e-04 | ms/ep: 104.4 | LR: 1.59e-04 | ETA: 22.1min
[37320/50000] Loss: 1.6789e-02 | PDE: 1.7144e-03 | Holes: 1.3892e-05 | Ext: 5.2652e-04 | ms/ep: 104.4 | LR: 1.59e-04 | ETA: 22.1min
[37330/50000] Loss: 1.6588e-02 | PDE: 2.0050e-03 | Holes: 9.1448e-06 | Ext: 4.3418e-04 | ms/ep: 104.4 | LR: 1.59e-04 | ETA: 22.0min
[37340/50000] Loss: 1.6016e-02 | PDE: 1.5946e-03 | Holes: 7.3124e-06 | Ext: 5.0774e-04 | ms/ep: 104.4 | LR: 1.59e-04 | ETA: 22.0min
[37350/50000] Loss: 1.6023e-02 | PDE: 1.6165e-03 | Holes: 8.2031e-06 | Ext: 4.9463e-04 | ms/ep: 104.4 | LR: 1.58e-04 | ETA: 22.0min
[37360/50000] Loss: 1.5485e-02 | PDE: 1.4055e-03 | Holes: 4.3424e-06 | Ext: 4.7860e-04 | ms/ep: 104.3 | LR: 1.58e-04 | ETA: 22.0min
[37370/50000] Loss: 1.5761e-02 | PDE: 1.5299e-03 | Holes: 7.9545e-06 | Ext: 4.7058e-04 | ms/ep: 104.6 | LR: 1.58e-04 | ETA: 22.0min
[37380/50000] Loss: 1.5380e-02 | PDE: 1.3930e-03 | Holes: 4.0232e-06 | Ext: 4.5658e-04 | ms/ep: 104.4 | LR: 1.58e-04 | ETA: 22.0min
[37390/50000] Loss: 1.6009e-02 | PDE: 1.7740e-03 | Holes: 6.3718e-06 | Ext: 4.9134e-04 | ms/ep: 104.4 | LR: 1.57e-04 | ETA: 21.9min
[37400/50000] Loss: 1.6119e-02 | PDE: 1.7258e-03 | Holes: 8.1285e-06 | Ext: 4.3342e-04 | ms/ep: 104.6 | LR: 1.57e-04 | ETA: 22.0min
[37410/50000] Loss: 1.6589e-02 | PDE: 1.6872e-03 | Holes: 1.8180e-05 | Ext: 4.5699e-04 | ms/ep: 104.4 | LR: 1.57e-04 | ETA: 21.9min
[37420/50000] Loss: 1.6499e-02 | PDE: 2.0217e-03 | Holes: 6.3942e-06 | Ext: 4.3072e-04 | ms/ep: 104.6 | LR: 1.57e-04 | ETA: 21.9min
[37430/50000] Loss: 1.5823e-02 | PDE: 1.4681e-03 | Holes: 9.4058e-06 | Ext: 4.6425e-04 | ms/ep: 104.3 | LR: 1.57e-04 | ETA: 21.9min
[37440/50000] Loss: 1.6059e-02 | PDE: 1.7007e-03 | Holes: 1.0045e-05 | Ext: 4.4167e-04 | ms/ep: 104.4 | LR: 1.56e-04 | ETA: 21.9min
[37450/50000] Loss: 1.5404e-02 | PDE: 1.4156e-03 | Holes: 3.9489e-06 | Ext: 4.7063e-04 | ms/ep: 104.3 | LR: 1.56e-04 | ETA: 21.8min
[37460/50000] Loss: 1.5516e-02 | PDE: 1.5218e-03 | Holes: 4.6164e-06 | Ext: 4.5682e-04 | ms/ep: 104.4 | LR: 1.56e-04 | ETA: 21.8min
[37470/50000] Loss: 1.5353e-02 | PDE: 1.4543e-03 | Holes: 3.8758e-06 | Ext: 4.5554e-04 | ms/ep: 104.4 | LR: 1.56e-04 | ETA: 21.8min
[37480/50000] Loss: 1.6428e-02 | PDE: 2.0116e-03 | Holes: 5.5368e-06 | Ext: 4.2101e-04 | ms/ep: 104.2 | LR: 1.55e-04 | ETA: 21.7min
[37490/50000] Loss: 1.7344e-02 | PDE: 2.5736e-03 | Holes: 1.5911e-05 | Ext: 4.9876e-04 | ms/ep: 104.5 | LR: 1.55e-04 | ETA: 21.8min
[37500/50000] Loss: 1.5833e-02 | PDE: 1.5169e-03 | Holes: 9.7811e-06 | Ext: 4.5411e-04 | ms/ep: 104.5 | LR: 1.55e-04 | ETA: 21.8min
[37510/50000] Loss: 1.5393e-02 | PDE: 1.4423e-03 | Holes: 4.2333e-06 | Ext: 4.4058e-04 | ms/ep: 104.5 | LR: 1.55e-04 | ETA: 21.7min
[37520/50000] Loss: 1.5998e-02 | PDE: 1.5063e-03 | Holes: 1.2026e-05 | Ext: 4.7465e-04 | ms/ep: 104.4 | LR: 1.55e-04 | ETA: 21.7min
[37530/50000] Loss: 1.5523e-02 | PDE: 1.5171e-03 | Holes: 6.1630e-06 | Ext: 4.5505e-04 | ms/ep: 104.4 | LR: 1.54e-04 | ETA: 21.7min
[37540/50000] Loss: 1.5697e-02 | PDE: 1.5271e-03 | Holes: 7.7013e-06 | Ext: 4.4436e-04 | ms/ep: 104.4 | LR: 1.54e-04 | ETA: 21.7min
[37550/50000] Loss: 1.5704e-02 | PDE: 1.5807e-03 | Holes: 6.9818e-06 | Ext: 4.7549e-04 | ms/ep: 104.4 | LR: 1.54e-04 | ETA: 21.7min
[37560/50000] Loss: 1.5491e-02 | PDE: 1.5820e-03 | Holes: 3.8613e-06 | Ext: 4.3573e-04 | ms/ep: 104.1 | LR: 1.54e-04 | ETA: 21.6min
[37570/50000] Loss: 1.6173e-02 | PDE: 2.0221e-03 | Holes: 7.3604e-06 | Ext: 4.8639e-04 | ms/ep: 104.1 | LR: 1.53e-04 | ETA: 21.6min
[37580/50000] Loss: 1.5147e-02 | PDE: 1.3390e-03 | Holes: 3.7929e-06 | Ext: 4.4763e-04 | ms/ep: 104.7 | LR: 1.53e-04 | ETA: 21.7min
[37590/50000] Loss: 1.6863e-02 | PDE: 2.3228e-03 | Holes: 1.4251e-05 | Ext: 4.2554e-04 | ms/ep: 104.5 | LR: 1.53e-04 | ETA: 21.6min
[37600/50000] Loss: 1.6068e-02 | PDE: 1.9570e-03 | Holes: 5.7028e-06 | Ext: 4.3578e-04 | ms/ep: 104.7 | LR: 1.53e-04 | ETA: 21.6min
[37610/50000] Loss: 1.5506e-02 | PDE: 1.4478e-03 | Holes: 7.0770e-06 | Ext: 4.5097e-04 | ms/ep: 104.3 | LR: 1.53e-04 | ETA: 21.5min
[37620/50000] Loss: 1.5480e-02 | PDE: 1.5619e-03 | Holes: 5.4179e-06 | Ext: 4.3220e-04 | ms/ep: 104.7 | LR: 1.52e-04 | ETA: 21.6min
[37630/50000] Loss: 1.5198e-02 | PDE: 1.3964e-03 | Holes: 3.8695e-06 | Ext: 4.6780e-04 | ms/ep: 104.4 | LR: 1.52e-04 | ETA: 21.5min
[37640/50000] Loss: 1.5131e-02 | PDE: 1.3643e-03 | Holes: 3.8679e-06 | Ext: 4.4241e-04 | ms/ep: 104.5 | LR: 1.52e-04 | ETA: 21.5min
[37650/50000] Loss: 1.7295e-02 | PDE: 2.6207e-03 | Holes: 1.1678e-05 | Ext: 4.1124e-04 | ms/ep: 104.4 | LR: 1.52e-04 | ETA: 21.5min
[37660/50000] Loss: 1.5982e-02 | PDE: 1.9024e-03 | Holes: 8.2388e-06 | Ext: 4.7565e-04 | ms/ep: 104.5 | LR: 1.51e-04 | ETA: 21.5min
[37670/50000] Loss: 1.5485e-02 | PDE: 1.4736e-03 | Holes: 6.5148e-06 | Ext: 4.4702e-04 | ms/ep: 104.6 | LR: 1.51e-04 | ETA: 21.5min
[37680/50000] Loss: 1.5475e-02 | PDE: 1.4921e-03 | Holes: 6.7531e-06 | Ext: 4.5971e-04 | ms/ep: 104.3 | LR: 1.51e-04 | ETA: 21.4min
[37690/50000] Loss: 1.5147e-02 | PDE: 1.3316e-03 | Holes: 4.9064e-06 | Ext: 4.6249e-04 | ms/ep: 104.6 | LR: 1.51e-04 | ETA: 21.5min
[37700/50000] Loss: 1.4988e-02 | PDE: 1.3115e-03 | Holes: 3.4658e-06 | Ext: 4.4497e-04 | ms/ep: 104.5 | LR: 1.51e-04 | ETA: 21.4min
[37710/50000] Loss: 1.5783e-02 | PDE: 1.6214e-03 | Holes: 1.1447e-05 | Ext: 4.5298e-04 | ms/ep: 104.5 | LR: 1.50e-04 | ETA: 21.4min
[37720/50000] Loss: 1.6126e-02 | PDE: 1.6020e-03 | Holes: 1.7222e-05 | Ext: 4.7130e-04 | ms/ep: 104.4 | LR: 1.50e-04 | ETA: 21.4min
[37730/50000] Loss: 1.5926e-02 | PDE: 1.6782e-03 | Holes: 1.1514e-05 | Ext: 4.4126e-04 | ms/ep: 104.2 | LR: 1.50e-04 | ETA: 21.3min
[37740/50000] Loss: 1.5590e-02 | PDE: 1.5325e-03 | Holes: 7.0086e-06 | Ext: 4.8061e-04 | ms/ep: 104.6 | LR: 1.50e-04 | ETA: 21.4min
[37750/50000] Loss: 1.5911e-02 | PDE: 2.0859e-03 | Holes: 5.6416e-06 | Ext: 4.6137e-04 | ms/ep: 104.3 | LR: 1.50e-04 | ETA: 21.3min
[37760/50000] Loss: 1.5582e-02 | PDE: 1.5965e-03 | Holes: 7.2760e-06 | Ext: 4.7351e-04 | ms/ep: 104.3 | LR: 1.49e-04 | ETA: 21.3min
[37770/50000] Loss: 1.5166e-02 | PDE: 1.3931e-03 | Holes: 5.0182e-06 | Ext: 4.4940e-04 | ms/ep: 104.4 | LR: 1.49e-04 | ETA: 21.3min
[37780/50000] Loss: 1.5036e-02 | PDE: 1.3440e-03 | Holes: 4.1831e-06 | Ext: 4.5543e-04 | ms/ep: 104.3 | LR: 1.49e-04 | ETA: 21.2min
[37790/50000] Loss: 1.5172e-02 | PDE: 1.5225e-03 | Holes: 4.3243e-06 | Ext: 4.4833e-04 | ms/ep: 104.4 | LR: 1.49e-04 | ETA: 21.2min
[37800/50000] Loss: 1.5155e-02 | PDE: 1.4436e-03 | Holes: 4.6518e-06 | Ext: 4.6208e-04 | ms/ep: 104.7 | LR: 1.48e-04 | ETA: 21.3min
[37810/50000] Loss: 1.5102e-02 | PDE: 1.4382e-03 | Holes: 4.8688e-06 | Ext: 4.4065e-04 | ms/ep: 104.5 | LR: 1.48e-04 | ETA: 21.2min
[37820/50000] Loss: 1.5096e-02 | PDE: 1.4388e-03 | Holes: 4.4489e-06 | Ext: 4.5472e-04 | ms/ep: 104.3 | LR: 1.48e-04 | ETA: 21.2min
[37830/50000] Loss: 1.4968e-02 | PDE: 1.3893e-03 | Holes: 3.9126e-06 | Ext: 4.4233e-04 | ms/ep: 104.5 | LR: 1.48e-04 | ETA: 21.2min
[37840/50000] Loss: 3.0941e-02 | PDE: 7.6763e-03 | Holes: 1.0046e-05 | Ext: 3.9845e-04 | ms/ep: 104.4 | LR: 1.48e-04 | ETA: 21.2min
[37850/50000] Loss: 2.4537e-02 | PDE: 5.5080e-03 | Holes: 3.4401e-05 | Ext: 6.1359e-04 | ms/ep: 104.4 | LR: 1.47e-04 | ETA: 21.1min
[37860/50000] Loss: 2.8874e-02 | PDE: 8.3825e-03 | Holes: 5.4621e-05 | Ext: 4.6868e-04 | ms/ep: 104.4 | LR: 1.47e-04 | ETA: 21.1min
[37870/50000] Loss: 2.1542e-02 | PDE: 3.3103e-03 | Holes: 3.8862e-05 | Ext: 5.8288e-04 | ms/ep: 104.3 | LR: 1.47e-04 | ETA: 21.1min
[37880/50000] Loss: 1.7926e-02 | PDE: 3.0632e-03 | Holes: 9.7622e-06 | Ext: 4.9133e-04 | ms/ep: 104.3 | LR: 1.47e-04 | ETA: 21.1min
[37890/50000] Loss: 1.5962e-02 | PDE: 1.8099e-03 | Holes: 4.8523e-06 | Ext: 4.7354e-04 | ms/ep: 104.4 | LR: 1.47e-04 | ETA: 21.1min
[37900/50000] Loss: 1.5336e-02 | PDE: 1.4459e-03 | Holes: 4.5269e-06 | Ext: 4.5898e-04 | ms/ep: 104.6 | LR: 1.46e-04 | ETA: 21.1min
[37910/50000] Loss: 1.5129e-02 | PDE: 1.3653e-03 | Holes: 3.7188e-06 | Ext: 4.5495e-04 | ms/ep: 104.3 | LR: 1.46e-04 | ETA: 21.0min
[37920/50000] Loss: 1.5033e-02 | PDE: 1.3189e-03 | Holes: 3.6816e-06 | Ext: 4.5577e-04 | ms/ep: 104.3 | LR: 1.46e-04 | ETA: 21.0min
[37930/50000] Loss: 1.4950e-02 | PDE: 1.2995e-03 | Holes: 3.3937e-06 | Ext: 4.4894e-04 | ms/ep: 104.4 | LR: 1.46e-04 | ETA: 21.0min
[37940/50000] Loss: 1.4905e-02 | PDE: 1.2893e-03 | Holes: 3.3713e-06 | Ext: 4.4671e-04 | ms/ep: 104.6 | LR: 1.45e-04 | ETA: 21.0min
[37950/50000] Loss: 1.4870e-02 | PDE: 1.2842e-03 | Holes: 3.3330e-06 | Ext: 4.4429e-04 | ms/ep: 104.5 | LR: 1.45e-04 | ETA: 21.0min
[37960/50000] Loss: 1.4843e-02 | PDE: 1.2815e-03 | Holes: 3.3173e-06 | Ext: 4.4317e-04 | ms/ep: 104.4 | LR: 1.45e-04 | ETA: 21.0min
[37970/50000] Loss: 1.4821e-02 | PDE: 1.2811e-03 | Holes: 3.3171e-06 | Ext: 4.4056e-04 | ms/ep: 104.4 | LR: 1.45e-04 | ETA: 20.9min
[37980/50000] Loss: 1.6341e-02 | PDE: 2.4665e-03 | Holes: 7.8669e-06 | Ext: 4.1513e-04 | ms/ep: 104.6 | LR: 1.45e-04 | ETA: 20.9min
[37990/50000] Loss: 1.5413e-02 | PDE: 1.5870e-03 | Holes: 6.3110e-06 | Ext: 4.3611e-04 | ms/ep: 104.5 | LR: 1.44e-04 | ETA: 20.9min
[38000/50000] Loss: 1.5341e-02 | PDE: 1.4790e-03 | Holes: 6.6777e-06 | Ext: 4.3211e-04 | ms/ep: 104.4 | LR: 1.44e-04 | ETA: 20.9min
[38010/50000] Loss: 1.4865e-02 | PDE: 1.3020e-03 | Holes: 3.9040e-06 | Ext: 4.4238e-04 | ms/ep: 104.5 | LR: 1.44e-04 | ETA: 20.9min
[38020/50000] Loss: 1.4817e-02 | PDE: 1.3031e-03 | Holes: 3.5314e-06 | Ext: 4.4090e-04 | ms/ep: 104.4 | LR: 1.44e-04 | ETA: 20.8min
[38030/50000] Loss: 1.4767e-02 | PDE: 1.2840e-03 | Holes: 3.3406e-06 | Ext: 4.4071e-04 | ms/ep: 104.3 | LR: 1.44e-04 | ETA: 20.8min
[38040/50000] Loss: 1.4778e-02 | PDE: 1.3064e-03 | Holes: 3.4329e-06 | Ext: 4.3392e-04 | ms/ep: 104.3 | LR: 1.43e-04 | ETA: 20.8min
[38050/50000] Loss: 1.5085e-02 | PDE: 1.5473e-03 | Holes: 4.4621e-06 | Ext: 4.2563e-04 | ms/ep: 104.4 | LR: 1.43e-04 | ETA: 20.8min
[38060/50000] Loss: 1.4767e-02 | PDE: 1.3021e-03 | Holes: 3.4645e-06 | Ext: 4.4172e-04 | ms/ep: 104.3 | LR: 1.43e-04 | ETA: 20.8min
[38070/50000] Loss: 1.4785e-02 | PDE: 1.3284e-03 | Holes: 3.4189e-06 | Ext: 4.4316e-04 | ms/ep: 104.4 | LR: 1.43e-04 | ETA: 20.8min
[38080/50000] Loss: 1.4728e-02 | PDE: 1.2948e-03 | Holes: 3.3965e-06 | Ext: 4.3493e-04 | ms/ep: 104.4 | LR: 1.42e-04 | ETA: 20.7min
[38090/50000] Loss: 1.5367e-02 | PDE: 1.6454e-03 | Holes: 7.7164e-06 | Ext: 4.4500e-04 | ms/ep: 104.1 | LR: 1.42e-04 | ETA: 20.7min
[38100/50000] Loss: 1.5077e-02 | PDE: 1.4685e-03 | Holes: 5.7975e-06 | Ext: 4.5058e-04 | ms/ep: 104.6 | LR: 1.42e-04 | ETA: 20.7min
[38110/50000] Loss: 1.4846e-02 | PDE: 1.3953e-03 | Holes: 3.8737e-06 | Ext: 4.3609e-04 | ms/ep: 104.4 | LR: 1.42e-04 | ETA: 20.7min
[38120/50000] Loss: 1.4824e-02 | PDE: 1.3959e-03 | Holes: 3.6264e-06 | Ext: 4.4350e-04 | ms/ep: 104.4 | LR: 1.42e-04 | ETA: 20.7min
[38130/50000] Loss: 1.5566e-02 | PDE: 1.7583e-03 | Holes: 8.9256e-06 | Ext: 4.1781e-04 | ms/ep: 104.5 | LR: 1.41e-04 | ETA: 20.7min
[38140/50000] Loss: 1.4978e-02 | PDE: 1.4701e-03 | Holes: 4.8613e-06 | Ext: 4.4739e-04 | ms/ep: 104.4 | LR: 1.41e-04 | ETA: 20.6min
[38150/50000] Loss: 1.4785e-02 | PDE: 1.3391e-03 | Holes: 3.9672e-06 | Ext: 4.3919e-04 | ms/ep: 104.4 | LR: 1.41e-04 | ETA: 20.6min
[38160/50000] Loss: 1.4686e-02 | PDE: 1.3015e-03 | Holes: 3.5220e-06 | Ext: 4.3677e-04 | ms/ep: 104.3 | LR: 1.41e-04 | ETA: 20.6min
[38170/50000] Loss: 1.4630e-02 | PDE: 1.2728e-03 | Holes: 3.3091e-06 | Ext: 4.4097e-04 | ms/ep: 104.7 | LR: 1.41e-04 | ETA: 20.6min
[38180/50000] Loss: 1.5535e-02 | PDE: 1.8897e-03 | Holes: 8.1224e-06 | Ext: 4.4609e-04 | ms/ep: 104.2 | LR: 1.40e-04 | ETA: 20.5min
[38190/50000] Loss: 1.5229e-02 | PDE: 1.6678e-03 | Holes: 6.7114e-06 | Ext: 4.2123e-04 | ms/ep: 104.4 | LR: 1.40e-04 | ETA: 20.5min
[38200/50000] Loss: 1.4904e-02 | PDE: 1.4346e-03 | Holes: 4.8305e-06 | Ext: 4.5521e-04 | ms/ep: 104.4 | LR: 1.40e-04 | ETA: 20.5min
[38210/50000] Loss: 1.4725e-02 | PDE: 1.3353e-03 | Holes: 4.3940e-06 | Ext: 4.3085e-04 | ms/ep: 104.4 | LR: 1.40e-04 | ETA: 20.5min
[38220/50000] Loss: 1.4650e-02 | PDE: 1.3150e-03 | Holes: 3.7048e-06 | Ext: 4.3870e-04 | ms/ep: 104.5 | LR: 1.40e-04 | ETA: 20.5min
[38230/50000] Loss: 1.5944e-02 | PDE: 1.9457e-03 | Holes: 1.1137e-05 | Ext: 4.8451e-04 | ms/ep: 104.3 | LR: 1.39e-04 | ETA: 20.5min
[38240/50000] Loss: 1.5120e-02 | PDE: 1.5719e-03 | Holes: 6.3016e-06 | Ext: 4.4185e-04 | ms/ep: 104.7 | LR: 1.39e-04 | ETA: 20.5min
[38250/50000] Loss: 1.4676e-02 | PDE: 1.3297e-03 | Holes: 3.8113e-06 | Ext: 4.4028e-04 | ms/ep: 104.3 | LR: 1.39e-04 | ETA: 20.4min
[38260/50000] Loss: 1.4731e-02 | PDE: 1.3890e-03 | Holes: 3.9857e-06 | Ext: 4.2136e-04 | ms/ep: 104.6 | LR: 1.39e-04 | ETA: 20.5min
[38270/50000] Loss: 1.4535e-02 | PDE: 1.2599e-03 | Holes: 3.2830e-06 | Ext: 4.3509e-04 | ms/ep: 104.4 | LR: 1.38e-04 | ETA: 20.4min
[38280/50000] Loss: 1.4678e-02 | PDE: 1.3527e-03 | Holes: 4.0138e-06 | Ext: 4.4200e-04 | ms/ep: 104.5 | LR: 1.38e-04 | ETA: 20.4min
[38290/50000] Loss: 1.6226e-02 | PDE: 2.4341e-03 | Holes: 9.4397e-06 | Ext: 4.5893e-04 | ms/ep: 104.4 | LR: 1.38e-04 | ETA: 20.4min
[38300/50000] Loss: 5.1064e-02 | PDE: 1.7708e-02 | Holes: 1.3934e-04 | Ext: 1.1686e-03 | ms/ep: 104.4 | LR: 1.38e-04 | ETA: 20.4min
[38310/50000] Loss: 2.3692e-02 | PDE: 7.0611e-03 | Holes: 2.5676e-05 | Ext: 5.9877e-04 | ms/ep: 104.6 | LR: 1.38e-04 | ETA: 20.4min
[38320/50000] Loss: 1.7460e-02 | PDE: 2.8481e-03 | Holes: 1.6162e-05 | Ext: 4.9444e-04 | ms/ep: 104.2 | LR: 1.37e-04 | ETA: 20.3min
[38330/50000] Loss: 1.5904e-02 | PDE: 1.8638e-03 | Holes: 1.0246e-05 | Ext: 4.4180e-04 | ms/ep: 104.4 | LR: 1.37e-04 | ETA: 20.3min
[38340/50000] Loss: 1.5713e-02 | PDE: 1.5423e-03 | Holes: 1.3824e-05 | Ext: 4.6332e-04 | ms/ep: 104.6 | LR: 1.37e-04 | ETA: 20.3min
[38350/50000] Loss: 1.5131e-02 | PDE: 1.5443e-03 | Holes: 6.1580e-06 | Ext: 4.5339e-04 | ms/ep: 104.6 | LR: 1.37e-04 | ETA: 20.3min
[38360/50000] Loss: 1.4643e-02 | PDE: 1.3174e-03 | Holes: 3.4494e-06 | Ext: 4.3831e-04 | ms/ep: 104.4 | LR: 1.37e-04 | ETA: 20.2min
[38370/50000] Loss: 1.4552e-02 | PDE: 1.2621e-03 | Holes: 3.3332e-06 | Ext: 4.3272e-04 | ms/ep: 104.5 | LR: 1.36e-04 | ETA: 20.3min
[38380/50000] Loss: 1.4712e-02 | PDE: 1.3650e-03 | Holes: 4.5235e-06 | Ext: 4.2638e-04 | ms/ep: 104.4 | LR: 1.36e-04 | ETA: 20.2min
[38390/50000] Loss: 1.4549e-02 | PDE: 1.2813e-03 | Holes: 3.3662e-06 | Ext: 4.4024e-04 | ms/ep: 104.4 | LR: 1.36e-04 | ETA: 20.2min
[38400/50000] Loss: 1.4833e-02 | PDE: 1.5006e-03 | Holes: 4.7198e-06 | Ext: 4.1805e-04 | ms/ep: 104.6 | LR: 1.36e-04 | ETA: 20.2min
[38410/50000] Loss: 1.4548e-02 | PDE: 1.3080e-03 | Holes: 3.4926e-06 | Ext: 4.3425e-04 | ms/ep: 104.3 | LR: 1.36e-04 | ETA: 20.2min
[38420/50000] Loss: 1.4804e-02 | PDE: 1.4572e-03 | Holes: 4.3138e-06 | Ext: 4.5302e-04 | ms/ep: 104.5 | LR: 1.35e-04 | ETA: 20.2min
[38430/50000] Loss: 1.4515e-02 | PDE: 1.2986e-03 | Holes: 3.4791e-06 | Ext: 4.2473e-04 | ms/ep: 104.4 | LR: 1.35e-04 | ETA: 20.1min
[38440/50000] Loss: 1.4560e-02 | PDE: 1.3543e-03 | Holes: 3.4170e-06 | Ext: 4.2400e-04 | ms/ep: 104.5 | LR: 1.35e-04 | ETA: 20.1min
[38450/50000] Loss: 1.4465e-02 | PDE: 1.2802e-03 | Holes: 3.3296e-06 | Ext: 4.3135e-04 | ms/ep: 104.6 | LR: 1.35e-04 | ETA: 20.1min
[38460/50000] Loss: 1.5395e-02 | PDE: 1.9525e-03 | Holes: 7.3450e-06 | Ext: 4.1071e-04 | ms/ep: 104.4 | LR: 1.35e-04 | ETA: 20.1min
[38470/50000] Loss: 1.5792e-02 | PDE: 2.2096e-03 | Holes: 8.3726e-06 | Ext: 4.4164e-04 | ms/ep: 104.6 | LR: 1.34e-04 | ETA: 20.1min
[38480/50000] Loss: 1.4693e-02 | PDE: 1.3224e-03 | Holes: 5.3814e-06 | Ext: 4.4720e-04 | ms/ep: 104.2 | LR: 1.34e-04 | ETA: 20.0min
[38490/50000] Loss: 1.4768e-02 | PDE: 1.3746e-03 | Holes: 6.0795e-06 | Ext: 4.4485e-04 | ms/ep: 104.4 | LR: 1.34e-04 | ETA: 20.0min
[38500/50000] Loss: 1.4522e-02 | PDE: 1.2962e-03 | Holes: 4.2824e-06 | Ext: 4.3017e-04 | ms/ep: 104.4 | LR: 1.34e-04 | ETA: 20.0min
[38510/50000] Loss: 1.4434e-02 | PDE: 1.2655e-03 | Holes: 3.3040e-06 | Ext: 4.3853e-04 | ms/ep: 104.3 | LR: 1.33e-04 | ETA: 20.0min
[38520/50000] Loss: 1.4438e-02 | PDE: 1.2632e-03 | Holes: 3.7697e-06 | Ext: 4.3361e-04 | ms/ep: 104.6 | LR: 1.33e-04 | ETA: 20.0min
[38530/50000] Loss: 1.4411e-02 | PDE: 1.2743e-03 | Holes: 3.5411e-06 | Ext: 4.2298e-04 | ms/ep: 104.3 | LR: 1.33e-04 | ETA: 19.9min
[38540/50000] Loss: 1.4782e-02 | PDE: 1.5739e-03 | Holes: 4.2805e-06 | Ext: 4.1428e-04 | ms/ep: 104.5 | LR: 1.33e-04 | ETA: 20.0min
[38550/50000] Loss: 1.4591e-02 | PDE: 1.3706e-03 | Holes: 4.5059e-06 | Ext: 4.4206e-04 | ms/ep: 104.4 | LR: 1.33e-04 | ETA: 19.9min
[38560/50000] Loss: 1.4546e-02 | PDE: 1.3472e-03 | Holes: 4.6105e-06 | Ext: 4.2124e-04 | ms/ep: 104.5 | LR: 1.32e-04 | ETA: 19.9min
[38570/50000] Loss: 1.4354e-02 | PDE: 1.2574e-03 | Holes: 3.2441e-06 | Ext: 4.2539e-04 | ms/ep: 104.5 | LR: 1.32e-04 | ETA: 19.9min
[38580/50000] Loss: 1.4372e-02 | PDE: 1.2778e-03 | Holes: 3.3645e-06 | Ext: 4.3068e-04 | ms/ep: 104.7 | LR: 1.32e-04 | ETA: 19.9min
[38590/50000] Loss: 1.4551e-02 | PDE: 1.2938e-03 | Holes: 5.5138e-06 | Ext: 4.2971e-04 | ms/ep: 104.2 | LR: 1.32e-04 | ETA: 19.8min
[38600/50000] Loss: 1.4614e-02 | PDE: 1.4772e-03 | Holes: 3.7567e-06 | Ext: 4.2136e-04 | ms/ep: 104.6 | LR: 1.32e-04 | ETA: 19.9min
[38610/50000] Loss: 1.4412e-02 | PDE: 1.3106e-03 | Holes: 3.5865e-06 | Ext: 4.2249e-04 | ms/ep: 104.3 | LR: 1.31e-04 | ETA: 19.8min
[38620/50000] Loss: 1.4354e-02 | PDE: 1.2781e-03 | Holes: 3.5069e-06 | Ext: 4.2812e-04 | ms/ep: 104.3 | LR: 1.31e-04 | ETA: 19.8min
[38630/50000] Loss: 1.4674e-02 | PDE: 1.4491e-03 | Holes: 5.2529e-06 | Ext: 4.4521e-04 | ms/ep: 104.7 | LR: 1.31e-04 | ETA: 19.8min
[38640/50000] Loss: 1.4386e-02 | PDE: 1.3182e-03 | Holes: 3.6068e-06 | Ext: 4.2158e-04 | ms/ep: 104.4 | LR: 1.31e-04 | ETA: 19.8min
[38650/50000] Loss: 1.4337e-02 | PDE: 1.2914e-03 | Holes: 3.3180e-06 | Ext: 4.2032e-04 | ms/ep: 104.5 | LR: 1.31e-04 | ETA: 19.8min
[38660/50000] Loss: 1.4671e-02 | PDE: 1.4966e-03 | Holes: 4.6607e-06 | Ext: 4.4496e-04 | ms/ep: 104.4 | LR: 1.30e-04 | ETA: 19.7min
[38670/50000] Loss: 1.4283e-02 | PDE: 1.2572e-03 | Holes: 3.3701e-06 | Ext: 4.2799e-04 | ms/ep: 104.4 | LR: 1.30e-04 | ETA: 19.7min
[38680/50000] Loss: 1.4461e-02 | PDE: 1.3741e-03 | Holes: 3.9509e-06 | Ext: 4.3922e-04 | ms/ep: 104.2 | LR: 1.30e-04 | ETA: 19.7min
[38690/50000] Loss: 1.4626e-02 | PDE: 1.3956e-03 | Holes: 4.6151e-06 | Ext: 4.0689e-04 | ms/ep: 104.4 | LR: 1.30e-04 | ETA: 19.7min
[38700/50000] Loss: 1.4472e-02 | PDE: 1.3826e-03 | Holes: 3.4635e-06 | Ext: 4.4493e-04 | ms/ep: 104.5 | LR: 1.30e-04 | ETA: 19.7min
[38710/50000] Loss: 1.4567e-02 | PDE: 1.4898e-03 | Holes: 4.0872e-06 | Ext: 4.2675e-04 | ms/ep: 104.3 | LR: 1.29e-04 | ETA: 19.6min
[38720/50000] Loss: 1.4350e-02 | PDE: 1.3024e-03 | Holes: 4.0574e-06 | Ext: 4.1554e-04 | ms/ep: 104.4 | LR: 1.29e-04 | ETA: 19.6min
[38730/50000] Loss: 1.4273e-02 | PDE: 1.2813e-03 | Holes: 3.4135e-06 | Ext: 4.2180e-04 | ms/ep: 104.4 | LR: 1.29e-04 | ETA: 19.6min
[38740/50000] Loss: 1.4695e-02 | PDE: 1.5470e-03 | Holes: 4.8567e-06 | Ext: 4.4702e-04 | ms/ep: 104.5 | LR: 1.29e-04 | ETA: 19.6min
[38750/50000] Loss: 1.4223e-02 | PDE: 1.2514e-03 | Holes: 3.3677e-06 | Ext: 4.1970e-04 | ms/ep: 104.4 | LR: 1.29e-04 | ETA: 19.6min
[38760/50000] Loss: 1.4365e-02 | PDE: 1.3689e-03 | Holes: 4.1564e-06 | Ext: 4.1922e-04 | ms/ep: 104.4 | LR: 1.28e-04 | ETA: 19.6min
[38770/50000] Loss: 1.4528e-02 | PDE: 1.5288e-03 | Holes: 4.0041e-06 | Ext: 4.0858e-04 | ms/ep: 104.3 | LR: 1.28e-04 | ETA: 19.5min
[38780/50000] Loss: 1.4294e-02 | PDE: 1.2909e-03 | Holes: 3.8362e-06 | Ext: 4.2881e-04 | ms/ep: 104.6 | LR: 1.28e-04 | ETA: 19.6min
[38790/50000] Loss: 1.4288e-02 | PDE: 1.3240e-03 | Holes: 3.4165e-06 | Ext: 4.1153e-04 | ms/ep: 104.5 | LR: 1.28e-04 | ETA: 19.5min
[38800/50000] Loss: 1.4299e-02 | PDE: 1.3590e-03 | Holes: 3.5728e-06 | Ext: 4.2544e-04 | ms/ep: 104.3 | LR: 1.28e-04 | ETA: 19.5min
[38810/50000] Loss: 1.4295e-02 | PDE: 1.3684e-03 | Holes: 3.5115e-06 | Ext: 4.1047e-04 | ms/ep: 104.5 | LR: 1.27e-04 | ETA: 19.5min
[38820/50000] Loss: 1.4426e-02 | PDE: 1.3737e-03 | Holes: 4.6125e-06 | Ext: 4.3909e-04 | ms/ep: 104.2 | LR: 1.27e-04 | ETA: 19.4min
[38830/50000] Loss: 1.4196e-02 | PDE: 1.2540e-03 | Holes: 3.3487e-06 | Ext: 4.2040e-04 | ms/ep: 104.4 | LR: 1.27e-04 | ETA: 19.4min
[38840/50000] Loss: 1.4247e-02 | PDE: 1.2954e-03 | Holes: 3.8166e-06 | Ext: 4.1348e-04 | ms/ep: 104.6 | LR: 1.27e-04 | ETA: 19.4min
[38850/50000] Loss: 1.4249e-02 | PDE: 1.3421e-03 | Holes: 3.5159e-06 | Ext: 4.2391e-04 | ms/ep: 104.6 | LR: 1.27e-04 | ETA: 19.4min
[38860/50000] Loss: 1.4393e-02 | PDE: 1.4684e-03 | Holes: 3.7853e-06 | Ext: 4.0505e-04 | ms/ep: 104.4 | LR: 1.26e-04 | ETA: 19.4min
[38870/50000] Loss: 1.4619e-02 | PDE: 1.5811e-03 | Holes: 4.6079e-06 | Ext: 4.4438e-04 | ms/ep: 104.2 | LR: 1.26e-04 | ETA: 19.3min
[38880/50000] Loss: 1.4185e-02 | PDE: 1.2934e-03 | Holes: 3.4608e-06 | Ext: 4.1698e-04 | ms/ep: 104.4 | LR: 1.26e-04 | ETA: 19.4min
[38890/50000] Loss: 1.4382e-02 | PDE: 1.3769e-03 | Holes: 5.7356e-06 | Ext: 4.1823e-04 | ms/ep: 104.5 | LR: 1.26e-04 | ETA: 19.3min
[38900/50000] Loss: 1.4232e-02 | PDE: 1.3188e-03 | Holes: 4.3557e-06 | Ext: 4.1444e-04 | ms/ep: 104.6 | LR: 1.26e-04 | ETA: 19.4min
[38910/50000] Loss: 1.4964e-02 | PDE: 1.9733e-03 | Holes: 4.1248e-06 | Ext: 3.9434e-04 | ms/ep: 104.4 | LR: 1.25e-04 | ETA: 19.3min
[38920/50000] Loss: 1.4472e-02 | PDE: 1.3869e-03 | Holes: 4.6281e-06 | Ext: 4.0801e-04 | ms/ep: 104.6 | LR: 1.25e-04 | ETA: 19.3min
[38930/50000] Loss: 1.4254e-02 | PDE: 1.3337e-03 | Holes: 3.4896e-06 | Ext: 4.0848e-04 | ms/ep: 104.3 | LR: 1.25e-04 | ETA: 19.2min
[38940/50000] Loss: 1.4565e-02 | PDE: 1.4375e-03 | Holes: 7.1617e-06 | Ext: 4.3879e-04 | ms/ep: 104.7 | LR: 1.25e-04 | ETA: 19.3min
[38950/50000] Loss: 1.4325e-02 | PDE: 1.4219e-03 | Holes: 3.4922e-06 | Ext: 4.0202e-04 | ms/ep: 104.2 | LR: 1.25e-04 | ETA: 19.2min
[38960/50000] Loss: 1.4294e-02 | PDE: 1.3657e-03 | Holes: 5.1840e-06 | Ext: 4.1682e-04 | ms/ep: 104.5 | LR: 1.24e-04 | ETA: 19.2min
[38970/50000] Loss: 1.4167e-02 | PDE: 1.3367e-03 | Holes: 3.2051e-06 | Ext: 4.2906e-04 | ms/ep: 104.4 | LR: 1.24e-04 | ETA: 19.2min
[38980/50000] Loss: 1.4141e-02 | PDE: 1.3181e-03 | Holes: 3.3534e-06 | Ext: 4.0204e-04 | ms/ep: 104.5 | LR: 1.24e-04 | ETA: 19.2min
[38990/50000] Loss: 1.4790e-02 | PDE: 1.7834e-03 | Holes: 5.1392e-06 | Ext: 4.0876e-04 | ms/ep: 104.6 | LR: 1.24e-04 | ETA: 19.2min
[39000/50000] Loss: 1.4108e-02 | PDE: 1.2679e-03 | Holes: 4.0129e-06 | Ext: 4.1693e-04 | ms/ep: 104.2 | LR: 1.24e-04 | ETA: 19.1min
[39010/50000] Loss: 1.4214e-02 | PDE: 1.3280e-03 | Holes: 5.1443e-06 | Ext: 4.1848e-04 | ms/ep: 104.5 | LR: 1.23e-04 | ETA: 19.1min
[39020/50000] Loss: 1.5427e-02 | PDE: 2.3893e-03 | Holes: 5.3475e-06 | Ext: 3.8518e-04 | ms/ep: 104.3 | LR: 1.23e-04 | ETA: 19.1min
[39030/50000] Loss: 1.4924e-02 | PDE: 1.8099e-03 | Holes: 4.1341e-06 | Ext: 3.9589e-04 | ms/ep: 104.5 | LR: 1.23e-04 | ETA: 19.1min
[39040/50000] Loss: 1.4460e-02 | PDE: 1.4424e-03 | Holes: 4.6070e-06 | Ext: 4.5068e-04 | ms/ep: 104.4 | LR: 1.23e-04 | ETA: 19.1min
[39050/50000] Loss: 1.4110e-02 | PDE: 1.2982e-03 | Holes: 4.0734e-06 | Ext: 4.1615e-04 | ms/ep: 104.3 | LR: 1.23e-04 | ETA: 19.0min
[39060/50000] Loss: 1.4150e-02 | PDE: 1.3474e-03 | Holes: 3.8518e-06 | Ext: 4.2466e-04 | ms/ep: 104.4 | LR: 1.22e-04 | ETA: 19.0min
[39070/50000] Loss: 1.4036e-02 | PDE: 1.2501e-03 | Holes: 3.8459e-06 | Ext: 4.1704e-04 | ms/ep: 104.4 | LR: 1.22e-04 | ETA: 19.0min
[39080/50000] Loss: 1.4039e-02 | PDE: 1.2851e-03 | Holes: 3.6438e-06 | Ext: 4.0434e-04 | ms/ep: 104.6 | LR: 1.22e-04 | ETA: 19.0min
[39090/50000] Loss: 1.5185e-02 | PDE: 2.1869e-03 | Holes: 5.2532e-06 | Ext: 3.8519e-04 | ms/ep: 104.3 | LR: 1.22e-04 | ETA: 19.0min
[39100/50000] Loss: 1.4367e-02 | PDE: 1.4632e-03 | Holes: 3.9061e-06 | Ext: 3.9842e-04 | ms/ep: 104.5 | LR: 1.22e-04 | ETA: 19.0min
[39110/50000] Loss: 1.4295e-02 | PDE: 1.3954e-03 | Holes: 5.3947e-06 | Ext: 4.3249e-04 | ms/ep: 104.3 | LR: 1.21e-04 | ETA: 18.9min
[39120/50000] Loss: 1.4167e-02 | PDE: 1.3817e-03 | Holes: 4.6417e-06 | Ext: 4.1098e-04 | ms/ep: 104.3 | LR: 1.21e-04 | ETA: 18.9min
[39130/50000] Loss: 1.3945e-02 | PDE: 1.2279e-03 | Holes: 3.4050e-06 | Ext: 4.1896e-04 | ms/ep: 104.3 | LR: 1.21e-04 | ETA: 18.9min
[39140/50000] Loss: 1.4765e-02 | PDE: 1.6627e-03 | Holes: 8.0789e-06 | Ext: 4.4514e-04 | ms/ep: 104.4 | LR: 1.21e-04 | ETA: 18.9min
[39150/50000] Loss: 1.4160e-02 | PDE: 1.4207e-03 | Holes: 3.3195e-06 | Ext: 3.9597e-04 | ms/ep: 104.5 | LR: 1.21e-04 | ETA: 18.9min
[39160/50000] Loss: 1.4028e-02 | PDE: 1.3088e-03 | Holes: 3.6021e-06 | Ext: 4.2393e-04 | ms/ep: 104.5 | LR: 1.20e-04 | ETA: 18.9min
[39170/50000] Loss: 1.4287e-02 | PDE: 1.4326e-03 | Holes: 6.3270e-06 | Ext: 4.0863e-04 | ms/ep: 104.3 | LR: 1.20e-04 | ETA: 18.8min
[39180/50000] Loss: 1.5235e-02 | PDE: 2.1031e-03 | Holes: 9.5636e-06 | Ext: 3.9090e-04 | ms/ep: 104.4 | LR: 1.20e-04 | ETA: 18.8min
[39190/50000] Loss: 1.6191e-02 | PDE: 2.6726e-03 | Holes: 5.7315e-06 | Ext: 3.7294e-04 | ms/ep: 104.5 | LR: 1.20e-04 | ETA: 18.8min
[39200/50000] Loss: 1.5352e-02 | PDE: 2.1439e-03 | Holes: 9.0591e-06 | Ext: 4.0927e-04 | ms/ep: 104.3 | LR: 1.20e-04 | ETA: 18.8min
[39210/50000] Loss: 1.4710e-02 | PDE: 1.4241e-03 | Holes: 1.2348e-05 | Ext: 4.2984e-04 | ms/ep: 104.4 | LR: 1.19e-04 | ETA: 18.8min
[39220/50000] Loss: 1.4307e-02 | PDE: 1.5001e-03 | Holes: 5.4510e-06 | Ext: 4.2130e-04 | ms/ep: 104.4 | LR: 1.19e-04 | ETA: 18.7min
[39230/50000] Loss: 1.3971e-02 | PDE: 1.3046e-03 | Holes: 3.3937e-06 | Ext: 4.0211e-04 | ms/ep: 104.3 | LR: 1.19e-04 | ETA: 18.7min
[39240/50000] Loss: 1.3897e-02 | PDE: 1.2406e-03 | Holes: 3.3237e-06 | Ext: 4.1947e-04 | ms/ep: 104.4 | LR: 1.19e-04 | ETA: 18.7min
[39250/50000] Loss: 1.4426e-02 | PDE: 1.6526e-03 | Holes: 4.8225e-06 | Ext: 4.3193e-04 | ms/ep: 104.4 | LR: 1.19e-04 | ETA: 18.7min
[39260/50000] Loss: 1.4148e-02 | PDE: 1.3627e-03 | Holes: 4.3007e-06 | Ext: 4.3600e-04 | ms/ep: 104.7 | LR: 1.18e-04 | ETA: 18.7min
[39270/50000] Loss: 1.3912e-02 | PDE: 1.2334e-03 | Holes: 3.7250e-06 | Ext: 4.2499e-04 | ms/ep: 104.2 | LR: 1.18e-04 | ETA: 18.6min
[39280/50000] Loss: 1.4023e-02 | PDE: 1.2911e-03 | Holes: 4.8983e-06 | Ext: 4.0399e-04 | ms/ep: 104.5 | LR: 1.18e-04 | ETA: 18.7min
[39290/50000] Loss: 1.3920e-02 | PDE: 1.2449e-03 | Holes: 4.2822e-06 | Ext: 4.1756e-04 | ms/ep: 104.6 | LR: 1.18e-04 | ETA: 18.7min
[39300/50000] Loss: 1.3850e-02 | PDE: 1.2579e-03 | Holes: 3.3092e-06 | Ext: 3.9962e-04 | ms/ep: 104.3 | LR: 1.18e-04 | ETA: 18.6min
[39310/50000] Loss: 1.3918e-02 | PDE: 1.3107e-03 | Holes: 3.5518e-06 | Ext: 4.1508e-04 | ms/ep: 104.7 | LR: 1.18e-04 | ETA: 18.7min
[39320/50000] Loss: 1.6968e-02 | PDE: 3.8919e-03 | Holes: 6.7309e-06 | Ext: 4.6218e-04 | ms/ep: 104.5 | LR: 1.17e-04 | ETA: 18.6min
[39330/50000] Loss: 1.4152e-02 | PDE: 1.4277e-03 | Holes: 3.6753e-06 | Ext: 4.0566e-04 | ms/ep: 104.3 | LR: 1.17e-04 | ETA: 18.5min
[39340/50000] Loss: 1.4355e-02 | PDE: 1.5972e-03 | Holes: 6.2891e-06 | Ext: 4.1160e-04 | ms/ep: 104.6 | LR: 1.17e-04 | ETA: 18.6min
[39350/50000] Loss: 1.3850e-02 | PDE: 1.2342e-03 | Holes: 3.5068e-06 | Ext: 4.2278e-04 | ms/ep: 104.3 | LR: 1.17e-04 | ETA: 18.5min
[39360/50000] Loss: 1.3857e-02 | PDE: 1.2739e-03 | Holes: 3.7854e-06 | Ext: 4.0230e-04 | ms/ep: 104.4 | LR: 1.17e-04 | ETA: 18.5min
[39370/50000] Loss: 1.3819e-02 | PDE: 1.2620e-03 | Holes: 3.2581e-06 | Ext: 4.1507e-04 | ms/ep: 104.3 | LR: 1.16e-04 | ETA: 18.5min
[39380/50000] Loss: 1.3791e-02 | PDE: 1.2503e-03 | Holes: 3.4285e-06 | Ext: 4.0847e-04 | ms/ep: 104.6 | LR: 1.16e-04 | ETA: 18.5min
[39390/50000] Loss: 1.4408e-02 | PDE: 1.5740e-03 | Holes: 6.2201e-06 | Ext: 4.3499e-04 | ms/ep: 104.5 | LR: 1.16e-04 | ETA: 18.5min
[39400/50000] Loss: 1.3871e-02 | PDE: 1.3362e-03 | Holes: 3.4997e-06 | Ext: 4.0209e-04 | ms/ep: 104.2 | LR: 1.16e-04 | ETA: 18.4min
[39410/50000] Loss: 1.3766e-02 | PDE: 1.2195e-03 | Holes: 3.7869e-06 | Ext: 4.0288e-04 | ms/ep: 104.2 | LR: 1.16e-04 | ETA: 18.4min
[39420/50000] Loss: 1.4680e-02 | PDE: 1.8706e-03 | Holes: 5.3301e-06 | Ext: 4.4276e-04 | ms/ep: 104.6 | LR: 1.15e-04 | ETA: 18.4min
[39430/50000] Loss: 1.4086e-02 | PDE: 1.3925e-03 | Holes: 4.5847e-06 | Ext: 3.8900e-04 | ms/ep: 104.3 | LR: 1.15e-04 | ETA: 18.4min
[39440/50000] Loss: 1.3949e-02 | PDE: 1.3314e-03 | Holes: 4.6597e-06 | Ext: 3.9305e-04 | ms/ep: 104.3 | LR: 1.15e-04 | ETA: 18.3min
[39450/50000] Loss: 1.3957e-02 | PDE: 1.3863e-03 | Holes: 3.5611e-06 | Ext: 4.2538e-04 | ms/ep: 104.7 | LR: 1.15e-04 | ETA: 18.4min
[39460/50000] Loss: 1.3673e-02 | PDE: 1.2078e-03 | Holes: 3.2031e-06 | Ext: 4.0024e-04 | ms/ep: 104.4 | LR: 1.15e-04 | ETA: 18.3min
[39470/50000] Loss: 1.4358e-02 | PDE: 1.7303e-03 | Holes: 4.8519e-06 | Ext: 3.8248e-04 | ms/ep: 104.4 | LR: 1.14e-04 | ETA: 18.3min
[39480/50000] Loss: 1.4914e-02 | PDE: 1.7047e-03 | Holes: 9.1796e-06 | Ext: 3.8084e-04 | ms/ep: 104.3 | LR: 1.14e-04 | ETA: 18.3min
[39490/50000] Loss: 1.5132e-02 | PDE: 1.6277e-03 | Holes: 1.9053e-05 | Ext: 4.2083e-04 | ms/ep: 104.5 | LR: 1.14e-04 | ETA: 18.3min
[39500/50000] Loss: 1.4378e-02 | PDE: 1.7264e-03 | Holes: 5.8041e-06 | Ext: 4.0645e-04 | ms/ep: 104.4 | LR: 1.14e-04 | ETA: 18.3min
[39510/50000] Loss: 1.4197e-02 | PDE: 1.3641e-03 | Holes: 7.7224e-06 | Ext: 4.2762e-04 | ms/ep: 104.5 | LR: 1.14e-04 | ETA: 18.3min
[39520/50000] Loss: 1.3778e-02 | PDE: 1.2518e-03 | Holes: 4.5415e-06 | Ext: 4.0164e-04 | ms/ep: 104.5 | LR: 1.13e-04 | ETA: 18.2min
[39530/50000] Loss: 1.3666e-02 | PDE: 1.2046e-03 | Holes: 3.7336e-06 | Ext: 4.0492e-04 | ms/ep: 104.3 | LR: 1.13e-04 | ETA: 18.2min
[39540/50000] Loss: 1.4039e-02 | PDE: 1.4988e-03 | Holes: 5.1752e-06 | Ext: 3.8714e-04 | ms/ep: 104.5 | LR: 1.13e-04 | ETA: 18.2min
[39550/50000] Loss: 1.4558e-02 | PDE: 1.8227e-03 | Holes: 4.8835e-06 | Ext: 4.4096e-04 | ms/ep: 104.2 | LR: 1.13e-04 | ETA: 18.2min
[39560/50000] Loss: 1.5025e-02 | PDE: 2.0675e-03 | Holes: 9.4883e-06 | Ext: 3.8123e-04 | ms/ep: 104.3 | LR: 1.13e-04 | ETA: 18.1min
[39570/50000] Loss: 1.6847e-02 | PDE: 2.4784e-03 | Holes: 2.1199e-05 | Ext: 5.0246e-04 | ms/ep: 104.5 | LR: 1.13e-04 | ETA: 18.2min
[39580/50000] Loss: 2.3483e-02 | PDE: 7.4062e-03 | Holes: 3.6671e-05 | Ext: 3.7902e-04 | ms/ep: 104.6 | LR: 1.12e-04 | ETA: 18.2min
[39590/50000] Loss: 7.1124e-02 | PDE: 1.8359e-02 | Holes: 9.8207e-05 | Ext: 1.5747e-03 | ms/ep: 104.5 | LR: 1.12e-04 | ETA: 18.1min
[39600/50000] Loss: 4.1429e-02 | PDE: 9.6335e-03 | Holes: 7.1886e-05 | Ext: 8.8406e-04 | ms/ep: 104.1 | LR: 1.12e-04 | ETA: 18.0min
[39610/50000] Loss: 2.8547e-02 | PDE: 5.6567e-03 | Holes: 4.2648e-05 | Ext: 6.6907e-04 | ms/ep: 104.5 | LR: 1.12e-04 | ETA: 18.1min
[39620/50000] Loss: 2.2660e-02 | PDE: 3.9114e-03 | Holes: 1.0670e-05 | Ext: 5.9725e-04 | ms/ep: 104.4 | LR: 1.12e-04 | ETA: 18.1min
[39630/50000] Loss: 1.9424e-02 | PDE: 2.9215e-03 | Holes: 6.1656e-06 | Ext: 5.3593e-04 | ms/ep: 104.6 | LR: 1.11e-04 | ETA: 18.1min
[39640/50000] Loss: 1.7363e-02 | PDE: 2.1618e-03 | Holes: 4.8875e-06 | Ext: 4.9739e-04 | ms/ep: 104.4 | LR: 1.11e-04 | ETA: 18.0min
[39650/50000] Loss: 1.6151e-02 | PDE: 1.8674e-03 | Holes: 4.4402e-06 | Ext: 4.7414e-04 | ms/ep: 104.2 | LR: 1.11e-04 | ETA: 18.0min
[39660/50000] Loss: 1.5435e-02 | PDE: 1.6633e-03 | Holes: 3.6635e-06 | Ext: 4.5279e-04 | ms/ep: 104.4 | LR: 1.11e-04 | ETA: 18.0min
[39670/50000] Loss: 1.4979e-02 | PDE: 1.5149e-03 | Holes: 3.6482e-06 | Ext: 4.4088e-04 | ms/ep: 104.4 | LR: 1.11e-04 | ETA: 18.0min
[39680/50000] Loss: 1.6096e-02 | PDE: 2.5780e-03 | Holes: 4.4292e-06 | Ext: 3.9861e-04 | ms/ep: 104.5 | LR: 1.10e-04 | ETA: 18.0min
[39690/50000] Loss: 1.5733e-02 | PDE: 2.1996e-03 | Holes: 7.4281e-06 | Ext: 4.0637e-04 | ms/ep: 104.3 | LR: 1.10e-04 | ETA: 17.9min
[39700/50000] Loss: 1.4595e-02 | PDE: 1.4432e-03 | Holes: 3.6968e-06 | Ext: 4.4554e-04 | ms/ep: 104.4 | LR: 1.10e-04 | ETA: 17.9min
[39710/50000] Loss: 1.4411e-02 | PDE: 1.3801e-03 | Holes: 3.4959e-06 | Ext: 4.3941e-04 | ms/ep: 104.4 | LR: 1.10e-04 | ETA: 17.9min
[39720/50000] Loss: 1.4174e-02 | PDE: 1.2791e-03 | Holes: 3.4304e-06 | Ext: 4.1933e-04 | ms/ep: 104.4 | LR: 1.10e-04 | ETA: 17.9min
[39730/50000] Loss: 1.4095e-02 | PDE: 1.2697e-03 | Holes: 3.3987e-06 | Ext: 4.1300e-04 | ms/ep: 104.3 | LR: 1.10e-04 | ETA: 17.9min
[39740/50000] Loss: 1.4015e-02 | PDE: 1.2507e-03 | Holes: 3.3665e-06 | Ext: 4.1109e-04 | ms/ep: 104.5 | LR: 1.09e-04 | ETA: 17.9min
[39750/50000] Loss: 1.3948e-02 | PDE: 1.2349e-03 | Holes: 3.3241e-06 | Ext: 4.1014e-04 | ms/ep: 104.6 | LR: 1.09e-04 | ETA: 17.9min
[39760/50000] Loss: 1.3892e-02 | PDE: 1.2236e-03 | Holes: 3.3002e-06 | Ext: 4.0907e-04 | ms/ep: 104.3 | LR: 1.09e-04 | ETA: 17.8min
[39770/50000] Loss: 1.3845e-02 | PDE: 1.2153e-03 | Holes: 3.2778e-06 | Ext: 4.0781e-04 | ms/ep: 104.4 | LR: 1.09e-04 | ETA: 17.8min
[39780/50000] Loss: 1.3803e-02 | PDE: 1.2086e-03 | Holes: 3.2590e-06 | Ext: 4.0665e-04 | ms/ep: 104.3 | LR: 1.09e-04 | ETA: 17.8min
[39790/50000] Loss: 1.3767e-02 | PDE: 1.2032e-03 | Holes: 3.2461e-06 | Ext: 4.0552e-04 | ms/ep: 104.5 | LR: 1.08e-04 | ETA: 17.8min
[39800/50000] Loss: 1.3734e-02 | PDE: 1.1990e-03 | Holes: 3.2341e-06 | Ext: 4.0386e-04 | ms/ep: 104.6 | LR: 1.08e-04 | ETA: 17.8min
[39810/50000] Loss: 1.3704e-02 | PDE: 1.1951e-03 | Holes: 3.2230e-06 | Ext: 4.0289e-04 | ms/ep: 104.5 | LR: 1.08e-04 | ETA: 17.7min
[39820/50000] Loss: 1.3678e-02 | PDE: 1.1922e-03 | Holes: 3.2143e-06 | Ext: 4.0223e-04 | ms/ep: 104.5 | LR: 1.08e-04 | ETA: 17.7min
[39830/50000] Loss: 1.4250e-02 | PDE: 1.7220e-03 | Holes: 3.7813e-06 | Ext: 4.1634e-04 | ms/ep: 104.4 | LR: 1.08e-04 | ETA: 17.7min
[39840/50000] Loss: 1.3746e-02 | PDE: 1.2487e-03 | Holes: 3.5819e-06 | Ext: 4.1142e-04 | ms/ep: 104.4 | LR: 1.07e-04 | ETA: 17.7min
[39850/50000] Loss: 1.3849e-02 | PDE: 1.3262e-03 | Holes: 3.8044e-06 | Ext: 4.2029e-04 | ms/ep: 104.4 | LR: 1.07e-04 | ETA: 17.7min
[39860/50000] Loss: 1.3679e-02 | PDE: 1.2237e-03 | Holes: 3.5394e-06 | Ext: 4.0132e-04 | ms/ep: 104.6 | LR: 1.07e-04 | ETA: 17.7min
[39870/50000] Loss: 1.3624e-02 | PDE: 1.2045e-03 | Holes: 3.3043e-06 | Ext: 3.9725e-04 | ms/ep: 104.2 | LR: 1.07e-04 | ETA: 17.6min
[39880/50000] Loss: 1.3576e-02 | PDE: 1.1818e-03 | Holes: 3.1901e-06 | Ext: 3.9899e-04 | ms/ep: 104.5 | LR: 1.07e-04 | ETA: 17.6min
[39890/50000] Loss: 1.3558e-02 | PDE: 1.1809e-03 | Holes: 3.1824e-06 | Ext: 3.9737e-04 | ms/ep: 104.6 | LR: 1.07e-04 | ETA: 17.6min
[39900/50000] Loss: 1.3538e-02 | PDE: 1.1764e-03 | Holes: 3.1758e-06 | Ext: 3.9706e-04 | ms/ep: 104.4 | LR: 1.06e-04 | ETA: 17.6min
[39910/50000] Loss: 1.3521e-02 | PDE: 1.1743e-03 | Holes: 3.1638e-06 | Ext: 3.9651e-04 | ms/ep: 104.7 | LR: 1.06e-04 | ETA: 17.6min
[39920/50000] Loss: 1.3514e-02 | PDE: 1.1796e-03 | Holes: 3.1670e-06 | Ext: 3.9768e-04 | ms/ep: 104.0 | LR: 1.06e-04 | ETA: 17.5min
[39930/50000] Loss: 1.5453e-02 | PDE: 2.7726e-03 | Holes: 6.4658e-06 | Ext: 4.3615e-04 | ms/ep: 104.5 | LR: 1.06e-04 | ETA: 17.5min
[39940/50000] Loss: 1.4158e-02 | PDE: 1.5401e-03 | Holes: 6.2036e-06 | Ext: 4.2597e-04 | ms/ep: 104.2 | LR: 1.06e-04 | ETA: 17.5min
[39950/50000] Loss: 1.3692e-02 | PDE: 1.3095e-03 | Holes: 3.6881e-06 | Ext: 4.0345e-04 | ms/ep: 104.6 | LR: 1.05e-04 | ETA: 17.5min
[39960/50000] Loss: 1.3579e-02 | PDE: 1.2130e-03 | Holes: 3.7673e-06 | Ext: 3.9508e-04 | ms/ep: 104.3 | LR: 1.05e-04 | ETA: 17.5min
[39970/50000] Loss: 1.3516e-02 | PDE: 1.1910e-03 | Holes: 3.4151e-06 | Ext: 3.9431e-04 | ms/ep: 104.6 | LR: 1.05e-04 | ETA: 17.5min
[39980/50000] Loss: 1.3471e-02 | PDE: 1.1733e-03 | Holes: 3.2190e-06 | Ext: 3.9616e-04 | ms/ep: 104.4 | LR: 1.05e-04 | ETA: 17.4min
[39990/50000] Loss: 1.3456e-02 | PDE: 1.1714e-03 | Holes: 3.1664e-06 | Ext: 3.9785e-04 | ms/ep: 104.3 | LR: 1.05e-04 | ETA: 17.4min
[40000/50000] Loss: 1.3434e-02 | PDE: 1.1663e-03 | Holes: 3.1415e-06 | Ext: 3.9455e-04 | ms/ep: 104.5 | LR: 1.05e-04 | ETA: 17.4min
[40010/50000] Loss: 1.3524e-02 | PDE: 1.2511e-03 | Holes: 3.3908e-06 | Ext: 3.8630e-04 | ms/ep: 104.4 | LR: 1.04e-04 | ETA: 17.4min
[40020/50000] Loss: 1.3513e-02 | PDE: 1.2204e-03 | Holes: 3.3416e-06 | Ext: 4.0136e-04 | ms/ep: 104.4 | LR: 1.04e-04 | ETA: 17.4min
[40030/50000] Loss: 1.3618e-02 | PDE: 1.3236e-03 | Holes: 3.4080e-06 | Ext: 3.8883e-04 | ms/ep: 104.5 | LR: 1.04e-04 | ETA: 17.4min
[40040/50000] Loss: 1.3533e-02 | PDE: 1.2176e-03 | Holes: 3.9677e-06 | Ext: 4.0053e-04 | ms/ep: 104.4 | LR: 1.04e-04 | ETA: 17.3min
[40050/50000] Loss: 1.3426e-02 | PDE: 1.1809e-03 | Holes: 3.1400e-06 | Ext: 3.9357e-04 | ms/ep: 104.6 | LR: 1.04e-04 | ETA: 17.3min
[40060/50000] Loss: 1.3668e-02 | PDE: 1.3804e-03 | Holes: 4.0064e-06 | Ext: 3.8820e-04 | ms/ep: 104.7 | LR: 1.03e-04 | ETA: 17.4min
[40070/50000] Loss: 1.3550e-02 | PDE: 1.2622e-03 | Holes: 3.5357e-06 | Ext: 4.0854e-04 | ms/ep: 104.5 | LR: 1.03e-04 | ETA: 17.3min
[40080/50000] Loss: 1.3382e-02 | PDE: 1.1629e-03 | Holes: 3.1210e-06 | Ext: 3.9550e-04 | ms/ep: 104.3 | LR: 1.03e-04 | ETA: 17.2min
[40090/50000] Loss: 1.3387e-02 | PDE: 1.1733e-03 | Holes: 3.1603e-06 | Ext: 3.9689e-04 | ms/ep: 104.6 | LR: 1.03e-04 | ETA: 17.3min
[40100/50000] Loss: 1.3355e-02 | PDE: 1.1609e-03 | Holes: 3.1161e-06 | Ext: 3.9201e-04 | ms/ep: 104.4 | LR: 1.03e-04 | ETA: 17.2min
[40110/50000] Loss: 1.4731e-02 | PDE: 2.0688e-03 | Holes: 7.2546e-06 | Ext: 4.3294e-04 | ms/ep: 104.5 | LR: 1.03e-04 | ETA: 17.2min
[40120/50000] Loss: 1.4286e-02 | PDE: 1.8780e-03 | Holes: 5.3286e-06 | Ext: 4.1844e-04 | ms/ep: 104.4 | LR: 1.02e-04 | ETA: 17.2min
[40130/50000] Loss: 1.3678e-02 | PDE: 1.3488e-03 | Holes: 3.4516e-06 | Ext: 4.2045e-04 | ms/ep: 104.6 | LR: 1.02e-04 | ETA: 17.2min
[40140/50000] Loss: 1.3456e-02 | PDE: 1.2065e-03 | Holes: 3.6868e-06 | Ext: 4.0123e-04 | ms/ep: 104.3 | LR: 1.02e-04 | ETA: 17.1min
[40150/50000] Loss: 1.3801e-02 | PDE: 1.4333e-03 | Holes: 6.0808e-06 | Ext: 3.8997e-04 | ms/ep: 104.6 | LR: 1.02e-04 | ETA: 17.2min
[40160/50000] Loss: 1.3498e-02 | PDE: 1.2548e-03 | Holes: 4.1494e-06 | Ext: 3.8869e-04 | ms/ep: 104.3 | LR: 1.02e-04 | ETA: 17.1min
[40170/50000] Loss: 1.3328e-02 | PDE: 1.1566e-03 | Holes: 3.1465e-06 | Ext: 3.9273e-04 | ms/ep: 104.4 | LR: 1.01e-04 | ETA: 17.1min
[40180/50000] Loss: 1.3315e-02 | PDE: 1.1581e-03 | Holes: 3.1431e-06 | Ext: 3.9143e-04 | ms/ep: 104.5 | LR: 1.01e-04 | ETA: 17.1min
[40190/50000] Loss: 1.3612e-02 | PDE: 1.3621e-03 | Holes: 4.0421e-06 | Ext: 4.0712e-04 | ms/ep: 104.2 | LR: 1.01e-04 | ETA: 17.0min
[40200/50000] Loss: 1.3309e-02 | PDE: 1.1687e-03 | Holes: 3.1355e-06 | Ext: 3.8948e-04 | ms/ep: 104.6 | LR: 1.01e-04 | ETA: 17.1min
[40210/50000] Loss: 1.3606e-02 | PDE: 1.3935e-03 | Holes: 4.5164e-06 | Ext: 3.8132e-04 | ms/ep: 104.4 | LR: 1.01e-04 | ETA: 17.0min
[40220/50000] Loss: 1.3314e-02 | PDE: 1.1814e-03 | Holes: 3.2092e-06 | Ext: 3.8986e-04 | ms/ep: 104.4 | LR: 1.01e-04 | ETA: 17.0min
[40230/50000] Loss: 1.3374e-02 | PDE: 1.2253e-03 | Holes: 3.3769e-06 | Ext: 3.9652e-04 | ms/ep: 104.5 | LR: 1.00e-04 | ETA: 17.0min
[40240/50000] Loss: 1.3681e-02 | PDE: 1.4419e-03 | Holes: 4.1813e-06 | Ext: 4.1006e-04 | ms/ep: 104.5 | LR: 1.00e-04 | ETA: 17.0min
[40250/50000] Loss: 1.3401e-02 | PDE: 1.2651e-03 | Holes: 3.5537e-06 | Ext: 3.8172e-04 | ms/ep: 104.7 | LR: 1.00e-04 | ETA: 17.0min
[40260/50000] Loss: 1.3264e-02 | PDE: 1.1654e-03 | Holes: 3.1429e-06 | Ext: 3.8758e-04 | ms/ep: 104.6 | LR: 9.98e-05 | ETA: 17.0min
[40270/50000] Loss: 1.3486e-02 | PDE: 1.3495e-03 | Holes: 3.8405e-06 | Ext: 3.7849e-04 | ms/ep: 104.4 | LR: 9.97e-05 | ETA: 16.9min
[40280/50000] Loss: 1.4333e-02 | PDE: 2.0154e-03 | Holes: 4.9245e-06 | Ext: 4.1932e-04 | ms/ep: 104.4 | LR: 9.95e-05 | ETA: 16.9min
[40290/50000] Loss: 1.3400e-02 | PDE: 1.2042e-03 | Holes: 4.2188e-06 | Ext: 3.9848e-04 | ms/ep: 104.6 | LR: 9.93e-05 | ETA: 16.9min
[40300/50000] Loss: 1.3358e-02 | PDE: 1.2221e-03 | Holes: 3.5593e-06 | Ext: 3.9835e-04 | ms/ep: 104.3 | LR: 9.91e-05 | ETA: 16.9min
[40310/50000] Loss: 1.3491e-02 | PDE: 1.3513e-03 | Holes: 3.7103e-06 | Ext: 3.8203e-04 | ms/ep: 104.7 | LR: 9.89e-05 | ETA: 16.9min
[40320/50000] Loss: 1.3307e-02 | PDE: 1.2031e-03 | Holes: 3.4117e-06 | Ext: 3.8338e-04 | ms/ep: 104.2 | LR: 9.88e-05 | ETA: 16.8min
[40330/50000] Loss: 1.3313e-02 | PDE: 1.2191e-03 | Holes: 3.2523e-06 | Ext: 3.9704e-04 | ms/ep: 104.5 | LR: 9.86e-05 | ETA: 16.8min
[40340/50000] Loss: 1.3287e-02 | PDE: 1.2189e-03 | Holes: 3.3787e-06 | Ext: 3.8176e-04 | ms/ep: 104.5 | LR: 9.84e-05 | ETA: 16.8min
[40350/50000] Loss: 1.3447e-02 | PDE: 1.3799e-03 | Holes: 3.2793e-06 | Ext: 3.7880e-04 | ms/ep: 104.5 | LR: 9.82e-05 | ETA: 16.8min
[40360/50000] Loss: 1.3193e-02 | PDE: 1.1505e-03 | Holes: 3.1021e-06 | Ext: 3.8889e-04 | ms/ep: 104.5 | LR: 9.81e-05 | ETA: 16.8min
[40370/50000] Loss: 1.3828e-02 | PDE: 1.5703e-03 | Holes: 5.2180e-06 | Ext: 4.1284e-04 | ms/ep: 104.4 | LR: 9.79e-05 | ETA: 16.7min
[40380/50000] Loss: 1.3348e-02 | PDE: 1.2923e-03 | Holes: 3.3235e-06 | Ext: 3.8091e-04 | ms/ep: 104.4 | LR: 9.77e-05 | ETA: 16.7min
[40390/50000] Loss: 1.3221e-02 | PDE: 1.1928e-03 | Holes: 3.1429e-06 | Ext: 3.8665e-04 | ms/ep: 104.4 | LR: 9.75e-05 | ETA: 16.7min
[40400/50000] Loss: 1.3502e-02 | PDE: 1.3726e-03 | Holes: 4.1777e-06 | Ext: 4.0377e-04 | ms/ep: 104.4 | LR: 9.74e-05 | ETA: 16.7min
[40410/50000] Loss: 1.3237e-02 | PDE: 1.2139e-03 | Holes: 3.2222e-06 | Ext: 3.8148e-04 | ms/ep: 104.4 | LR: 9.72e-05 | ETA: 16.7min
[40420/50000] Loss: 1.3183e-02 | PDE: 1.1742e-03 | Holes: 3.1638e-06 | Ext: 3.8687e-04 | ms/ep: 104.3 | LR: 9.70e-05 | ETA: 16.7min
[40430/50000] Loss: 1.3651e-02 | PDE: 1.6094e-03 | Holes: 3.4710e-06 | Ext: 3.9722e-04 | ms/ep: 104.5 | LR: 9.68e-05 | ETA: 16.7min
[40440/50000] Loss: 1.3284e-02 | PDE: 1.2555e-03 | Holes: 3.6148e-06 | Ext: 3.8231e-04 | ms/ep: 104.1 | LR: 9.66e-05 | ETA: 16.6min
[40450/50000] Loss: 1.3192e-02 | PDE: 1.1945e-03 | Holes: 3.1329e-06 | Ext: 3.9074e-04 | ms/ep: 104.5 | LR: 9.65e-05 | ETA: 16.6min
[40460/50000] Loss: 1.3207e-02 | PDE: 1.2217e-03 | Holes: 3.1829e-06 | Ext: 3.7968e-04 | ms/ep: 104.4 | LR: 9.63e-05 | ETA: 16.6min
[40470/50000] Loss: 1.3684e-02 | PDE: 1.5379e-03 | Holes: 5.5949e-06 | Ext: 3.7256e-04 | ms/ep: 104.4 | LR: 9.61e-05 | ETA: 16.6min
[40480/50000] Loss: 1.3145e-02 | PDE: 1.1510e-03 | Holes: 3.1951e-06 | Ext: 3.9077e-04 | ms/ep: 104.7 | LR: 9.59e-05 | ETA: 16.6min
[40490/50000] Loss: 1.3154e-02 | PDE: 1.1773e-03 | Holes: 3.1621e-06 | Ext: 3.8163e-04 | ms/ep: 104.5 | LR: 9.58e-05 | ETA: 16.6min
[40500/50000] Loss: 1.3168e-02 | PDE: 1.1900e-03 | Holes: 3.2841e-06 | Ext: 3.8981e-04 | ms/ep: 104.5 | LR: 9.56e-05 | ETA: 16.5min
[40510/50000] Loss: 1.3336e-02 | PDE: 1.3590e-03 | Holes: 3.3039e-06 | Ext: 3.9241e-04 | ms/ep: 104.5 | LR: 9.54e-05 | ETA: 16.5min
[40520/50000] Loss: 1.3133e-02 | PDE: 1.1774e-03 | Holes: 3.2636e-06 | Ext: 3.7958e-04 | ms/ep: 104.3 | LR: 9.52e-05 | ETA: 16.5min
[40530/50000] Loss: 1.3223e-02 | PDE: 1.2681e-03 | Holes: 3.2920e-06 | Ext: 3.7555e-04 | ms/ep: 104.4 | LR: 9.51e-05 | ETA: 16.5min
[40540/50000] Loss: 1.3362e-02 | PDE: 1.3229e-03 | Holes: 4.8212e-06 | Ext: 3.7991e-04 | ms/ep: 104.5 | LR: 9.49e-05 | ETA: 16.5min
[40550/50000] Loss: 1.3177e-02 | PDE: 1.2105e-03 | Holes: 3.6439e-06 | Ext: 3.8232e-04 | ms/ep: 104.4 | LR: 9.47e-05 | ETA: 16.4min
[40560/50000] Loss: 1.3166e-02 | PDE: 1.2247e-03 | Holes: 3.2757e-06 | Ext: 3.8873e-04 | ms/ep: 104.4 | LR: 9.45e-05 | ETA: 16.4min
[40570/50000] Loss: 1.3178e-02 | PDE: 1.2261e-03 | Holes: 3.4623e-06 | Ext: 3.8974e-04 | ms/ep: 104.3 | LR: 9.44e-05 | ETA: 16.4min
[40580/50000] Loss: 1.3595e-02 | PDE: 1.5390e-03 | Holes: 4.2849e-06 | Ext: 4.0567e-04 | ms/ep: 104.4 | LR: 9.42e-05 | ETA: 16.4min
[40590/50000] Loss: 1.3264e-02 | PDE: 1.3198e-03 | Holes: 3.6950e-06 | Ext: 3.8498e-04 | ms/ep: 104.8 | LR: 9.40e-05 | ETA: 16.4min
[40600/50000] Loss: 1.3111e-02 | PDE: 1.1847e-03 | Holes: 3.2301e-06 | Ext: 3.9209e-04 | ms/ep: 104.3 | LR: 9.39e-05 | ETA: 16.3min
[40610/50000] Loss: 1.3156e-02 | PDE: 1.2198e-03 | Holes: 3.4131e-06 | Ext: 3.9311e-04 | ms/ep: 104.6 | LR: 9.37e-05 | ETA: 16.4min
[40620/50000] Loss: 1.3112e-02 | PDE: 1.2158e-03 | Holes: 3.2444e-06 | Ext: 3.7500e-04 | ms/ep: 104.4 | LR: 9.35e-05 | ETA: 16.3min
[40630/50000] Loss: 1.3292e-02 | PDE: 1.3116e-03 | Holes: 4.0612e-06 | Ext: 3.7015e-04 | ms/ep: 104.4 | LR: 9.33e-05 | ETA: 16.3min
[40640/50000] Loss: 1.3033e-02 | PDE: 1.1491e-03 | Holes: 3.0621e-06 | Ext: 3.8206e-04 | ms/ep: 104.7 | LR: 9.32e-05 | ETA: 16.3min
[40650/50000] Loss: 1.3076e-02 | PDE: 1.1953e-03 | Holes: 3.2010e-06 | Ext: 3.8498e-04 | ms/ep: 104.2 | LR: 9.30e-05 | ETA: 16.2min
[40660/50000] Loss: 1.3489e-02 | PDE: 1.4894e-03 | Holes: 5.5148e-06 | Ext: 3.7578e-04 | ms/ep: 104.5 | LR: 9.28e-05 | ETA: 16.3min
[40670/50000] Loss: 1.3131e-02 | PDE: 1.2375e-03 | Holes: 3.6352e-06 | Ext: 3.8306e-04 | ms/ep: 104.3 | LR: 9.26e-05 | ETA: 16.2min
[40680/50000] Loss: 1.4738e-02 | PDE: 2.6003e-03 | Holes: 5.5393e-06 | Ext: 4.1522e-04 | ms/ep: 104.5 | LR: 9.25e-05 | ETA: 16.2min
[40690/50000] Loss: 1.3174e-02 | PDE: 1.2831e-03 | Holes: 3.3859e-06 | Ext: 3.8275e-04 | ms/ep: 104.6 | LR: 9.23e-05 | ETA: 16.2min
[40700/50000] Loss: 1.3314e-02 | PDE: 1.3712e-03 | Holes: 3.8099e-06 | Ext: 3.9090e-04 | ms/ep: 104.5 | LR: 9.21e-05 | ETA: 16.2min
[40710/50000] Loss: 1.3106e-02 | PDE: 1.1996e-03 | Holes: 3.6356e-06 | Ext: 3.9375e-04 | ms/ep: 104.4 | LR: 9.20e-05 | ETA: 16.2min
[40720/50000] Loss: 1.3081e-02 | PDE: 1.2270e-03 | Holes: 3.4528e-06 | Ext: 3.8122e-04 | ms/ep: 104.4 | LR: 9.18e-05 | ETA: 16.1min
[40730/50000] Loss: 1.2967e-02 | PDE: 1.1380e-03 | Holes: 3.0710e-06 | Ext: 3.8004e-04 | ms/ep: 104.4 | LR: 9.16e-05 | ETA: 16.1min
[40740/50000] Loss: 1.3019e-02 | PDE: 1.1791e-03 | Holes: 3.1976e-06 | Ext: 3.8717e-04 | ms/ep: 104.2 | LR: 9.14e-05 | ETA: 16.1min
[40750/50000] Loss: 1.3321e-02 | PDE: 1.3846e-03 | Holes: 4.4606e-06 | Ext: 3.9388e-04 | ms/ep: 104.5 | LR: 9.13e-05 | ETA: 16.1min
[40760/50000] Loss: 1.3317e-02 | PDE: 1.3607e-03 | Holes: 4.3322e-06 | Ext: 3.9993e-04 | ms/ep: 104.5 | LR: 9.11e-05 | ETA: 16.1min
[40770/50000] Loss: 1.3226e-02 | PDE: 1.3007e-03 | Holes: 4.0892e-06 | Ext: 3.6788e-04 | ms/ep: 104.4 | LR: 9.09e-05 | ETA: 16.1min
[40780/50000] Loss: 1.2952e-02 | PDE: 1.1409e-03 | Holes: 3.1311e-06 | Ext: 3.8204e-04 | ms/ep: 104.4 | LR: 9.08e-05 | ETA: 16.0min
[40790/50000] Loss: 1.3649e-02 | PDE: 1.7365e-03 | Holes: 5.1835e-06 | Ext: 3.7507e-04 | ms/ep: 104.3 | LR: 9.06e-05 | ETA: 16.0min
[40800/50000] Loss: 1.3602e-02 | PDE: 1.4182e-03 | Holes: 8.8495e-06 | Ext: 3.9318e-04 | ms/ep: 104.5 | LR: 9.04e-05 | ETA: 16.0min
[40810/50000] Loss: 1.3111e-02 | PDE: 1.2449e-03 | Holes: 4.3827e-06 | Ext: 3.7393e-04 | ms/ep: 104.2 | LR: 9.03e-05 | ETA: 16.0min
[40820/50000] Loss: 1.3094e-02 | PDE: 1.2377e-03 | Holes: 4.1825e-06 | Ext: 3.8658e-04 | ms/ep: 104.6 | LR: 9.01e-05 | ETA: 16.0min
[40830/50000] Loss: 1.3617e-02 | PDE: 1.6984e-03 | Holes: 4.6924e-06 | Ext: 3.9602e-04 | ms/ep: 104.4 | LR: 8.99e-05 | ETA: 15.9min
[40840/50000] Loss: 1.3057e-02 | PDE: 1.2514e-03 | Holes: 3.2271e-06 | Ext: 3.9090e-04 | ms/ep: 104.8 | LR: 8.97e-05 | ETA: 16.0min
[40850/50000] Loss: 1.3453e-02 | PDE: 1.4545e-03 | Holes: 5.9331e-06 | Ext: 3.9952e-04 | ms/ep: 104.3 | LR: 8.96e-05 | ETA: 15.9min
[40860/50000] Loss: 1.2999e-02 | PDE: 1.2004e-03 | Holes: 3.4634e-06 | Ext: 3.8488e-04 | ms/ep: 104.6 | LR: 8.94e-05 | ETA: 15.9min
[40870/50000] Loss: 1.2931e-02 | PDE: 1.1771e-03 | Holes: 3.1261e-06 | Ext: 3.7051e-04 | ms/ep: 104.4 | LR: 8.92e-05 | ETA: 15.9min
[40880/50000] Loss: 1.2890e-02 | PDE: 1.1538e-03 | Holes: 3.1395e-06 | Ext: 3.7417e-04 | ms/ep: 104.5 | LR: 8.91e-05 | ETA: 15.9min
[40890/50000] Loss: 1.3049e-02 | PDE: 1.2610e-03 | Holes: 3.6317e-06 | Ext: 3.7809e-04 | ms/ep: 104.4 | LR: 8.89e-05 | ETA: 15.8min
[40900/50000] Loss: 1.3416e-02 | PDE: 1.4449e-03 | Holes: 4.0345e-06 | Ext: 3.5539e-04 | ms/ep: 104.3 | LR: 8.87e-05 | ETA: 15.8min
[40910/50000] Loss: 1.3510e-02 | PDE: 1.5174e-03 | Holes: 6.5397e-06 | Ext: 3.9388e-04 | ms/ep: 104.6 | LR: 8.86e-05 | ETA: 15.8min
[40920/50000] Loss: 1.3376e-02 | PDE: 1.3126e-03 | Holes: 6.3763e-06 | Ext: 3.6793e-04 | ms/ep: 104.2 | LR: 8.84e-05 | ETA: 15.8min
[40930/50000] Loss: 1.3048e-02 | PDE: 1.2609e-03 | Holes: 3.5757e-06 | Ext: 3.8656e-04 | ms/ep: 104.4 | LR: 8.82e-05 | ETA: 15.8min
[40940/50000] Loss: 1.2904e-02 | PDE: 1.1535e-03 | Holes: 3.3045e-06 | Ext: 3.8476e-04 | ms/ep: 104.5 | LR: 8.81e-05 | ETA: 15.8min
[40950/50000] Loss: 1.2909e-02 | PDE: 1.1854e-03 | Holes: 3.3432e-06 | Ext: 3.6992e-04 | ms/ep: 104.3 | LR: 8.79e-05 | ETA: 15.7min
[40960/50000] Loss: 1.2825e-02 | PDE: 1.1276e-03 | Holes: 3.1145e-06 | Ext: 3.7436e-04 | ms/ep: 104.6 | LR: 8.77e-05 | ETA: 15.8min
[40970/50000] Loss: 1.3437e-02 | PDE: 1.5821e-03 | Holes: 6.1302e-06 | Ext: 3.7070e-04 | ms/ep: 104.3 | LR: 8.76e-05 | ETA: 15.7min
[40980/50000] Loss: 1.3048e-02 | PDE: 1.2449e-03 | Holes: 4.9755e-06 | Ext: 3.7222e-04 | ms/ep: 104.3 | LR: 8.74e-05 | ETA: 15.7min
[40990/50000] Loss: 1.3470e-02 | PDE: 1.6090e-03 | Holes: 4.8771e-06 | Ext: 3.5382e-04 | ms/ep: 104.3 | LR: 8.72e-05 | ETA: 15.7min
[41000/50000] Loss: 1.2845e-02 | PDE: 1.1571e-03 | Holes: 3.1324e-06 | Ext: 3.7500e-04 | ms/ep: 104.4 | LR: 8.71e-05 | ETA: 15.7min
[41010/50000] Loss: 1.2864e-02 | PDE: 1.1721e-03 | Holes: 3.2317e-06 | Ext: 3.7912e-04 | ms/ep: 104.4 | LR: 8.69e-05 | ETA: 15.6min
[41020/50000] Loss: 1.2843e-02 | PDE: 1.1742e-03 | Holes: 3.2766e-06 | Ext: 3.7089e-04 | ms/ep: 104.5 | LR: 8.67e-05 | ETA: 15.6min
[41030/50000] Loss: 1.2889e-02 | PDE: 1.2205e-03 | Holes: 3.2979e-06 | Ext: 3.6451e-04 | ms/ep: 104.3 | LR: 8.66e-05 | ETA: 15.6min
[41040/50000] Loss: 1.3027e-02 | PDE: 1.3133e-03 | Holes: 3.7490e-06 | Ext: 3.6072e-04 | ms/ep: 104.5 | LR: 8.64e-05 | ETA: 15.6min
[41050/50000] Loss: 1.2767e-02 | PDE: 1.1237e-03 | Holes: 3.0236e-06 | Ext: 3.7339e-04 | ms/ep: 104.2 | LR: 8.62e-05 | ETA: 15.5min
[41060/50000] Loss: 1.2903e-02 | PDE: 1.2448e-03 | Holes: 3.4862e-06 | Ext: 3.7293e-04 | ms/ep: 104.3 | LR: 8.61e-05 | ETA: 15.5min
[41070/50000] Loss: 1.2829e-02 | PDE: 1.1864e-03 | Holes: 3.1881e-06 | Ext: 3.7381e-04 | ms/ep: 104.4 | LR: 8.59e-05 | ETA: 15.5min
[41080/50000] Loss: 1.3054e-02 | PDE: 1.3847e-03 | Holes: 3.5620e-06 | Ext: 3.5812e-04 | ms/ep: 104.3 | LR: 8.57e-05 | ETA: 15.5min
[41090/50000] Loss: 1.3297e-02 | PDE: 1.4076e-03 | Holes: 5.0981e-06 | Ext: 4.0163e-04 | ms/ep: 104.6 | LR: 8.56e-05 | ETA: 15.5min
[41100/50000] Loss: 1.2816e-02 | PDE: 1.1576e-03 | Holes: 3.5044e-06 | Ext: 3.7321e-04 | ms/ep: 104.4 | LR: 8.54e-05 | ETA: 15.5min
[41110/50000] Loss: 1.2814e-02 | PDE: 1.1832e-03 | Holes: 3.0423e-06 | Ext: 3.6821e-04 | ms/ep: 104.5 | LR: 8.52e-05 | ETA: 15.5min
[41120/50000] Loss: 1.3124e-02 | PDE: 1.4064e-03 | Holes: 5.0094e-06 | Ext: 3.6493e-04 | ms/ep: 104.5 | LR: 8.51e-05 | ETA: 15.5min
[41130/50000] Loss: 1.2736e-02 | PDE: 1.1293e-03 | Holes: 3.0680e-06 | Ext: 3.7456e-04 | ms/ep: 104.2 | LR: 8.49e-05 | ETA: 15.4min
[41140/50000] Loss: 1.2808e-02 | PDE: 1.2009e-03 | Holes: 3.2214e-06 | Ext: 3.6977e-04 | ms/ep: 104.6 | LR: 8.47e-05 | ETA: 15.4min
[41150/50000] Loss: 1.3104e-02 | PDE: 1.4473e-03 | Holes: 3.8556e-06 | Ext: 3.5522e-04 | ms/ep: 104.2 | LR: 8.46e-05 | ETA: 15.4min
[41160/50000] Loss: 1.2901e-02 | PDE: 1.2628e-03 | Holes: 3.3665e-06 | Ext: 3.8487e-04 | ms/ep: 104.5 | LR: 8.44e-05 | ETA: 15.4min
[41170/50000] Loss: 1.2770e-02 | PDE: 1.1664e-03 | Holes: 3.1644e-06 | Ext: 3.8084e-04 | ms/ep: 104.3 | LR: 8.42e-05 | ETA: 15.4min
[41180/50000] Loss: 1.2784e-02 | PDE: 1.2017e-03 | Holes: 3.3458e-06 | Ext: 3.6606e-04 | ms/ep: 104.4 | LR: 8.41e-05 | ETA: 15.3min
[41190/50000] Loss: 1.2928e-02 | PDE: 1.2114e-03 | Holes: 5.0542e-06 | Ext: 3.7916e-04 | ms/ep: 104.6 | LR: 8.39e-05 | ETA: 15.4min
[41200/50000] Loss: 1.2827e-02 | PDE: 1.2364e-03 | Holes: 3.4620e-06 | Ext: 3.6824e-04 | ms/ep: 104.4 | LR: 8.38e-05 | ETA: 15.3min
[41210/50000] Loss: 1.2876e-02 | PDE: 1.2248e-03 | Holes: 3.8880e-06 | Ext: 3.5785e-04 | ms/ep: 104.6 | LR: 8.36e-05 | ETA: 15.3min
[41220/50000] Loss: 1.3876e-02 | PDE: 1.8967e-03 | Holes: 6.4648e-06 | Ext: 4.1044e-04 | ms/ep: 104.3 | LR: 8.34e-05 | ETA: 15.3min
[41230/50000] Loss: 1.3030e-02 | PDE: 1.2465e-03 | Holes: 5.7246e-06 | Ext: 3.9157e-04 | ms/ep: 104.3 | LR: 8.33e-05 | ETA: 15.2min
[41240/50000] Loss: 1.2784e-02 | PDE: 1.1779e-03 | Holes: 3.6236e-06 | Ext: 3.8126e-04 | ms/ep: 104.3 | LR: 8.31e-05 | ETA: 15.2min
[41250/50000] Loss: 1.2731e-02 | PDE: 1.1845e-03 | Holes: 3.2916e-06 | Ext: 3.7205e-04 | ms/ep: 104.4 | LR: 8.29e-05 | ETA: 15.2min
[41260/50000] Loss: 1.2717e-02 | PDE: 1.1787e-03 | Holes: 3.1598e-06 | Ext: 3.6814e-04 | ms/ep: 104.3 | LR: 8.28e-05 | ETA: 15.2min
[41270/50000] Loss: 1.2633e-02 | PDE: 1.1215e-03 | Holes: 3.0360e-06 | Ext: 3.6793e-04 | ms/ep: 104.6 | LR: 8.26e-05 | ETA: 15.2min
[41280/50000] Loss: 1.4164e-02 | PDE: 2.5055e-03 | Holes: 3.7990e-06 | Ext: 3.9402e-04 | ms/ep: 104.3 | LR: 8.25e-05 | ETA: 15.2min
[41290/50000] Loss: 1.3002e-02 | PDE: 1.3197e-03 | Holes: 3.7175e-06 | Ext: 3.9230e-04 | ms/ep: 104.1 | LR: 8.23e-05 | ETA: 15.1min
[41300/50000] Loss: 1.2833e-02 | PDE: 1.2860e-03 | Holes: 3.4193e-06 | Ext: 3.7255e-04 | ms/ep: 104.7 | LR: 8.21e-05 | ETA: 15.2min
[41310/50000] Loss: 1.2763e-02 | PDE: 1.2410e-03 | Holes: 3.1013e-06 | Ext: 3.6975e-04 | ms/ep: 104.3 | LR: 8.20e-05 | ETA: 15.1min
[41320/50000] Loss: 1.2723e-02 | PDE: 1.2078e-03 | Holes: 3.3069e-06 | Ext: 3.6084e-04 | ms/ep: 104.7 | LR: 8.18e-05 | ETA: 15.1min
[41330/50000] Loss: 1.2666e-02 | PDE: 1.1595e-03 | Holes: 3.2130e-06 | Ext: 3.6851e-04 | ms/ep: 104.2 | LR: 8.16e-05 | ETA: 15.1min
[41340/50000] Loss: 1.2637e-02 | PDE: 1.1535e-03 | Holes: 3.1624e-06 | Ext: 3.6552e-04 | ms/ep: 104.1 | LR: 8.15e-05 | ETA: 15.0min
[41350/50000] Loss: 1.2629e-02 | PDE: 1.1588e-03 | Holes: 3.0403e-06 | Ext: 3.6211e-04 | ms/ep: 104.3 | LR: 8.13e-05 | ETA: 15.0min
[41360/50000] Loss: 1.2981e-02 | PDE: 1.4057e-03 | Holes: 3.2113e-06 | Ext: 3.4818e-04 | ms/ep: 104.4 | LR: 8.12e-05 | ETA: 15.0min
[41370/50000] Loss: 1.2663e-02 | PDE: 1.1572e-03 | Holes: 3.5433e-06 | Ext: 3.6340e-04 | ms/ep: 104.4 | LR: 8.10e-05 | ETA: 15.0min
[41380/50000] Loss: 1.2667e-02 | PDE: 1.1754e-03 | Holes: 3.1344e-06 | Ext: 3.7625e-04 | ms/ep: 104.2 | LR: 8.08e-05 | ETA: 15.0min
[41390/50000] Loss: 1.2587e-02 | PDE: 1.1333e-03 | Holes: 3.0739e-06 | Ext: 3.6276e-04 | ms/ep: 104.2 | LR: 8.07e-05 | ETA: 14.9min
[41400/50000] Loss: 1.2757e-02 | PDE: 1.2492e-03 | Holes: 3.6653e-06 | Ext: 3.7609e-04 | ms/ep: 104.5 | LR: 8.05e-05 | ETA: 15.0min
[41410/50000] Loss: 1.3216e-02 | PDE: 1.7100e-03 | Holes: 3.4741e-06 | Ext: 3.8100e-04 | ms/ep: 104.4 | LR: 8.04e-05 | ETA: 14.9min
[41420/50000] Loss: 1.2624e-02 | PDE: 1.1642e-03 | Holes: 3.1691e-06 | Ext: 3.6658e-04 | ms/ep: 104.5 | LR: 8.02e-05 | ETA: 14.9min
[41430/50000] Loss: 1.2601e-02 | PDE: 1.1595e-03 | Holes: 3.1559e-06 | Ext: 3.6160e-04 | ms/ep: 104.4 | LR: 8.00e-05 | ETA: 14.9min
[41440/50000] Loss: 1.2605e-02 | PDE: 1.1583e-03 | Holes: 3.3304e-06 | Ext: 3.6010e-04 | ms/ep: 104.4 | LR: 7.99e-05 | ETA: 14.9min
[41450/50000] Loss: 1.2662e-02 | PDE: 1.2076e-03 | Holes: 3.3678e-06 | Ext: 3.7182e-04 | ms/ep: 104.3 | LR: 7.97e-05 | ETA: 14.9min
[41460/50000] Loss: 1.2564e-02 | PDE: 1.1516e-03 | Holes: 3.1098e-06 | Ext: 3.6564e-04 | ms/ep: 104.4 | LR: 7.96e-05 | ETA: 14.9min
[41470/50000] Loss: 1.3240e-02 | PDE: 1.7291e-03 | Holes: 3.7836e-06 | Ext: 3.8386e-04 | ms/ep: 104.3 | LR: 7.94e-05 | ETA: 14.8min
[41480/50000] Loss: 1.2736e-02 | PDE: 1.2752e-03 | Holes: 3.8630e-06 | Ext: 3.6193e-04 | ms/ep: 104.4 | LR: 7.92e-05 | ETA: 14.8min
[41490/50000] Loss: 1.2706e-02 | PDE: 1.2061e-03 | Holes: 4.4479e-06 | Ext: 3.6086e-04 | ms/ep: 104.6 | LR: 7.91e-05 | ETA: 14.8min
[41500/50000] Loss: 1.2524e-02 | PDE: 1.1190e-03 | Holes: 3.1624e-06 | Ext: 3.6507e-04 | ms/ep: 104.4 | LR: 7.89e-05 | ETA: 14.8min
[41510/50000] Loss: 1.2555e-02 | PDE: 1.1462e-03 | Holes: 3.3024e-06 | Ext: 3.6512e-04 | ms/ep: 104.6 | LR: 7.88e-05 | ETA: 14.8min
[41520/50000] Loss: 1.2566e-02 | PDE: 1.1848e-03 | Holes: 3.1111e-06 | Ext: 3.6569e-04 | ms/ep: 104.4 | LR: 7.86e-05 | ETA: 14.8min
[41530/50000] Loss: 1.2830e-02 | PDE: 1.4157e-03 | Holes: 3.6128e-06 | Ext: 3.6940e-04 | ms/ep: 104.4 | LR: 7.85e-05 | ETA: 14.7min
[41540/50000] Loss: 1.2569e-02 | PDE: 1.1857e-03 | Holes: 3.1228e-06 | Ext: 3.6926e-04 | ms/ep: 104.3 | LR: 7.83e-05 | ETA: 14.7min
[41550/50000] Loss: 1.2950e-02 | PDE: 1.4921e-03 | Holes: 4.7113e-06 | Ext: 3.5608e-04 | ms/ep: 104.3 | LR: 7.81e-05 | ETA: 14.7min
[41560/50000] Loss: 1.2650e-02 | PDE: 1.2232e-03 | Holes: 3.9594e-06 | Ext: 3.6412e-04 | ms/ep: 104.5 | LR: 7.80e-05 | ETA: 14.7min
[41570/50000] Loss: 1.2562e-02 | PDE: 1.1586e-03 | Holes: 3.9320e-06 | Ext: 3.6373e-04 | ms/ep: 104.3 | LR: 7.78e-05 | ETA: 14.6min
[41580/50000] Loss: 1.3486e-02 | PDE: 1.9669e-03 | Holes: 4.0205e-06 | Ext: 3.3804e-04 | ms/ep: 104.4 | LR: 7.77e-05 | ETA: 14.7min
[41590/50000] Loss: 1.2980e-02 | PDE: 1.4963e-03 | Holes: 3.4203e-06 | Ext: 3.5227e-04 | ms/ep: 104.3 | LR: 7.75e-05 | ETA: 14.6min
[41600/50000] Loss: 1.2547e-02 | PDE: 1.1782e-03 | Holes: 3.1850e-06 | Ext: 3.5778e-04 | ms/ep: 104.5 | LR: 7.74e-05 | ETA: 14.6min
[41610/50000] Loss: 1.2522e-02 | PDE: 1.1506e-03 | Holes: 3.1146e-06 | Ext: 3.7392e-04 | ms/ep: 104.3 | LR: 7.72e-05 | ETA: 14.6min
[41620/50000] Loss: 1.2539e-02 | PDE: 1.1873e-03 | Holes: 3.4456e-06 | Ext: 3.6060e-04 | ms/ep: 104.5 | LR: 7.70e-05 | ETA: 14.6min
[41630/50000] Loss: 1.2482e-02 | PDE: 1.1391e-03 | Holes: 3.1796e-06 | Ext: 3.6840e-04 | ms/ep: 104.3 | LR: 7.69e-05 | ETA: 14.5min
[41640/50000] Loss: 1.2467e-02 | PDE: 1.1439e-03 | Holes: 3.1133e-06 | Ext: 3.6376e-04 | ms/ep: 104.3 | LR: 7.67e-05 | ETA: 14.5min
[41650/50000] Loss: 1.2855e-02 | PDE: 1.4963e-03 | Holes: 3.3306e-06 | Ext: 3.7418e-04 | ms/ep: 104.4 | LR: 7.66e-05 | ETA: 14.5min
[41660/50000] Loss: 1.2558e-02 | PDE: 1.2269e-03 | Holes: 3.1948e-06 | Ext: 3.5769e-04 | ms/ep: 104.3 | LR: 7.64e-05 | ETA: 14.5min
[41670/50000] Loss: 1.2479e-02 | PDE: 1.1587e-03 | Holes: 3.1718e-06 | Ext: 3.5349e-04 | ms/ep: 104.7 | LR: 7.63e-05 | ETA: 14.5min
[41680/50000] Loss: 1.2535e-02 | PDE: 1.2139e-03 | Holes: 3.3851e-06 | Ext: 3.5143e-04 | ms/ep: 104.1 | LR: 7.61e-05 | ETA: 14.4min
[41690/50000] Loss: 1.2504e-02 | PDE: 1.1706e-03 | Holes: 3.5021e-06 | Ext: 3.6653e-04 | ms/ep: 104.4 | LR: 7.60e-05 | ETA: 14.5min
[41700/50000] Loss: 1.2398e-02 | PDE: 1.1155e-03 | Holes: 3.0432e-06 | Ext: 3.6197e-04 | ms/ep: 104.4 | LR: 7.58e-05 | ETA: 14.4min
[41710/50000] Loss: 1.3022e-02 | PDE: 1.5985e-03 | Holes: 4.2482e-06 | Ext: 3.8131e-04 | ms/ep: 104.4 | LR: 7.56e-05 | ETA: 14.4min
[41720/50000] Loss: 1.2442e-02 | PDE: 1.1444e-03 | Holes: 3.0537e-06 | Ext: 3.5606e-04 | ms/ep: 104.6 | LR: 7.55e-05 | ETA: 14.4min
[41730/50000] Loss: 1.4018e-02 | PDE: 2.2003e-03 | Holes: 6.9494e-06 | Ext: 4.0794e-04 | ms/ep: 104.1 | LR: 7.53e-05 | ETA: 14.4min
[41740/50000] Loss: 1.2942e-02 | PDE: 1.2472e-03 | Holes: 8.5814e-06 | Ext: 3.7653e-04 | ms/ep: 104.4 | LR: 7.52e-05 | ETA: 14.4min
[41750/50000] Loss: 1.2602e-02 | PDE: 1.2350e-03 | Holes: 4.4125e-06 | Ext: 3.7056e-04 | ms/ep: 104.6 | LR: 7.50e-05 | ETA: 14.4min
[41760/50000] Loss: 1.2373e-02 | PDE: 1.1095e-03 | Holes: 3.0956e-06 | Ext: 3.5809e-04 | ms/ep: 104.6 | LR: 7.49e-05 | ETA: 14.4min
[41770/50000] Loss: 1.2354e-02 | PDE: 1.1045e-03 | Holes: 3.0867e-06 | Ext: 3.5712e-04 | ms/ep: 104.3 | LR: 7.47e-05 | ETA: 14.3min
[41780/50000] Loss: 1.2328e-02 | PDE: 1.0971e-03 | Holes: 2.9985e-06 | Ext: 3.5673e-04 | ms/ep: 121.5 | LR: 7.46e-05 | ETA: 16.7min
[41790/50000] Loss: 1.2910e-02 | PDE: 1.5523e-03 | Holes: 5.3818e-06 | Ext: 3.4952e-04 | ms/ep: 104.6 | LR: 7.44e-05 | ETA: 14.3min
[41800/50000] Loss: 1.3831e-02 | PDE: 1.8071e-03 | Holes: 1.0869e-05 | Ext: 3.3718e-04 | ms/ep: 122.1 | LR: 7.43e-05 | ETA: 16.7min
[41810/50000] Loss: 1.2773e-02 | PDE: 1.3655e-03 | Holes: 3.7644e-06 | Ext: 3.8418e-04 | ms/ep: 127.2 | LR: 7.41e-05 | ETA: 17.4min
[41820/50000] Loss: 1.2597e-02 | PDE: 1.2823e-03 | Holes: 3.5413e-06 | Ext: 3.4919e-04 | ms/ep: 120.5 | LR: 7.40e-05 | ETA: 16.4min
[41830/50000] Loss: 1.2406e-02 | PDE: 1.1502e-03 | Holes: 3.0365e-06 | Ext: 3.6962e-04 | ms/ep: 118.7 | LR: 7.38e-05 | ETA: 16.2min
[41840/50000] Loss: 1.2337e-02 | PDE: 1.1186e-03 | Holes: 3.0386e-06 | Ext: 3.5400e-04 | ms/ep: 118.6 | LR: 7.36e-05 | ETA: 16.1min
[41850/50000] Loss: 1.2322e-02 | PDE: 1.1153e-03 | Holes: 3.0254e-06 | Ext: 3.5769e-04 | ms/ep: 119.0 | LR: 7.35e-05 | ETA: 16.2min
[41860/50000] Loss: 1.2481e-02 | PDE: 1.2341e-03 | Holes: 3.8299e-06 | Ext: 3.5336e-04 | ms/ep: 109.9 | LR: 7.33e-05 | ETA: 14.9min
[41870/50000] Loss: 1.2418e-02 | PDE: 1.1871e-03 | Holes: 3.6189e-06 | Ext: 3.5908e-04 | ms/ep: 109.4 | LR: 7.32e-05 | ETA: 14.8min
[41880/50000] Loss: 1.2292e-02 | PDE: 1.1059e-03 | Holes: 3.0584e-06 | Ext: 3.5221e-04 | ms/ep: 118.4 | LR: 7.30e-05 | ETA: 16.0min
[41890/50000] Loss: 1.2295e-02 | PDE: 1.1160e-03 | Holes: 3.0415e-06 | Ext: 3.5364e-04 | ms/ep: 107.7 | LR: 7.29e-05 | ETA: 14.6min
[41900/50000] Loss: 1.2778e-02 | PDE: 1.5527e-03 | Holes: 3.6209e-06 | Ext: 3.4376e-04 | ms/ep: 105.0 | LR: 7.27e-05 | ETA: 14.2min
[41910/50000] Loss: 1.2512e-02 | PDE: 1.2872e-03 | Holes: 3.9907e-06 | Ext: 3.5164e-04 | ms/ep: 108.4 | LR: 7.26e-05 | ETA: 14.6min
[41920/50000] Loss: 1.2272e-02 | PDE: 1.0978e-03 | Holes: 3.0267e-06 | Ext: 3.5530e-04 | ms/ep: 110.6 | LR: 7.24e-05 | ETA: 14.9min
[41930/50000] Loss: 1.2255e-02 | PDE: 1.0971e-03 | Holes: 2.9574e-06 | Ext: 3.5345e-04 | ms/ep: 116.0 | LR: 7.23e-05 | ETA: 15.6min
[41940/50000] Loss: 1.2657e-02 | PDE: 1.3827e-03 | Holes: 4.2172e-06 | Ext: 3.7004e-04 | ms/ep: 125.1 | LR: 7.21e-05 | ETA: 16.8min
[41950/50000] Loss: 1.2303e-02 | PDE: 1.1427e-03 | Holes: 3.0816e-06 | Ext: 3.5339e-04 | ms/ep: 122.0 | LR: 7.20e-05 | ETA: 16.4min
[41960/50000] Loss: 1.2244e-02 | PDE: 1.1057e-03 | Holes: 3.0020e-06 | Ext: 3.5356e-04 | ms/ep: 118.4 | LR: 7.18e-05 | ETA: 15.9min
[41970/50000] Loss: 1.2659e-02 | PDE: 1.4335e-03 | Holes: 3.7057e-06 | Ext: 3.7049e-04 | ms/ep: 105.7 | LR: 7.17e-05 | ETA: 14.1min
[41980/50000] Loss: 1.2479e-02 | PDE: 1.2688e-03 | Holes: 3.4079e-06 | Ext: 3.4418e-04 | ms/ep: 104.3 | LR: 7.15e-05 | ETA: 13.9min
[41990/50000] Loss: 1.2489e-02 | PDE: 1.3282e-03 | Holes: 3.5226e-06 | Ext: 3.5559e-04 | ms/ep: 108.2 | LR: 7.14e-05 | ETA: 14.4min
[42000/50000] Loss: 1.2417e-02 | PDE: 1.2266e-03 | Holes: 3.4966e-06 | Ext: 3.6289e-04 | ms/ep: 104.2 | LR: 7.12e-05 | ETA: 13.9min
[42010/50000] Loss: 1.2354e-02 | PDE: 1.1544e-03 | Holes: 3.9499e-06 | Ext: 3.6272e-04 | ms/ep: 104.3 | LR: 7.11e-05 | ETA: 13.9min
[42020/50000] Loss: 1.2213e-02 | PDE: 1.0970e-03 | Holes: 3.0346e-06 | Ext: 3.5593e-04 | ms/ep: 104.6 | LR: 7.09e-05 | ETA: 13.9min
[42030/50000] Loss: 1.2273e-02 | PDE: 1.1459e-03 | Holes: 3.3157e-06 | Ext: 3.5479e-04 | ms/ep: 104.4 | LR: 7.08e-05 | ETA: 13.9min
[42040/50000] Loss: 1.2299e-02 | PDE: 1.1916e-03 | Holes: 3.0563e-06 | Ext: 3.5803e-04 | ms/ep: 104.5 | LR: 7.06e-05 | ETA: 13.9min
[42050/50000] Loss: 1.2304e-02 | PDE: 1.1817e-03 | Holes: 3.1884e-06 | Ext: 3.6043e-04 | ms/ep: 104.5 | LR: 7.05e-05 | ETA: 13.8min
[42060/50000] Loss: 1.2243e-02 | PDE: 1.1534e-03 | Holes: 3.0907e-06 | Ext: 3.5367e-04 | ms/ep: 104.4 | LR: 7.03e-05 | ETA: 13.8min
[42070/50000] Loss: 1.2717e-02 | PDE: 1.5091e-03 | Holes: 3.9380e-06 | Ext: 3.7236e-04 | ms/ep: 116.1 | LR: 7.02e-05 | ETA: 15.3min
[42080/50000] Loss: 1.2358e-02 | PDE: 1.2307e-03 | Holes: 3.4768e-06 | Ext: 3.4165e-04 | ms/ep: 122.3 | LR: 7.00e-05 | ETA: 16.1min
[42090/50000] Loss: 1.2247e-02 | PDE: 1.1604e-03 | Holes: 3.1142e-06 | Ext: 3.5300e-04 | ms/ep: 104.5 | LR: 6.99e-05 | ETA: 13.8min
[42100/50000] Loss: 1.2155e-02 | PDE: 1.0928e-03 | Holes: 2.9644e-06 | Ext: 3.5224e-04 | ms/ep: 104.7 | LR: 6.97e-05 | ETA: 13.8min
[42110/50000] Loss: 1.2397e-02 | PDE: 1.2796e-03 | Holes: 4.0433e-06 | Ext: 3.4415e-04 | ms/ep: 104.2 | LR: 6.96e-05 | ETA: 13.7min
[42120/50000] Loss: 1.2191e-02 | PDE: 1.1238e-03 | Holes: 3.2228e-06 | Ext: 3.4651e-04 | ms/ep: 104.5 | LR: 6.94e-05 | ETA: 13.7min
[42130/50000] Loss: 1.2903e-02 | PDE: 1.7254e-03 | Holes: 3.8720e-06 | Ext: 3.3267e-04 | ms/ep: 104.3 | LR: 6.93e-05 | ETA: 13.7min
[42140/50000] Loss: 1.2620e-02 | PDE: 1.4051e-03 | Holes: 5.3178e-06 | Ext: 3.3983e-04 | ms/ep: 104.9 | LR: 6.91e-05 | ETA: 13.7min
[42150/50000] Loss: 1.2360e-02 | PDE: 1.2100e-03 | Holes: 4.3554e-06 | Ext: 3.4430e-04 | ms/ep: 104.5 | LR: 6.90e-05 | ETA: 13.7min
[42160/50000] Loss: 1.2167e-02 | PDE: 1.1188e-03 | Holes: 2.9994e-06 | Ext: 3.4485e-04 | ms/ep: 105.7 | LR: 6.89e-05 | ETA: 13.8min
[42170/50000] Loss: 1.2111e-02 | PDE: 1.0808e-03 | Holes: 2.9875e-06 | Ext: 3.5009e-04 | ms/ep: 105.7 | LR: 6.87e-05 | ETA: 13.8min
[42180/50000] Loss: 1.2416e-02 | PDE: 1.3067e-03 | Holes: 3.7667e-06 | Ext: 3.6289e-04 | ms/ep: 105.2 | LR: 6.86e-05 | ETA: 13.7min
[42190/50000] Loss: 1.2101e-02 | PDE: 1.0815e-03 | Holes: 2.9472e-06 | Ext: 3.5140e-04 | ms/ep: 105.0 | LR: 6.84e-05 | ETA: 13.7min
[42200/50000] Loss: 1.2109e-02 | PDE: 1.1001e-03 | Holes: 3.0220e-06 | Ext: 3.4640e-04 | ms/ep: 105.2 | LR: 6.83e-05 | ETA: 13.7min
[42210/50000] Loss: 1.2128e-02 | PDE: 1.1230e-03 | Holes: 3.0651e-06 | Ext: 3.4319e-04 | ms/ep: 105.0 | LR: 6.81e-05 | ETA: 13.6min
[42220/50000] Loss: 1.2438e-02 | PDE: 1.2807e-03 | Holes: 4.7230e-06 | Ext: 3.4276e-04 | ms/ep: 105.4 | LR: 6.80e-05 | ETA: 13.7min
[42230/50000] Loss: 1.2279e-02 | PDE: 1.1768e-03 | Holes: 3.7464e-06 | Ext: 3.5710e-04 | ms/ep: 105.3 | LR: 6.78e-05 | ETA: 13.6min
[42240/50000] Loss: 1.2691e-02 | PDE: 1.3157e-03 | Holes: 6.1373e-06 | Ext: 3.7302e-04 | ms/ep: 104.8 | LR: 6.77e-05 | ETA: 13.6min
[42250/50000] Loss: 1.2587e-02 | PDE: 1.4384e-03 | Holes: 4.3642e-06 | Ext: 3.6644e-04 | ms/ep: 104.6 | LR: 6.75e-05 | ETA: 13.5min
[42260/50000] Loss: 1.2244e-02 | PDE: 1.2180e-03 | Holes: 3.1790e-06 | Ext: 3.4671e-04 | ms/ep: 104.9 | LR: 6.74e-05 | ETA: 13.5min
[42270/50000] Loss: 1.2104e-02 | PDE: 1.0925e-03 | Holes: 3.1672e-06 | Ext: 3.5026e-04 | ms/ep: 104.4 | LR: 6.72e-05 | ETA: 13.4min
[42280/50000] Loss: 1.2084e-02 | PDE: 1.0935e-03 | Holes: 3.0930e-06 | Ext: 3.4925e-04 | ms/ep: 104.5 | LR: 6.71e-05 | ETA: 13.4min
[42290/50000] Loss: 1.2055e-02 | PDE: 1.0778e-03 | Holes: 3.0327e-06 | Ext: 3.4853e-04 | ms/ep: 105.3 | LR: 6.70e-05 | ETA: 13.5min
[42300/50000] Loss: 1.2040e-02 | PDE: 1.0763e-03 | Holes: 2.9509e-06 | Ext: 3.4608e-04 | ms/ep: 105.3 | LR: 6.68e-05 | ETA: 13.5min
[42310/50000] Loss: 1.2177e-02 | PDE: 1.2015e-03 | Holes: 3.2848e-06 | Ext: 3.4121e-04 | ms/ep: 104.6 | LR: 6.67e-05 | ETA: 13.4min
[42320/50000] Loss: 1.2069e-02 | PDE: 1.0979e-03 | Holes: 3.1098e-06 | Ext: 3.4699e-04 | ms/ep: 104.8 | LR: 6.65e-05 | ETA: 13.4min
[42330/50000] Loss: 1.2074e-02 | PDE: 1.1101e-03 | Holes: 3.1126e-06 | Ext: 3.4854e-04 | ms/ep: 104.3 | LR: 6.64e-05 | ETA: 13.3min
[42340/50000] Loss: 1.2020e-02 | PDE: 1.0792e-03 | Holes: 2.9370e-06 | Ext: 3.4762e-04 | ms/ep: 122.1 | LR: 6.62e-05 | ETA: 15.6min
[42350/50000] Loss: 1.2488e-02 | PDE: 1.4893e-03 | Holes: 3.5270e-06 | Ext: 3.5902e-04 | ms/ep: 121.5 | LR: 6.61e-05 | ETA: 15.5min
[42360/50000] Loss: 1.2128e-02 | PDE: 1.1517e-03 | Holes: 3.4110e-06 | Ext: 3.3953e-04 | ms/ep: 117.5 | LR: 6.59e-05 | ETA: 15.0min
[42370/50000] Loss: 1.2058e-02 | PDE: 1.1176e-03 | Holes: 3.0437e-06 | Ext: 3.4722e-04 | ms/ep: 106.1 | LR: 6.58e-05 | ETA: 13.5min
[42380/50000] Loss: 1.2024e-02 | PDE: 1.0937e-03 | Holes: 2.9637e-06 | Ext: 3.5012e-04 | ms/ep: 118.9 | LR: 6.57e-05 | ETA: 15.1min
[42390/50000] Loss: 1.1996e-02 | PDE: 1.0764e-03 | Holes: 2.9422e-06 | Ext: 3.4816e-04 | ms/ep: 105.0 | LR: 6.55e-05 | ETA: 13.3min
[42400/50000] Loss: 1.2143e-02 | PDE: 1.1951e-03 | Holes: 3.2954e-06 | Ext: 3.5182e-04 | ms/ep: 105.6 | LR: 6.54e-05 | ETA: 13.4min
[42410/50000] Loss: 1.2021e-02 | PDE: 1.1130e-03 | Holes: 3.0120e-06 | Ext: 3.4625e-04 | ms/ep: 105.0 | LR: 6.52e-05 | ETA: 13.3min
[42420/50000] Loss: 1.2028e-02 | PDE: 1.1137e-03 | Holes: 3.0477e-06 | Ext: 3.4999e-04 | ms/ep: 106.0 | LR: 6.51e-05 | ETA: 13.4min
[42430/50000] Loss: 1.3016e-02 | PDE: 1.9116e-03 | Holes: 4.3959e-06 | Ext: 3.7267e-04 | ms/ep: 105.0 | LR: 6.49e-05 | ETA: 13.2min
[42440/50000] Loss: 1.2165e-02 | PDE: 1.2359e-03 | Holes: 3.2286e-06 | Ext: 3.5261e-04 | ms/ep: 104.8 | LR: 6.48e-05 | ETA: 13.2min
[42450/50000] Loss: 1.2001e-02 | PDE: 1.0967e-03 | Holes: 3.1424e-06 | Ext: 3.4535e-04 | ms/ep: 104.4 | LR: 6.47e-05 | ETA: 13.1min
[42460/50000] Loss: 1.1981e-02 | PDE: 1.0902e-03 | Holes: 3.0030e-06 | Ext: 3.4730e-04 | ms/ep: 104.9 | LR: 6.45e-05 | ETA: 13.2min
[42470/50000] Loss: 1.1961e-02 | PDE: 1.0761e-03 | Holes: 2.9783e-06 | Ext: 3.4739e-04 | ms/ep: 105.7 | LR: 6.44e-05 | ETA: 13.3min
[42480/50000] Loss: 1.1958e-02 | PDE: 1.0804e-03 | Holes: 2.9517e-06 | Ext: 3.4698e-04 | ms/ep: 118.2 | LR: 6.42e-05 | ETA: 14.8min
[42490/50000] Loss: 1.1941e-02 | PDE: 1.0745e-03 | Holes: 2.9447e-06 | Ext: 3.4538e-04 | ms/ep: 125.7 | LR: 6.41e-05 | ETA: 15.7min
[42500/50000] Loss: 1.2020e-02 | PDE: 1.1203e-03 | Holes: 3.3785e-06 | Ext: 3.4804e-04 | ms/ep: 125.5 | LR: 6.40e-05 | ETA: 15.7min
[42510/50000] Loss: 1.2504e-02 | PDE: 1.5139e-03 | Holes: 4.0804e-06 | Ext: 3.6243e-04 | ms/ep: 118.0 | LR: 6.38e-05 | ETA: 14.7min
[42520/50000] Loss: 1.1977e-02 | PDE: 1.1088e-03 | Holes: 3.0171e-06 | Ext: 3.3821e-04 | ms/ep: 106.4 | LR: 6.37e-05 | ETA: 13.3min
[42530/50000] Loss: 1.2266e-02 | PDE: 1.3509e-03 | Holes: 4.0544e-06 | Ext: 3.3764e-04 | ms/ep: 106.6 | LR: 6.35e-05 | ETA: 13.3min
[42540/50000] Loss: 1.2076e-02 | PDE: 1.1754e-03 | Holes: 3.6834e-06 | Ext: 3.4136e-04 | ms/ep: 106.4 | LR: 6.34e-05 | ETA: 13.2min
[42550/50000] Loss: 1.1990e-02 | PDE: 1.1042e-03 | Holes: 3.7664e-06 | Ext: 3.4453e-04 | ms/ep: 114.0 | LR: 6.32e-05 | ETA: 14.2min
[42560/50000] Loss: 1.1899e-02 | PDE: 1.0670e-03 | Holes: 2.9479e-06 | Ext: 3.4284e-04 | ms/ep: 126.0 | LR: 6.31e-05 | ETA: 15.6min
[42570/50000] Loss: 1.1895e-02 | PDE: 1.0707e-03 | Holes: 2.9496e-06 | Ext: 3.4046e-04 | ms/ep: 125.2 | LR: 6.30e-05 | ETA: 15.5min
[42580/50000] Loss: 1.2093e-02 | PDE: 1.2455e-03 | Holes: 3.3459e-06 | Ext: 3.3165e-04 | ms/ep: 127.7 | LR: 6.28e-05 | ETA: 15.8min
[42590/50000] Loss: 1.2127e-02 | PDE: 1.2096e-03 | Holes: 4.0327e-06 | Ext: 3.5128e-04 | ms/ep: 121.9 | LR: 6.27e-05 | ETA: 15.1min
[42600/50000] Loss: 1.2095e-02 | PDE: 1.2193e-03 | Holes: 3.1763e-06 | Ext: 3.5467e-04 | ms/ep: 127.6 | LR: 6.25e-05 | ETA: 15.7min
[42610/50000] Loss: 1.1911e-02 | PDE: 1.0840e-03 | Holes: 3.0614e-06 | Ext: 3.4761e-04 | ms/ep: 122.5 | LR: 6.24e-05 | ETA: 15.1min
[42620/50000] Loss: 1.1927e-02 | PDE: 1.0770e-03 | Holes: 3.5090e-06 | Ext: 3.4310e-04 | ms/ep: 123.8 | LR: 6.23e-05 | ETA: 15.2min
[42630/50000] Loss: 1.1906e-02 | PDE: 1.0842e-03 | Holes: 3.0363e-06 | Ext: 3.4795e-04 | ms/ep: 106.3 | LR: 6.21e-05 | ETA: 13.1min
[42640/50000] Loss: 1.1875e-02 | PDE: 1.0734e-03 | Holes: 2.9779e-06 | Ext: 3.4317e-04 | ms/ep: 106.1 | LR: 6.20e-05 | ETA: 13.0min
[42650/50000] Loss: 1.1850e-02 | PDE: 1.0652e-03 | Holes: 2.9126e-06 | Ext: 3.4032e-04 | ms/ep: 109.9 | LR: 6.19e-05 | ETA: 13.5min
[42660/50000] Loss: 1.2357e-02 | PDE: 1.4473e-03 | Holes: 4.0980e-06 | Ext: 3.5602e-04 | ms/ep: 106.4 | LR: 6.17e-05 | ETA: 13.0min
[42670/50000] Loss: 1.2221e-02 | PDE: 1.3206e-03 | Holes: 3.9859e-06 | Ext: 3.5847e-04 | ms/ep: 105.9 | LR: 6.16e-05 | ETA: 12.9min
[42680/50000] Loss: 1.1944e-02 | PDE: 1.1535e-03 | Holes: 3.0103e-06 | Ext: 3.3539e-04 | ms/ep: 106.3 | LR: 6.14e-05 | ETA: 13.0min
[42690/50000] Loss: 1.1828e-02 | PDE: 1.0618e-03 | Holes: 2.9265e-06 | Ext: 3.3989e-04 | ms/ep: 106.4 | LR: 6.13e-05 | ETA: 13.0min
[42700/50000] Loss: 1.1833e-02 | PDE: 1.0707e-03 | Holes: 2.9231e-06 | Ext: 3.4183e-04 | ms/ep: 106.1 | LR: 6.12e-05 | ETA: 12.9min
[42710/50000] Loss: 1.2236e-02 | PDE: 1.4253e-03 | Holes: 3.7200e-06 | Ext: 3.4287e-04 | ms/ep: 106.9 | LR: 6.10e-05 | ETA: 13.0min
[42720/50000] Loss: 1.1935e-02 | PDE: 1.1115e-03 | Holes: 3.9502e-06 | Ext: 3.4318e-04 | ms/ep: 106.3 | LR: 6.09e-05 | ETA: 12.9min
[42730/50000] Loss: 1.1844e-02 | PDE: 1.0869e-03 | Holes: 2.9982e-06 | Ext: 3.3432e-04 | ms/ep: 104.3 | LR: 6.08e-05 | ETA: 12.6min
[42740/50000] Loss: 1.1836e-02 | PDE: 1.0891e-03 | Holes: 2.9909e-06 | Ext: 3.3452e-04 | ms/ep: 104.3 | LR: 6.06e-05 | ETA: 12.6min
[42750/50000] Loss: 1.2446e-02 | PDE: 1.6001e-03 | Holes: 4.1918e-06 | Ext: 3.2255e-04 | ms/ep: 106.7 | LR: 6.05e-05 | ETA: 12.9min
[42760/50000] Loss: 1.1968e-02 | PDE: 1.1820e-03 | Holes: 3.0495e-06 | Ext: 3.5287e-04 | ms/ep: 120.5 | LR: 6.03e-05 | ETA: 14.5min
[42770/50000] Loss: 1.1837e-02 | PDE: 1.0969e-03 | Holes: 2.9247e-06 | Ext: 3.4470e-04 | ms/ep: 115.4 | LR: 6.02e-05 | ETA: 13.9min
[42780/50000] Loss: 1.1849e-02 | PDE: 1.1018e-03 | Holes: 3.0518e-06 | Ext: 3.4617e-04 | ms/ep: 109.9 | LR: 6.01e-05 | ETA: 13.2min
[42790/50000] Loss: 1.1773e-02 | PDE: 1.0569e-03 | Holes: 2.9107e-06 | Ext: 3.3780e-04 | ms/ep: 104.5 | LR: 5.99e-05 | ETA: 12.6min
[42800/50000] Loss: 1.2078e-02 | PDE: 1.2957e-03 | Holes: 4.1907e-06 | Ext: 3.3384e-04 | ms/ep: 104.5 | LR: 5.98e-05 | ETA: 12.5min
[42810/50000] Loss: 1.1896e-02 | PDE: 1.1290e-03 | Holes: 3.8254e-06 | Ext: 3.3564e-04 | ms/ep: 125.3 | LR: 5.97e-05 | ETA: 15.0min
[42820/50000] Loss: 1.2174e-02 | PDE: 1.3875e-03 | Holes: 3.6891e-06 | Ext: 3.2360e-04 | ms/ep: 125.0 | LR: 5.95e-05 | ETA: 15.0min
[42830/50000] Loss: 1.1852e-02 | PDE: 1.1152e-03 | Holes: 3.2432e-06 | Ext: 3.4610e-04 | ms/ep: 104.9 | LR: 5.94e-05 | ETA: 12.5min
[42840/50000] Loss: 1.1781e-02 | PDE: 1.0823e-03 | Holes: 2.9462e-06 | Ext: 3.4054e-04 | ms/ep: 104.1 | LR: 5.93e-05 | ETA: 12.4min
[42850/50000] Loss: 1.2056e-02 | PDE: 1.3034e-03 | Holes: 4.0266e-06 | Ext: 3.3075e-04 | ms/ep: 104.8 | LR: 5.91e-05 | ETA: 12.5min
[42860/50000] Loss: 1.1849e-02 | PDE: 1.1444e-03 | Holes: 3.2159e-06 | Ext: 3.3971e-04 | ms/ep: 104.3 | LR: 5.90e-05 | ETA: 12.4min
[42870/50000] Loss: 1.1826e-02 | PDE: 1.1378e-03 | Holes: 2.9857e-06 | Ext: 3.4132e-04 | ms/ep: 104.5 | LR: 5.88e-05 | ETA: 12.4min
[42880/50000] Loss: 1.1845e-02 | PDE: 1.1406e-03 | Holes: 3.1082e-06 | Ext: 3.4532e-04 | ms/ep: 104.2 | LR: 5.87e-05 | ETA: 12.4min
[42890/50000] Loss: 1.1722e-02 | PDE: 1.0550e-03 | Holes: 2.8950e-06 | Ext: 3.3490e-04 | ms/ep: 104.4 | LR: 5.86e-05 | ETA: 12.4min
[42900/50000] Loss: 1.1853e-02 | PDE: 1.1715e-03 | Holes: 3.1284e-06 | Ext: 3.2769e-04 | ms/ep: 104.3 | LR: 5.84e-05 | ETA: 12.3min
[42910/50000] Loss: 1.1762e-02 | PDE: 1.0876e-03 | Holes: 3.0109e-06 | Ext: 3.3073e-04 | ms/ep: 104.2 | LR: 5.83e-05 | ETA: 12.3min
[42920/50000] Loss: 1.1948e-02 | PDE: 1.2462e-03 | Holes: 3.6013e-06 | Ext: 3.3111e-04 | ms/ep: 104.3 | LR: 5.82e-05 | ETA: 12.3min
[42930/50000] Loss: 1.1759e-02 | PDE: 1.0915e-03 | Holes: 3.0283e-06 | Ext: 3.3385e-04 | ms/ep: 104.5 | LR: 5.80e-05 | ETA: 12.3min
[42940/50000] Loss: 1.1713e-02 | PDE: 1.0611e-03 | Holes: 2.9201e-06 | Ext: 3.3590e-04 | ms/ep: 104.4 | LR: 5.79e-05 | ETA: 12.3min
[42950/50000] Loss: 1.1692e-02 | PDE: 1.0506e-03 | Holes: 2.9136e-06 | Ext: 3.3508e-04 | ms/ep: 104.5 | LR: 5.78e-05 | ETA: 12.3min
[42960/50000] Loss: 1.1793e-02 | PDE: 1.1308e-03 | Holes: 3.1090e-06 | Ext: 3.4160e-04 | ms/ep: 104.4 | LR: 5.76e-05 | ETA: 12.3min
[42970/50000] Loss: 1.1818e-02 | PDE: 1.1745e-03 | Holes: 3.0166e-06 | Ext: 3.4016e-04 | ms/ep: 104.2 | LR: 5.75e-05 | ETA: 12.2min
[42980/50000] Loss: 1.1743e-02 | PDE: 1.0995e-03 | Holes: 3.0179e-06 | Ext: 3.4028e-04 | ms/ep: 104.1 | LR: 5.74e-05 | ETA: 12.2min
[42990/50000] Loss: 1.1785e-02 | PDE: 1.1457e-03 | Holes: 3.2092e-06 | Ext: 3.3578e-04 | ms/ep: 104.5 | LR: 5.72e-05 | ETA: 12.2min
[43000/50000] Loss: 1.1678e-02 | PDE: 1.0583e-03 | Holes: 2.9428e-06 | Ext: 3.3363e-04 | ms/ep: 104.4 | LR: 5.71e-05 | ETA: 12.2min
[43010/50000] Loss: 1.1719e-02 | PDE: 1.1038e-03 | Holes: 2.9609e-06 | Ext: 3.3204e-04 | ms/ep: 104.4 | LR: 5.70e-05 | ETA: 12.2min
[43020/50000] Loss: 1.2103e-02 | PDE: 1.4169e-03 | Holes: 3.4654e-06 | Ext: 3.1867e-04 | ms/ep: 104.3 | LR: 5.68e-05 | ETA: 12.1min
[43030/50000] Loss: 1.1802e-02 | PDE: 1.1084e-03 | Holes: 3.8976e-06 | Ext: 3.4390e-04 | ms/ep: 104.4 | LR: 5.67e-05 | ETA: 12.1min
[43040/50000] Loss: 1.1717e-02 | PDE: 1.0772e-03 | Holes: 3.3715e-06 | Ext: 3.3933e-04 | ms/ep: 104.4 | LR: 5.66e-05 | ETA: 12.1min
[43050/50000] Loss: 1.1673e-02 | PDE: 1.0765e-03 | Holes: 2.9124e-06 | Ext: 3.3206e-04 | ms/ep: 104.6 | LR: 5.65e-05 | ETA: 12.1min
[43060/50000] Loss: 1.1655e-02 | PDE: 1.0651e-03 | Holes: 2.9278e-06 | Ext: 3.3614e-04 | ms/ep: 104.5 | LR: 5.63e-05 | ETA: 12.1min
[43070/50000] Loss: 1.1639e-02 | PDE: 1.0574e-03 | Holes: 2.8988e-06 | Ext: 3.3521e-04 | ms/ep: 104.4 | LR: 5.62e-05 | ETA: 12.1min
[43080/50000] Loss: 1.1958e-02 | PDE: 1.3197e-03 | Holes: 3.6991e-06 | Ext: 3.3540e-04 | ms/ep: 104.1 | LR: 5.61e-05 | ETA: 12.0min
[43090/50000] Loss: 1.1716e-02 | PDE: 1.0928e-03 | Holes: 3.4298e-06 | Ext: 3.3344e-04 | ms/ep: 104.4 | LR: 5.59e-05 | ETA: 12.0min
[43100/50000] Loss: 1.1678e-02 | PDE: 1.0770e-03 | Holes: 3.1502e-06 | Ext: 3.3553e-04 | ms/ep: 104.3 | LR: 5.58e-05 | ETA: 12.0min
[43110/50000] Loss: 1.1683e-02 | PDE: 1.0750e-03 | Holes: 3.4337e-06 | Ext: 3.3404e-04 | ms/ep: 104.4 | LR: 5.57e-05 | ETA: 12.0min
[43120/50000] Loss: 1.1617e-02 | PDE: 1.0552e-03 | Holes: 2.8913e-06 | Ext: 3.3125e-04 | ms/ep: 104.4 | LR: 5.55e-05 | ETA: 12.0min
[43130/50000] Loss: 1.1753e-02 | PDE: 1.1634e-03 | Holes: 3.5140e-06 | Ext: 3.3012e-04 | ms/ep: 104.5 | LR: 5.54e-05 | ETA: 12.0min
[43140/50000] Loss: 1.1598e-02 | PDE: 1.0450e-03 | Holes: 2.8745e-06 | Ext: 3.3340e-04 | ms/ep: 104.2 | LR: 5.53e-05 | ETA: 11.9min
[43150/50000] Loss: 1.1608e-02 | PDE: 1.0578e-03 | Holes: 2.9220e-06 | Ext: 3.3288e-04 | ms/ep: 104.1 | LR: 5.51e-05 | ETA: 11.9min
[43160/50000] Loss: 1.1594e-02 | PDE: 1.0526e-03 | Holes: 2.8966e-06 | Ext: 3.3316e-04 | ms/ep: 104.4 | LR: 5.50e-05 | ETA: 11.9min
[43170/50000] Loss: 1.2301e-02 | PDE: 1.6230e-03 | Holes: 3.8081e-06 | Ext: 3.5300e-04 | ms/ep: 104.4 | LR: 5.49e-05 | ETA: 11.9min
[43180/50000] Loss: 1.1705e-02 | PDE: 1.1235e-03 | Holes: 2.9362e-06 | Ext: 3.2401e-04 | ms/ep: 109.8 | LR: 5.48e-05 | ETA: 12.5min
[43190/50000] Loss: 1.1949e-02 | PDE: 1.2979e-03 | Holes: 3.6321e-06 | Ext: 3.5154e-04 | ms/ep: 120.8 | LR: 5.46e-05 | ETA: 13.7min
[43200/50000] Loss: 1.1733e-02 | PDE: 1.1361e-03 | Holes: 3.4948e-06 | Ext: 3.4102e-04 | ms/ep: 104.2 | LR: 5.45e-05 | ETA: 11.8min
[43210/50000] Loss: 1.1629e-02 | PDE: 1.0643e-03 | Holes: 3.3220e-06 | Ext: 3.3537e-04 | ms/ep: 119.6 | LR: 5.44e-05 | ETA: 13.5min
[43220/50000] Loss: 1.1567e-02 | PDE: 1.0453e-03 | Holes: 2.9186e-06 | Ext: 3.3151e-04 | ms/ep: 119.0 | LR: 5.42e-05 | ETA: 13.4min
[43230/50000] Loss: 1.1562e-02 | PDE: 1.0444e-03 | Holes: 2.9794e-06 | Ext: 3.3138e-04 | ms/ep: 124.7 | LR: 5.41e-05 | ETA: 14.1min
[43240/50000] Loss: 1.1612e-02 | PDE: 1.1012e-03 | Holes: 3.0076e-06 | Ext: 3.2665e-04 | ms/ep: 127.7 | LR: 5.40e-05 | ETA: 14.4min
[43250/50000] Loss: 1.1568e-02 | PDE: 1.0598e-03 | Holes: 2.9278e-06 | Ext: 3.3100e-04 | ms/ep: 119.7 | LR: 5.39e-05 | ETA: 13.5min
[43260/50000] Loss: 1.1563e-02 | PDE: 1.0676e-03 | Holes: 2.9246e-06 | Ext: 3.2958e-04 | ms/ep: 122.2 | LR: 5.37e-05 | ETA: 13.7min
[43270/50000] Loss: 1.1525e-02 | PDE: 1.0376e-03 | Holes: 2.8699e-06 | Ext: 3.2890e-04 | ms/ep: 105.7 | LR: 5.36e-05 | ETA: 11.9min
[43280/50000] Loss: 1.2175e-02 | PDE: 1.5839e-03 | Holes: 3.8570e-06 | Ext: 3.4117e-04 | ms/ep: 118.0 | LR: 5.35e-05 | ETA: 13.2min
[43290/50000] Loss: 1.2804e-02 | PDE: 2.1266e-03 | Holes: 3.4302e-06 | Ext: 3.1034e-04 | ms/ep: 105.2 | LR: 5.33e-05 | ETA: 11.8min
[43300/50000] Loss: 1.1711e-02 | PDE: 1.1725e-03 | Holes: 3.1532e-06 | Ext: 3.2295e-04 | ms/ep: 105.3 | LR: 5.32e-05 | ETA: 11.8min
[43310/50000] Loss: 1.1634e-02 | PDE: 1.1194e-03 | Holes: 2.9538e-06 | Ext: 3.4085e-04 | ms/ep: 105.1 | LR: 5.31e-05 | ETA: 11.7min
[43320/50000] Loss: 1.1559e-02 | PDE: 1.0783e-03 | Holes: 2.9919e-06 | Ext: 3.3119e-04 | ms/ep: 105.3 | LR: 5.30e-05 | ETA: 11.7min
[43330/50000] Loss: 1.1543e-02 | PDE: 1.0703e-03 | Holes: 2.9562e-06 | Ext: 3.2682e-04 | ms/ep: 104.8 | LR: 5.28e-05 | ETA: 11.6min
[43340/50000] Loss: 1.1505e-02 | PDE: 1.0396e-03 | Holes: 2.8701e-06 | Ext: 3.3136e-04 | ms/ep: 104.6 | LR: 5.27e-05 | ETA: 11.6min
[43350/50000] Loss: 1.1551e-02 | PDE: 1.0897e-03 | Holes: 3.0134e-06 | Ext: 3.2557e-04 | ms/ep: 104.9 | LR: 5.26e-05 | ETA: 11.6min
[43360/50000] Loss: 1.1508e-02 | PDE: 1.0499e-03 | Holes: 2.9040e-06 | Ext: 3.2963e-04 | ms/ep: 105.2 | LR: 5.25e-05 | ETA: 11.6min
[43370/50000] Loss: 1.1485e-02 | PDE: 1.0399e-03 | Holes: 2.8737e-06 | Ext: 3.2668e-04 | ms/ep: 105.7 | LR: 5.23e-05 | ETA: 11.7min
[43380/50000] Loss: 1.1487e-02 | PDE: 1.0470e-03 | Holes: 2.8978e-06 | Ext: 3.2481e-04 | ms/ep: 114.0 | LR: 5.22e-05 | ETA: 12.6min
[43390/50000] Loss: 1.1534e-02 | PDE: 1.0815e-03 | Holes: 2.9845e-06 | Ext: 3.2397e-04 | ms/ep: 126.1 | LR: 5.21e-05 | ETA: 13.9min
[43400/50000] Loss: 1.1598e-02 | PDE: 1.1454e-03 | Holes: 3.0195e-06 | Ext: 3.2284e-04 | ms/ep: 122.2 | LR: 5.20e-05 | ETA: 13.4min
[43410/50000] Loss: 1.1485e-02 | PDE: 1.0472e-03 | Holes: 2.9644e-06 | Ext: 3.3009e-04 | ms/ep: 104.7 | LR: 5.18e-05 | ETA: 11.5min
[43420/50000] Loss: 1.1474e-02 | PDE: 1.0518e-03 | Holes: 2.8999e-06 | Ext: 3.2705e-04 | ms/ep: 104.4 | LR: 5.17e-05 | ETA: 11.4min
[43430/50000] Loss: 1.1476e-02 | PDE: 1.0581e-03 | Holes: 2.9021e-06 | Ext: 3.2333e-04 | ms/ep: 104.7 | LR: 5.16e-05 | ETA: 11.5min
[43440/50000] Loss: 1.2324e-02 | PDE: 1.7573e-03 | Holes: 4.9971e-06 | Ext: 3.1136e-04 | ms/ep: 104.3 | LR: 5.15e-05 | ETA: 11.4min
[43450/50000] Loss: 1.1543e-02 | PDE: 1.0812e-03 | Holes: 3.5993e-06 | Ext: 3.2717e-04 | ms/ep: 105.4 | LR: 5.13e-05 | ETA: 11.5min
[43460/50000] Loss: 1.1454e-02 | PDE: 1.0408e-03 | Holes: 2.9020e-06 | Ext: 3.2836e-04 | ms/ep: 104.2 | LR: 5.12e-05 | ETA: 11.4min
[43470/50000] Loss: 1.1455e-02 | PDE: 1.0442e-03 | Holes: 2.9768e-06 | Ext: 3.2843e-04 | ms/ep: 104.2 | LR: 5.11e-05 | ETA: 11.3min
[43480/50000] Loss: 1.1441e-02 | PDE: 1.0444e-03 | Holes: 2.8884e-06 | Ext: 3.2758e-04 | ms/ep: 104.4 | LR: 5.10e-05 | ETA: 11.3min
[43490/50000] Loss: 1.1650e-02 | PDE: 1.2014e-03 | Holes: 3.8324e-06 | Ext: 3.2184e-04 | ms/ep: 104.5 | LR: 5.08e-05 | ETA: 11.3min
[43500/50000] Loss: 1.1509e-02 | PDE: 1.0680e-03 | Holes: 3.1327e-06 | Ext: 3.3473e-04 | ms/ep: 104.5 | LR: 5.07e-05 | ETA: 11.3min
[43510/50000] Loss: 1.1453e-02 | PDE: 1.0500e-03 | Holes: 3.0929e-06 | Ext: 3.2416e-04 | ms/ep: 104.4 | LR: 5.06e-05 | ETA: 11.3min
[43520/50000] Loss: 1.1429e-02 | PDE: 1.0481e-03 | Holes: 2.8785e-06 | Ext: 3.2267e-04 | ms/ep: 104.6 | LR: 5.05e-05 | ETA: 11.3min
[43530/50000] Loss: 1.1619e-02 | PDE: 1.2141e-03 | Holes: 3.2148e-06 | Ext: 3.1569e-04 | ms/ep: 104.3 | LR: 5.03e-05 | ETA: 11.2min
[43540/50000] Loss: 1.1460e-02 | PDE: 1.0836e-03 | Holes: 2.9000e-06 | Ext: 3.2796e-04 | ms/ep: 104.3 | LR: 5.02e-05 | ETA: 11.2min
[43550/50000] Loss: 1.1438e-02 | PDE: 1.0667e-03 | Holes: 2.9134e-06 | Ext: 3.2152e-04 | ms/ep: 104.4 | LR: 5.01e-05 | ETA: 11.2min
[43560/50000] Loss: 1.1427e-02 | PDE: 1.0576e-03 | Holes: 2.9076e-06 | Ext: 3.2855e-04 | ms/ep: 104.3 | LR: 5.00e-05 | ETA: 11.2min
[43570/50000] Loss: 1.1399e-02 | PDE: 1.0443e-03 | Holes: 2.8903e-06 | Ext: 3.2278e-04 | ms/ep: 104.1 | LR: 4.99e-05 | ETA: 11.2min
[43580/50000] Loss: 1.1496e-02 | PDE: 1.1301e-03 | Holes: 3.0740e-06 | Ext: 3.1746e-04 | ms/ep: 104.2 | LR: 4.97e-05 | ETA: 11.1min
[43590/50000] Loss: 1.1523e-02 | PDE: 1.1579e-03 | Holes: 2.9649e-06 | Ext: 3.1680e-04 | ms/ep: 104.6 | LR: 4.96e-05 | ETA: 11.2min
[43600/50000] Loss: 1.1429e-02 | PDE: 1.0783e-03 | Holes: 2.9603e-06 | Ext: 3.1937e-04 | ms/ep: 104.4 | LR: 4.95e-05 | ETA: 11.1min
[43610/50000] Loss: 1.1387e-02 | PDE: 1.0475e-03 | Holes: 2.8621e-06 | Ext: 3.2612e-04 | ms/ep: 104.4 | LR: 4.94e-05 | ETA: 11.1min
[43620/50000] Loss: 1.1359e-02 | PDE: 1.0283e-03 | Holes: 2.8452e-06 | Ext: 3.2357e-04 | ms/ep: 104.3 | LR: 4.92e-05 | ETA: 11.1min
[43630/50000] Loss: 1.1471e-02 | PDE: 1.0969e-03 | Holes: 3.4214e-06 | Ext: 3.2611e-04 | ms/ep: 104.5 | LR: 4.91e-05 | ETA: 11.1min
[43640/50000] Loss: 1.1438e-02 | PDE: 1.0760e-03 | Holes: 3.0301e-06 | Ext: 3.2441e-04 | ms/ep: 104.4 | LR: 4.90e-05 | ETA: 11.1min
[43650/50000] Loss: 1.1463e-02 | PDE: 1.1203e-03 | Holes: 3.0805e-06 | Ext: 3.2085e-04 | ms/ep: 104.2 | LR: 4.89e-05 | ETA: 11.0min
[43660/50000] Loss: 1.1436e-02 | PDE: 1.0890e-03 | Holes: 3.0448e-06 | Ext: 3.1687e-04 | ms/ep: 104.5 | LR: 4.88e-05 | ETA: 11.0min
[43670/50000] Loss: 1.1449e-02 | PDE: 1.0959e-03 | Holes: 3.2073e-06 | Ext: 3.1625e-04 | ms/ep: 104.4 | LR: 4.86e-05 | ETA: 11.0min
[43680/50000] Loss: 1.1344e-02 | PDE: 1.0315e-03 | Holes: 2.8590e-06 | Ext: 3.2262e-04 | ms/ep: 104.5 | LR: 4.85e-05 | ETA: 11.0min
[43690/50000] Loss: 1.1328e-02 | PDE: 1.0226e-03 | Holes: 2.8452e-06 | Ext: 3.2408e-04 | ms/ep: 104.3 | LR: 4.84e-05 | ETA: 11.0min
[43700/50000] Loss: 1.1340e-02 | PDE: 1.0364e-03 | Holes: 2.8599e-06 | Ext: 3.2559e-04 | ms/ep: 109.7 | LR: 4.83e-05 | ETA: 11.5min
[43710/50000] Loss: 1.1382e-02 | PDE: 1.0750e-03 | Holes: 2.9263e-06 | Ext: 3.2703e-04 | ms/ep: 126.5 | LR: 4.82e-05 | ETA: 13.3min
[43720/50000] Loss: 1.1382e-02 | PDE: 1.0867e-03 | Holes: 2.8837e-06 | Ext: 3.2608e-04 | ms/ep: 120.7 | LR: 4.80e-05 | ETA: 12.6min
[43730/50000] Loss: 1.1411e-02 | PDE: 1.1029e-03 | Holes: 2.9780e-06 | Ext: 3.2954e-04 | ms/ep: 122.4 | LR: 4.79e-05 | ETA: 12.8min
[43740/50000] Loss: 1.1303e-02 | PDE: 1.0237e-03 | Holes: 2.8461e-06 | Ext: 3.2096e-04 | ms/ep: 105.8 | LR: 4.78e-05 | ETA: 11.0min
[43750/50000] Loss: 1.1354e-02 | PDE: 1.0738e-03 | Holes: 2.9040e-06 | Ext: 3.1630e-04 | ms/ep: 124.4 | LR: 4.77e-05 | ETA: 13.0min
[43760/50000] Loss: 1.1658e-02 | PDE: 1.3300e-03 | Holes: 3.3416e-06 | Ext: 3.0902e-04 | ms/ep: 118.9 | LR: 4.76e-05 | ETA: 12.4min
[43770/50000] Loss: 1.1386e-02 | PDE: 1.0873e-03 | Holes: 3.0508e-06 | Ext: 3.2897e-04 | ms/ep: 122.2 | LR: 4.74e-05 | ETA: 12.7min
[43780/50000] Loss: 1.1284e-02 | PDE: 1.0199e-03 | Holes: 2.8208e-06 | Ext: 3.2229e-04 | ms/ep: 123.2 | LR: 4.73e-05 | ETA: 12.8min
[43790/50000] Loss: 1.1277e-02 | PDE: 1.0194e-03 | Holes: 2.8334e-06 | Ext: 3.2115e-04 | ms/ep: 129.0 | LR: 4.72e-05 | ETA: 13.4min
[43800/50000] Loss: 1.1363e-02 | PDE: 1.0992e-03 | Holes: 3.0220e-06 | Ext: 3.1575e-04 | ms/ep: 124.8 | LR: 4.71e-05 | ETA: 12.9min
[43810/50000] Loss: 1.1385e-02 | PDE: 1.1258e-03 | Holes: 2.9028e-06 | Ext: 3.1717e-04 | ms/ep: 126.2 | LR: 4.70e-05 | ETA: 13.0min
[43820/50000] Loss: 1.1340e-02 | PDE: 1.0841e-03 | Holes: 2.9770e-06 | Ext: 3.1533e-04 | ms/ep: 104.9 | LR: 4.69e-05 | ETA: 10.8min
[43830/50000] Loss: 1.1269e-02 | PDE: 1.0248e-03 | Holes: 2.8423e-06 | Ext: 3.2227e-04 | ms/ep: 128.0 | LR: 4.67e-05 | ETA: 13.2min
[43840/50000] Loss: 1.1254e-02 | PDE: 1.0184e-03 | Holes: 2.8241e-06 | Ext: 3.2076e-04 | ms/ep: 114.1 | LR: 4.66e-05 | ETA: 11.7min
[43850/50000] Loss: 1.1356e-02 | PDE: 1.1162e-03 | Holes: 3.0348e-06 | Ext: 3.1714e-04 | ms/ep: 127.9 | LR: 4.65e-05 | ETA: 13.1min
[43860/50000] Loss: 1.1419e-02 | PDE: 1.1749e-03 | Holes: 2.9688e-06 | Ext: 3.1726e-04 | ms/ep: 107.7 | LR: 4.64e-05 | ETA: 11.0min
[43870/50000] Loss: 1.1272e-02 | PDE: 1.0378e-03 | Holes: 2.8689e-06 | Ext: 3.2168e-04 | ms/ep: 118.0 | LR: 4.63e-05 | ETA: 12.1min
[43880/50000] Loss: 1.1315e-02 | PDE: 1.0834e-03 | Holes: 2.9497e-06 | Ext: 3.2128e-04 | ms/ep: 126.2 | LR: 4.61e-05 | ETA: 12.9min
[43890/50000] Loss: 1.1276e-02 | PDE: 1.0448e-03 | Holes: 2.8682e-06 | Ext: 3.2627e-04 | ms/ep: 123.9 | LR: 4.60e-05 | ETA: 12.6min
[43900/50000] Loss: 1.1259e-02 | PDE: 1.0424e-03 | Holes: 2.9151e-06 | Ext: 3.1886e-04 | ms/ep: 118.2 | LR: 4.59e-05 | ETA: 12.0min
[43910/50000] Loss: 1.1271e-02 | PDE: 1.0545e-03 | Holes: 2.9529e-06 | Ext: 3.1597e-04 | ms/ep: 105.0 | LR: 4.58e-05 | ETA: 10.7min
[43920/50000] Loss: 1.1236e-02 | PDE: 1.0264e-03 | Holes: 2.8532e-06 | Ext: 3.2203e-04 | ms/ep: 105.0 | LR: 4.57e-05 | ETA: 10.6min
[43930/50000] Loss: 1.1251e-02 | PDE: 1.0507e-03 | Holes: 2.8975e-06 | Ext: 3.1593e-04 | ms/ep: 105.0 | LR: 4.56e-05 | ETA: 10.6min
[43940/50000] Loss: 1.1231e-02 | PDE: 1.0333e-03 | Holes: 2.8492e-06 | Ext: 3.1564e-04 | ms/ep: 105.3 | LR: 4.55e-05 | ETA: 10.6min
[43950/50000] Loss: 1.1222e-02 | PDE: 1.0315e-03 | Holes: 2.8567e-06 | Ext: 3.1848e-04 | ms/ep: 104.9 | LR: 4.53e-05 | ETA: 10.6min
[43960/50000] Loss: 1.1216e-02 | PDE: 1.0281e-03 | Holes: 2.8434e-06 | Ext: 3.2100e-04 | ms/ep: 105.5 | LR: 4.52e-05 | ETA: 10.6min
[43970/50000] Loss: 1.1712e-02 | PDE: 1.4378e-03 | Holes: 3.5140e-06 | Ext: 3.3419e-04 | ms/ep: 104.9 | LR: 4.51e-05 | ETA: 10.5min
[43980/50000] Loss: 1.1359e-02 | PDE: 1.1567e-03 | Holes: 2.9034e-06 | Ext: 3.1280e-04 | ms/ep: 105.1 | LR: 4.50e-05 | ETA: 10.5min
[43990/50000] Loss: 1.1256e-02 | PDE: 1.0730e-03 | Holes: 2.8398e-06 | Ext: 3.1388e-04 | ms/ep: 105.5 | LR: 4.49e-05 | ETA: 10.6min
[44000/50000] Loss: 1.1204e-02 | PDE: 1.0341e-03 | Holes: 2.8272e-06 | Ext: 3.1699e-04 | ms/ep: 105.5 | LR: 4.48e-05 | ETA: 10.5min
[44010/50000] Loss: 1.1221e-02 | PDE: 1.0342e-03 | Holes: 3.0484e-06 | Ext: 3.1945e-04 | ms/ep: 105.3 | LR: 4.46e-05 | ETA: 10.5min
[44020/50000] Loss: 1.1246e-02 | PDE: 1.0679e-03 | Holes: 2.9263e-06 | Ext: 3.1907e-04 | ms/ep: 105.1 | LR: 4.45e-05 | ETA: 10.5min
[44030/50000] Loss: 1.1221e-02 | PDE: 1.0321e-03 | Holes: 3.2440e-06 | Ext: 3.1855e-04 | ms/ep: 105.6 | LR: 4.44e-05 | ETA: 10.5min
[44040/50000] Loss: 1.1171e-02 | PDE: 1.0151e-03 | Holes: 2.8388e-06 | Ext: 3.1894e-04 | ms/ep: 105.5 | LR: 4.43e-05 | ETA: 10.5min
[44050/50000] Loss: 1.1161e-02 | PDE: 1.0117e-03 | Holes: 2.8488e-06 | Ext: 3.1641e-04 | ms/ep: 105.5 | LR: 4.42e-05 | ETA: 10.5min
[44060/50000] Loss: 1.1153e-02 | PDE: 1.0114e-03 | Holes: 2.8271e-06 | Ext: 3.1550e-04 | ms/ep: 105.4 | LR: 4.41e-05 | ETA: 10.4min
[44070/50000] Loss: 1.1188e-02 | PDE: 1.0484e-03 | Holes: 2.8718e-06 | Ext: 3.1172e-04 | ms/ep: 105.4 | LR: 4.40e-05 | ETA: 10.4min
[44080/50000] Loss: 1.1953e-02 | PDE: 1.7263e-03 | Holes: 3.4592e-06 | Ext: 3.0944e-04 | ms/ep: 105.7 | LR: 4.39e-05 | ETA: 10.4min
[44090/50000] Loss: 1.1321e-02 | PDE: 1.1265e-03 | Holes: 3.3604e-06 | Ext: 3.1077e-04 | ms/ep: 105.2 | LR: 4.37e-05 | ETA: 10.4min
[44100/50000] Loss: 1.1167e-02 | PDE: 1.0263e-03 | Holes: 2.8869e-06 | Ext: 3.1441e-04 | ms/ep: 105.5 | LR: 4.36e-05 | ETA: 10.4min
[44110/50000] Loss: 1.1155e-02 | PDE: 1.0227e-03 | Holes: 2.8972e-06 | Ext: 3.1869e-04 | ms/ep: 104.6 | LR: 4.35e-05 | ETA: 10.3min
[44120/50000] Loss: 1.1129e-02 | PDE: 1.0091e-03 | Holes: 2.8306e-06 | Ext: 3.1597e-04 | ms/ep: 104.8 | LR: 4.34e-05 | ETA: 10.3min
[44130/50000] Loss: 1.1140e-02 | PDE: 1.0196e-03 | Holes: 2.8682e-06 | Ext: 3.1843e-04 | ms/ep: 104.9 | LR: 4.33e-05 | ETA: 10.3min
[44140/50000] Loss: 1.1235e-02 | PDE: 1.1002e-03 | Holes: 2.9646e-06 | Ext: 3.2220e-04 | ms/ep: 104.7 | LR: 4.32e-05 | ETA: 10.2min
[44150/50000] Loss: 1.1126e-02 | PDE: 1.0189e-03 | Holes: 2.8325e-06 | Ext: 3.1328e-04 | ms/ep: 104.4 | LR: 4.31e-05 | ETA: 10.2min
[44160/50000] Loss: 1.1106e-02 | PDE: 1.0062e-03 | Holes: 2.8071e-06 | Ext: 3.1491e-04 | ms/ep: 104.8 | LR: 4.30e-05 | ETA: 10.2min
[44170/50000] Loss: 1.1130e-02 | PDE: 1.0341e-03 | Holes: 2.8502e-06 | Ext: 3.1374e-04 | ms/ep: 104.5 | LR: 4.28e-05 | ETA: 10.2min
[44180/50000] Loss: 1.1356e-02 | PDE: 1.2300e-03 | Holes: 3.0575e-06 | Ext: 3.1022e-04 | ms/ep: 105.0 | LR: 4.27e-05 | ETA: 10.2min
[44190/50000] Loss: 1.1194e-02 | PDE: 1.0724e-03 | Holes: 3.0549e-06 | Ext: 3.2149e-04 | ms/ep: 104.4 | LR: 4.26e-05 | ETA: 10.1min
[44200/50000] Loss: 1.1168e-02 | PDE: 1.0696e-03 | Holes: 2.8667e-06 | Ext: 3.1102e-04 | ms/ep: 105.1 | LR: 4.25e-05 | ETA: 10.2min
[44210/50000] Loss: 1.1096e-02 | PDE: 1.0134e-03 | Holes: 2.8094e-06 | Ext: 3.1462e-04 | ms/ep: 104.5 | LR: 4.24e-05 | ETA: 10.1min
[44220/50000] Loss: 1.1096e-02 | PDE: 1.0186e-03 | Holes: 2.8391e-06 | Ext: 3.1465e-04 | ms/ep: 105.3 | LR: 4.23e-05 | ETA: 10.1min
[44230/50000] Loss: 1.1307e-02 | PDE: 1.2057e-03 | Holes: 3.2477e-06 | Ext: 3.0709e-04 | ms/ep: 104.3 | LR: 4.22e-05 | ETA: 10.0min
[44240/50000] Loss: 1.1090e-02 | PDE: 1.0165e-03 | Holes: 2.8248e-06 | Ext: 3.1626e-04 | ms/ep: 104.7 | LR: 4.21e-05 | ETA: 10.1min
[44250/50000] Loss: 1.1078e-02 | PDE: 1.0100e-03 | Holes: 2.8077e-06 | Ext: 3.1575e-04 | ms/ep: 104.8 | LR: 4.20e-05 | ETA: 10.0min
[44260/50000] Loss: 1.1082e-02 | PDE: 1.0213e-03 | Holes: 2.8239e-06 | Ext: 3.1121e-04 | ms/ep: 105.3 | LR: 4.18e-05 | ETA: 10.1min
[44270/50000] Loss: 1.1140e-02 | PDE: 1.0770e-03 | Holes: 2.8989e-06 | Ext: 3.0727e-04 | ms/ep: 113.4 | LR: 4.17e-05 | ETA: 10.8min
[44280/50000] Loss: 1.1226e-02 | PDE: 1.1538e-03 | Holes: 2.9203e-06 | Ext: 3.0847e-04 | ms/ep: 123.4 | LR: 4.16e-05 | ETA: 11.8min
[44290/50000] Loss: 1.1069e-02 | PDE: 1.0145e-03 | Holes: 2.8264e-06 | Ext: 3.1650e-04 | ms/ep: 123.6 | LR: 4.15e-05 | ETA: 11.8min
[44300/50000] Loss: 1.1077e-02 | PDE: 1.0316e-03 | Holes: 2.8544e-06 | Ext: 3.1147e-04 | ms/ep: 128.1 | LR: 4.14e-05 | ETA: 12.2min
[44310/50000] Loss: 1.1063e-02 | PDE: 1.0203e-03 | Holes: 2.8236e-06 | Ext: 3.1518e-04 | ms/ep: 123.7 | LR: 4.13e-05 | ETA: 11.7min
[44320/50000] Loss: 1.1149e-02 | PDE: 1.0926e-03 | Holes: 2.9050e-06 | Ext: 3.2014e-04 | ms/ep: 122.6 | LR: 4.12e-05 | ETA: 11.6min
[44330/50000] Loss: 1.1097e-02 | PDE: 1.0558e-03 | Holes: 2.8405e-06 | Ext: 3.1767e-04 | ms/ep: 111.1 | LR: 4.11e-05 | ETA: 10.5min
[44340/50000] Loss: 1.1079e-02 | PDE: 1.0476e-03 | Holes: 2.8436e-06 | Ext: 3.0791e-04 | ms/ep: 117.3 | LR: 4.10e-05 | ETA: 11.1min
[44350/50000] Loss: 1.1117e-02 | PDE: 1.0854e-03 | Holes: 2.9829e-06 | Ext: 3.0864e-04 | ms/ep: 123.1 | LR: 4.09e-05 | ETA: 11.6min
[44360/50000] Loss: 1.1037e-02 | PDE: 1.0168e-03 | Holes: 2.8011e-06 | Ext: 3.1182e-04 | ms/ep: 117.0 | LR: 4.08e-05 | ETA: 11.0min
[44370/50000] Loss: 1.1040e-02 | PDE: 1.0250e-03 | Holes: 2.8395e-06 | Ext: 3.0861e-04 | ms/ep: 127.1 | LR: 4.06e-05 | ETA: 11.9min
[44380/50000] Loss: 1.1467e-02 | PDE: 1.4006e-03 | Holes: 3.1957e-06 | Ext: 2.9885e-04 | ms/ep: 117.5 | LR: 4.05e-05 | ETA: 11.0min
[44390/50000] Loss: 1.1219e-02 | PDE: 1.1565e-03 | Holes: 3.1272e-06 | Ext: 3.2370e-04 | ms/ep: 112.0 | LR: 4.04e-05 | ETA: 10.5min
[44400/50000] Loss: 1.1025e-02 | PDE: 1.0134e-03 | Holes: 2.8156e-06 | Ext: 3.1575e-04 | ms/ep: 106.5 | LR: 4.03e-05 | ETA: 9.9min
[44410/50000] Loss: 1.1029e-02 | PDE: 1.0256e-03 | Holes: 2.8468e-06 | Ext: 3.0890e-04 | ms/ep: 105.8 | LR: 4.02e-05 | ETA: 9.9min
[44420/50000] Loss: 1.1010e-02 | PDE: 1.0114e-03 | Holes: 2.8173e-06 | Ext: 3.1372e-04 | ms/ep: 106.3 | LR: 4.01e-05 | ETA: 9.9min
[44430/50000] Loss: 1.0988e-02 | PDE: 9.9905e-04 | Holes: 2.7983e-06 | Ext: 3.1083e-04 | ms/ep: 106.2 | LR: 4.00e-05 | ETA: 9.9min
[44440/50000] Loss: 1.1222e-02 | PDE: 1.2129e-03 | Holes: 3.2186e-06 | Ext: 3.0579e-04 | ms/ep: 106.1 | LR: 3.99e-05 | ETA: 9.8min
[44450/50000] Loss: 1.1001e-02 | PDE: 1.0134e-03 | Holes: 2.8043e-06 | Ext: 3.0891e-04 | ms/ep: 106.6 | LR: 3.98e-05 | ETA: 9.9min
[44460/50000] Loss: 1.0984e-02 | PDE: 1.0046e-03 | Holes: 2.7875e-06 | Ext: 3.0923e-04 | ms/ep: 106.3 | LR: 3.97e-05 | ETA: 9.8min
[44470/50000] Loss: 1.1046e-02 | PDE: 1.0657e-03 | Holes: 2.8592e-06 | Ext: 3.0708e-04 | ms/ep: 106.4 | LR: 3.96e-05 | ETA: 9.8min
[44480/50000] Loss: 1.1093e-02 | PDE: 1.0991e-03 | Holes: 3.0027e-06 | Ext: 3.0287e-04 | ms/ep: 106.4 | LR: 3.95e-05 | ETA: 9.8min
[44490/50000] Loss: 1.1093e-02 | PDE: 1.1156e-03 | Holes: 2.8954e-06 | Ext: 3.0954e-04 | ms/ep: 106.4 | LR: 3.94e-05 | ETA: 9.8min
[44500/50000] Loss: 1.0974e-02 | PDE: 1.0098e-03 | Holes: 2.7800e-06 | Ext: 3.0888e-04 | ms/ep: 106.3 | LR: 3.93e-05 | ETA: 9.7min
[44510/50000] Loss: 1.1011e-02 | PDE: 1.0490e-03 | Holes: 2.8673e-06 | Ext: 3.0793e-04 | ms/ep: 105.9 | LR: 3.92e-05 | ETA: 9.7min
[44520/50000] Loss: 1.0951e-02 | PDE: 9.9503e-04 | Holes: 2.7875e-06 | Ext: 3.1121e-04 | ms/ep: 106.5 | LR: 3.91e-05 | ETA: 9.7min
[44530/50000] Loss: 1.0944e-02 | PDE: 9.9431e-04 | Holes: 2.7820e-06 | Ext: 3.0986e-04 | ms/ep: 106.2 | LR: 3.89e-05 | ETA: 9.7min
[44540/50000] Loss: 1.0986e-02 | PDE: 1.0371e-03 | Holes: 2.8654e-06 | Ext: 3.0636e-04 | ms/ep: 106.7 | LR: 3.88e-05 | ETA: 9.7min
[44550/50000] Loss: 1.0949e-02 | PDE: 1.0068e-03 | Holes: 2.7960e-06 | Ext: 3.0702e-04 | ms/ep: 106.3 | LR: 3.87e-05 | ETA: 9.7min
[44560/50000] Loss: 1.0938e-02 | PDE: 9.9935e-04 | Holes: 2.7855e-06 | Ext: 3.1072e-04 | ms/ep: 106.0 | LR: 3.86e-05 | ETA: 9.6min
[44570/50000] Loss: 1.1037e-02 | PDE: 1.0864e-03 | Holes: 2.8758e-06 | Ext: 3.1585e-04 | ms/ep: 106.4 | LR: 3.85e-05 | ETA: 9.6min
[44580/50000] Loss: 1.1098e-02 | PDE: 1.1549e-03 | Holes: 2.9829e-06 | Ext: 3.1097e-04 | ms/ep: 106.4 | LR: 3.84e-05 | ETA: 9.6min
[44590/50000] Loss: 1.0956e-02 | PDE: 1.0216e-03 | Holes: 2.8753e-06 | Ext: 3.0681e-04 | ms/ep: 106.3 | LR: 3.83e-05 | ETA: 9.6min
[44600/50000] Loss: 1.0917e-02 | PDE: 9.9332e-04 | Holes: 2.8033e-06 | Ext: 3.0905e-04 | ms/ep: 106.5 | LR: 3.82e-05 | ETA: 9.6min
[44610/50000] Loss: 1.0917e-02 | PDE: 9.9825e-04 | Holes: 2.7907e-06 | Ext: 3.0889e-04 | ms/ep: 106.1 | LR: 3.81e-05 | ETA: 9.5min
[44620/50000] Loss: 1.0917e-02 | PDE: 1.0022e-03 | Holes: 2.7865e-06 | Ext: 3.1048e-04 | ms/ep: 112.5 | LR: 3.80e-05 | ETA: 10.1min
[44630/50000] Loss: 1.0991e-02 | PDE: 1.0670e-03 | Holes: 2.8695e-06 | Ext: 3.1308e-04 | ms/ep: 127.8 | LR: 3.79e-05 | ETA: 11.4min
[44640/50000] Loss: 1.1059e-02 | PDE: 1.1365e-03 | Holes: 3.0599e-06 | Ext: 3.0971e-04 | ms/ep: 122.1 | LR: 3.78e-05 | ETA: 10.9min
[44650/50000] Loss: 1.1050e-02 | PDE: 1.1339e-03 | Holes: 2.9047e-06 | Ext: 3.1256e-04 | ms/ep: 127.4 | LR: 3.77e-05 | ETA: 11.4min
[44660/50000] Loss: 1.0938e-02 | PDE: 1.0282e-03 | Holes: 2.9462e-06 | Ext: 3.0412e-04 | ms/ep: 124.0 | LR: 3.76e-05 | ETA: 11.0min
[44670/50000] Loss: 1.0912e-02 | PDE: 1.0129e-03 | Holes: 2.7920e-06 | Ext: 3.1119e-04 | ms/ep: 125.6 | LR: 3.75e-05 | ETA: 11.2min
[44680/50000] Loss: 1.0880e-02 | PDE: 9.9174e-04 | Holes: 2.7809e-06 | Ext: 3.0692e-04 | ms/ep: 121.9 | LR: 3.74e-05 | ETA: 10.8min
[44690/50000] Loss: 1.0971e-02 | PDE: 1.0773e-03 | Holes: 2.8885e-06 | Ext: 3.0165e-04 | ms/ep: 104.5 | LR: 3.73e-05 | ETA: 9.2min
[44700/50000] Loss: 1.1097e-02 | PDE: 1.1947e-03 | Holes: 2.9339e-06 | Ext: 3.0457e-04 | ms/ep: 104.3 | LR: 3.72e-05 | ETA: 9.2min
[44710/50000] Loss: 1.0931e-02 | PDE: 1.0362e-03 | Holes: 2.8729e-06 | Ext: 3.1275e-04 | ms/ep: 108.9 | LR: 3.71e-05 | ETA: 9.6min
[44720/50000] Loss: 1.0883e-02 | PDE: 1.0075e-03 | Holes: 2.7804e-06 | Ext: 3.0417e-04 | ms/ep: 127.7 | LR: 3.70e-05 | ETA: 11.2min
[44730/50000] Loss: 1.0859e-02 | PDE: 9.8956e-04 | Holes: 2.7719e-06 | Ext: 3.0744e-04 | ms/ep: 125.7 | LR: 3.69e-05 | ETA: 11.0min
[44740/50000] Loss: 1.0859e-02 | PDE: 9.9388e-04 | Holes: 2.7817e-06 | Ext: 3.0746e-04 | ms/ep: 119.3 | LR: 3.68e-05 | ETA: 10.5min
[44750/50000] Loss: 1.0933e-02 | PDE: 1.0598e-03 | Holes: 2.8455e-06 | Ext: 3.1100e-04 | ms/ep: 106.4 | LR: 3.67e-05 | ETA: 9.3min
[44760/50000] Loss: 1.1158e-02 | PDE: 1.2444e-03 | Holes: 3.2982e-06 | Ext: 3.1439e-04 | ms/ep: 106.0 | LR: 3.66e-05 | ETA: 9.3min
[44770/50000] Loss: 1.0967e-02 | PDE: 1.0690e-03 | Holes: 3.1908e-06 | Ext: 3.0700e-04 | ms/ep: 106.2 | LR: 3.65e-05 | ETA: 9.3min
[44780/50000] Loss: 1.0889e-02 | PDE: 1.0221e-03 | Holes: 2.9214e-06 | Ext: 3.0965e-04 | ms/ep: 106.2 | LR: 3.64e-05 | ETA: 9.2min
[44790/50000] Loss: 1.0852e-02 | PDE: 1.0003e-03 | Holes: 2.7963e-06 | Ext: 3.0416e-04 | ms/ep: 106.2 | LR: 3.63e-05 | ETA: 9.2min
[44800/50000] Loss: 1.0832e-02 | PDE: 9.8860e-04 | Holes: 2.7781e-06 | Ext: 3.0658e-04 | ms/ep: 106.2 | LR: 3.62e-05 | ETA: 9.2min
[44810/50000] Loss: 1.0828e-02 | PDE: 9.8848e-04 | Holes: 2.7897e-06 | Ext: 3.0473e-04 | ms/ep: 123.0 | LR: 3.61e-05 | ETA: 10.6min
[44820/50000] Loss: 1.0820e-02 | PDE: 9.8649e-04 | Holes: 2.7721e-06 | Ext: 3.0529e-04 | ms/ep: 117.8 | LR: 3.60e-05 | ETA: 10.2min
[44830/50000] Loss: 1.0832e-02 | PDE: 1.0026e-03 | Holes: 2.7902e-06 | Ext: 3.0284e-04 | ms/ep: 118.0 | LR: 3.59e-05 | ETA: 10.2min
[44840/50000] Loss: 1.1139e-02 | PDE: 1.2726e-03 | Holes: 3.0329e-06 | Ext: 2.9690e-04 | ms/ep: 106.2 | LR: 3.58e-05 | ETA: 9.1min
[44850/50000] Loss: 1.0968e-02 | PDE: 1.1127e-03 | Holes: 2.8731e-06 | Ext: 3.1454e-04 | ms/ep: 108.7 | LR: 3.57e-05 | ETA: 9.3min
[44860/50000] Loss: 1.0822e-02 | PDE: 9.9572e-04 | Holes: 2.7932e-06 | Ext: 3.0587e-04 | ms/ep: 109.0 | LR: 3.56e-05 | ETA: 9.3min
[44870/50000] Loss: 1.0824e-02 | PDE: 1.0048e-03 | Holes: 2.7704e-06 | Ext: 3.0268e-04 | ms/ep: 108.2 | LR: 3.55e-05 | ETA: 9.2min
[44880/50000] Loss: 1.0802e-02 | PDE: 9.8860e-04 | Holes: 2.7677e-06 | Ext: 3.0610e-04 | ms/ep: 112.3 | LR: 3.54e-05 | ETA: 9.6min
[44890/50000] Loss: 1.0790e-02 | PDE: 9.8318e-04 | Holes: 2.7645e-06 | Ext: 3.0477e-04 | ms/ep: 106.2 | LR: 3.53e-05 | ETA: 9.0min
[44900/50000] Loss: 1.0790e-02 | PDE: 9.8757e-04 | Holes: 2.7708e-06 | Ext: 3.0311e-04 | ms/ep: 106.3 | LR: 3.52e-05 | ETA: 9.0min
[44910/50000] Loss: 1.1035e-02 | PDE: 1.2019e-03 | Holes: 3.2834e-06 | Ext: 2.9710e-04 | ms/ep: 106.4 | LR: 3.51e-05 | ETA: 9.0min
[44920/50000] Loss: 1.0826e-02 | PDE: 1.0114e-03 | Holes: 2.9504e-06 | Ext: 3.0687e-04 | ms/ep: 106.1 | LR: 3.50e-05 | ETA: 9.0min
[44930/50000] Loss: 1.0787e-02 | PDE: 9.8559e-04 | Holes: 2.8342e-06 | Ext: 3.0537e-04 | ms/ep: 106.3 | LR: 3.49e-05 | ETA: 9.0min
[44940/50000] Loss: 1.0780e-02 | PDE: 9.9029e-04 | Holes: 2.7593e-06 | Ext: 3.0226e-04 | ms/ep: 112.6 | LR: 3.48e-05 | ETA: 9.5min
[44950/50000] Loss: 1.0772e-02 | PDE: 9.8743e-04 | Holes: 2.7694e-06 | Ext: 3.0216e-04 | ms/ep: 110.3 | LR: 3.47e-05 | ETA: 9.3min
[44960/50000] Loss: 1.0767e-02 | PDE: 9.8749e-04 | Holes: 2.7560e-06 | Ext: 3.0206e-04 | ms/ep: 106.2 | LR: 3.46e-05 | ETA: 8.9min
[44970/50000] Loss: 1.0967e-02 | PDE: 1.1693e-03 | Holes: 2.9330e-06 | Ext: 2.9455e-04 | ms/ep: 110.9 | LR: 3.45e-05 | ETA: 9.3min
[44980/50000] Loss: 1.0904e-02 | PDE: 1.0933e-03 | Holes: 2.9416e-06 | Ext: 3.1204e-04 | ms/ep: 129.1 | LR: 3.44e-05 | ETA: 10.8min
[44990/50000] Loss: 1.0756e-02 | PDE: 9.8296e-04 | Holes: 2.7544e-06 | Ext: 3.0363e-04 | ms/ep: 127.6 | LR: 3.43e-05 | ETA: 10.7min
[45000/50000] Loss: 1.0761e-02 | PDE: 9.9231e-04 | Holes: 2.7611e-06 | Ext: 3.0133e-04 | ms/ep: 111.3 | LR: 3.42e-05 | ETA: 9.3min
[45010/50000] Loss: 1.0753e-02 | PDE: 9.8948e-04 | Holes: 2.7601e-06 | Ext: 3.0292e-04 | ms/ep: 117.0 | LR: 3.41e-05 | ETA: 9.7min
[45020/50000] Loss: 1.0765e-02 | PDE: 1.0036e-03 | Holes: 2.7768e-06 | Ext: 3.0436e-04 | ms/ep: 126.5 | LR: 3.40e-05 | ETA: 10.5min
[45030/50000] Loss: 1.0789e-02 | PDE: 1.0230e-03 | Holes: 2.8118e-06 | Ext: 3.0693e-04 | ms/ep: 117.3 | LR: 3.39e-05 | ETA: 9.7min
[45040/50000] Loss: 1.0738e-02 | PDE: 9.8686e-04 | Holes: 2.7548e-06 | Ext: 3.0138e-04 | ms/ep: 119.1 | LR: 3.38e-05 | ETA: 9.8min
[45050/50000] Loss: 1.0736e-02 | PDE: 9.8670e-04 | Holes: 2.7570e-06 | Ext: 3.0438e-04 | ms/ep: 106.5 | LR: 3.37e-05 | ETA: 8.8min
[45060/50000] Loss: 1.0720e-02 | PDE: 9.7824e-04 | Holes: 2.7478e-06 | Ext: 3.0198e-04 | ms/ep: 108.5 | LR: 3.37e-05 | ETA: 8.9min
[45070/50000] Loss: 1.0715e-02 | PDE: 9.7889e-04 | Holes: 2.7490e-06 | Ext: 3.0145e-04 | ms/ep: 117.8 | LR: 3.36e-05 | ETA: 9.7min
[45080/50000] Loss: 1.1212e-02 | PDE: 1.4207e-03 | Holes: 3.7333e-06 | Ext: 2.9533e-04 | ms/ep: 108.7 | LR: 3.35e-05 | ETA: 8.9min
[45090/50000] Loss: 1.0756e-02 | PDE: 9.8909e-04 | Holes: 3.1542e-06 | Ext: 3.0334e-04 | ms/ep: 129.3 | LR: 3.34e-05 | ETA: 10.6min
[45100/50000] Loss: 1.0732e-02 | PDE: 9.9331e-04 | Holes: 2.7649e-06 | Ext: 3.0505e-04 | ms/ep: 115.5 | LR: 3.33e-05 | ETA: 9.4min
[45110/50000] Loss: 1.0728e-02 | PDE: 9.9536e-04 | Holes: 2.8384e-06 | Ext: 3.0091e-04 | ms/ep: 122.0 | LR: 3.32e-05 | ETA: 9.9min
[45120/50000] Loss: 1.0700e-02 | PDE: 9.7786e-04 | Holes: 2.7635e-06 | Ext: 3.0102e-04 | ms/ep: 120.1 | LR: 3.31e-05 | ETA: 9.8min
[45130/50000] Loss: 1.0696e-02 | PDE: 9.7749e-04 | Holes: 2.7827e-06 | Ext: 3.0069e-04 | ms/ep: 125.2 | LR: 3.30e-05 | ETA: 10.2min
[45140/50000] Loss: 1.0695e-02 | PDE: 9.8291e-04 | Holes: 2.7533e-06 | Ext: 2.9919e-04 | ms/ep: 123.0 | LR: 3.29e-05 | ETA: 10.0min
[45150/50000] Loss: 1.1258e-02 | PDE: 1.4957e-03 | Holes: 3.0411e-06 | Ext: 2.8807e-04 | ms/ep: 121.1 | LR: 3.28e-05 | ETA: 9.8min
[45160/50000] Loss: 1.0748e-02 | PDE: 1.0275e-03 | Holes: 2.8103e-06 | Ext: 3.0553e-04 | ms/ep: 114.0 | LR: 3.27e-05 | ETA: 9.2min
[45170/50000] Loss: 1.0685e-02 | PDE: 9.7963e-04 | Holes: 2.7543e-06 | Ext: 3.0043e-04 | ms/ep: 123.1 | LR: 3.26e-05 | ETA: 9.9min
[45180/50000] Loss: 1.0683e-02 | PDE: 9.8271e-04 | Holes: 2.7382e-06 | Ext: 2.9964e-04 | ms/ep: 105.9 | LR: 3.25e-05 | ETA: 8.5min
[45190/50000] Loss: 1.0672e-02 | PDE: 9.7597e-04 | Holes: 2.7488e-06 | Ext: 3.0151e-04 | ms/ep: 107.4 | LR: 3.24e-05 | ETA: 8.6min
[45200/50000] Loss: 1.0665e-02 | PDE: 9.7447e-04 | Holes: 2.7432e-06 | Ext: 3.0096e-04 | ms/ep: 109.9 | LR: 3.23e-05 | ETA: 8.8min
[45210/50000] Loss: 1.0673e-02 | PDE: 9.8621e-04 | Holes: 2.7580e-06 | Ext: 2.9936e-04 | ms/ep: 129.0 | LR: 3.22e-05 | ETA: 10.3min
[45220/50000] Loss: 1.0704e-02 | PDE: 1.0121e-03 | Holes: 2.8340e-06 | Ext: 2.9640e-04 | ms/ep: 128.7 | LR: 3.22e-05 | ETA: 10.3min
[45230/50000] Loss: 1.0666e-02 | PDE: 9.7938e-04 | Holes: 2.7981e-06 | Ext: 2.9991e-04 | ms/ep: 119.5 | LR: 3.21e-05 | ETA: 9.5min
[45240/50000] Loss: 1.0657e-02 | PDE: 9.7799e-04 | Holes: 2.7427e-06 | Ext: 3.0168e-04 | ms/ep: 128.4 | LR: 3.20e-05 | ETA: 10.2min
[45250/50000] Loss: 1.0654e-02 | PDE: 9.8139e-04 | Holes: 2.7480e-06 | Ext: 2.9852e-04 | ms/ep: 114.2 | LR: 3.19e-05 | ETA: 9.0min
[45260/50000] Loss: 1.0644e-02 | PDE: 9.7480e-04 | Holes: 2.7376e-06 | Ext: 3.0043e-04 | ms/ep: 111.0 | LR: 3.18e-05 | ETA: 8.8min
[45270/50000] Loss: 1.0637e-02 | PDE: 9.7376e-04 | Holes: 2.7366e-06 | Ext: 2.9841e-04 | ms/ep: 118.6 | LR: 3.17e-05 | ETA: 9.4min
[45280/50000] Loss: 1.0663e-02 | PDE: 1.0017e-03 | Holes: 2.7750e-06 | Ext: 2.9638e-04 | ms/ep: 108.4 | LR: 3.16e-05 | ETA: 8.5min
[45290/50000] Loss: 1.0773e-02 | PDE: 1.1004e-03 | Holes: 2.8310e-06 | Ext: 2.9399e-04 | ms/ep: 104.5 | LR: 3.15e-05 | ETA: 8.2min
[45300/50000] Loss: 1.0660e-02 | PDE: 9.9949e-04 | Holes: 2.7461e-06 | Ext: 3.0285e-04 | ms/ep: 104.6 | LR: 3.14e-05 | ETA: 8.2min
[45310/50000] Loss: 1.0640e-02 | PDE: 9.8839e-04 | Holes: 2.7524e-06 | Ext: 2.9652e-04 | ms/ep: 104.3 | LR: 3.13e-05 | ETA: 8.2min
[45320/50000] Loss: 1.0629e-02 | PDE: 9.8184e-04 | Holes: 2.7381e-06 | Ext: 3.0034e-04 | ms/ep: 104.5 | LR: 3.12e-05 | ETA: 8.1min
[45330/50000] Loss: 1.0615e-02 | PDE: 9.7379e-04 | Holes: 2.7295e-06 | Ext: 2.9785e-04 | ms/ep: 104.8 | LR: 3.12e-05 | ETA: 8.2min
[45340/50000] Loss: 1.0619e-02 | PDE: 9.8166e-04 | Holes: 2.7466e-06 | Ext: 2.9668e-04 | ms/ep: 104.8 | LR: 3.11e-05 | ETA: 8.1min
[45350/50000] Loss: 1.0892e-02 | PDE: 1.2241e-03 | Holes: 3.0437e-06 | Ext: 2.8885e-04 | ms/ep: 104.6 | LR: 3.10e-05 | ETA: 8.1min
[45360/50000] Loss: 1.0712e-02 | PDE: 1.0701e-03 | Holes: 2.7844e-06 | Ext: 3.0279e-04 | ms/ep: 104.5 | LR: 3.09e-05 | ETA: 8.1min
[45370/50000] Loss: 1.0632e-02 | PDE: 9.9967e-04 | Holes: 2.8190e-06 | Ext: 2.9600e-04 | ms/ep: 104.5 | LR: 3.08e-05 | ETA: 8.1min
[45380/50000] Loss: 1.0599e-02 | PDE: 9.7355e-04 | Holes: 2.7292e-06 | Ext: 2.9958e-04 | ms/ep: 104.4 | LR: 3.07e-05 | ETA: 8.0min
[45390/50000] Loss: 1.0597e-02 | PDE: 9.7692e-04 | Holes: 2.7294e-06 | Ext: 2.9603e-04 | ms/ep: 104.8 | LR: 3.06e-05 | ETA: 8.1min
[45400/50000] Loss: 1.0585e-02 | PDE: 9.6916e-04 | Holes: 2.7287e-06 | Ext: 2.9774e-04 | ms/ep: 104.5 | LR: 3.05e-05 | ETA: 8.0min
[45410/50000] Loss: 1.0582e-02 | PDE: 9.6996e-04 | Holes: 2.7246e-06 | Ext: 2.9784e-04 | ms/ep: 104.8 | LR: 3.04e-05 | ETA: 8.0min
[45420/50000] Loss: 1.1186e-02 | PDE: 1.4682e-03 | Holes: 3.2883e-06 | Ext: 3.1363e-04 | ms/ep: 104.3 | LR: 3.04e-05 | ETA: 8.0min
[45430/50000] Loss: 1.0688e-02 | PDE: 1.0674e-03 | Holes: 2.7841e-06 | Ext: 2.9623e-04 | ms/ep: 104.6 | LR: 3.03e-05 | ETA: 8.0min
[45440/50000] Loss: 1.0614e-02 | PDE: 9.9646e-04 | Holes: 2.8972e-06 | Ext: 2.9916e-04 | ms/ep: 104.5 | LR: 3.02e-05 | ETA: 7.9min
[45450/50000] Loss: 1.0575e-02 | PDE: 9.7376e-04 | Holes: 2.7453e-06 | Ext: 2.9596e-04 | ms/ep: 107.0 | LR: 3.01e-05 | ETA: 8.1min
[45460/50000] Loss: 1.0566e-02 | PDE: 9.6866e-04 | Holes: 2.7672e-06 | Ext: 2.9726e-04 | ms/ep: 129.0 | LR: 3.00e-05 | ETA: 9.8min
[45470/50000] Loss: 1.0558e-02 | PDE: 9.6703e-04 | Holes: 2.7311e-06 | Ext: 2.9641e-04 | ms/ep: 118.0 | LR: 2.99e-05 | ETA: 8.9min
[45480/50000] Loss: 1.0553e-02 | PDE: 9.6626e-04 | Holes: 2.7213e-06 | Ext: 2.9681e-04 | ms/ep: 118.9 | LR: 2.98e-05 | ETA: 9.0min
[45490/50000] Loss: 1.0554e-02 | PDE: 9.6977e-04 | Holes: 2.7237e-06 | Ext: 2.9744e-04 | ms/ep: 126.2 | LR: 2.97e-05 | ETA: 9.5min
[45500/50000] Loss: 1.0872e-02 | PDE: 1.2391e-03 | Holes: 2.9698e-06 | Ext: 3.0763e-04 | ms/ep: 129.1 | LR: 2.97e-05 | ETA: 9.7min
[45510/50000] Loss: 1.0593e-02 | PDE: 1.0092e-03 | Holes: 2.7626e-06 | Ext: 2.9296e-04 | ms/ep: 112.6 | LR: 2.96e-05 | ETA: 8.4min
[45520/50000] Loss: 1.0568e-02 | PDE: 9.8955e-04 | Holes: 2.7234e-06 | Ext: 2.9965e-04 | ms/ep: 104.4 | LR: 2.95e-05 | ETA: 7.8min
[45530/50000] Loss: 1.0556e-02 | PDE: 9.8575e-04 | Holes: 2.7500e-06 | Ext: 2.9495e-04 | ms/ep: 104.5 | LR: 2.94e-05 | ETA: 7.8min
[45540/50000] Loss: 1.0537e-02 | PDE: 9.6990e-04 | Holes: 2.7198e-06 | Ext: 2.9754e-04 | ms/ep: 104.4 | LR: 2.93e-05 | ETA: 7.8min
[45550/50000] Loss: 1.0527e-02 | PDE: 9.6552e-04 | Holes: 2.7185e-06 | Ext: 2.9546e-04 | ms/ep: 104.5 | LR: 2.92e-05 | ETA: 7.8min
[45560/50000] Loss: 1.0523e-02 | PDE: 9.6550e-04 | Holes: 2.7180e-06 | Ext: 2.9515e-04 | ms/ep: 104.4 | LR: 2.91e-05 | ETA: 7.7min
[45570/50000] Loss: 1.0825e-02 | PDE: 1.2425e-03 | Holes: 3.0644e-06 | Ext: 2.8789e-04 | ms/ep: 104.5 | LR: 2.91e-05 | ETA: 7.7min
[45580/50000] Loss: 1.0602e-02 | PDE: 1.0420e-03 | Holes: 2.7906e-06 | Ext: 2.9688e-04 | ms/ep: 104.5 | LR: 2.90e-05 | ETA: 7.7min
[45590/50000] Loss: 1.0561e-02 | PDE: 1.0028e-03 | Holes: 2.8342e-06 | Ext: 2.9229e-04 | ms/ep: 104.8 | LR: 2.89e-05 | ETA: 7.7min
[45600/50000] Loss: 1.0526e-02 | PDE: 9.7685e-04 | Holes: 2.7801e-06 | Ext: 2.9649e-04 | ms/ep: 104.5 | LR: 2.88e-05 | ETA: 7.7min
[45610/50000] Loss: 1.0510e-02 | PDE: 9.6825e-04 | Holes: 2.7370e-06 | Ext: 2.9379e-04 | ms/ep: 104.7 | LR: 2.87e-05 | ETA: 7.7min
[45620/50000] Loss: 1.0502e-02 | PDE: 9.6355e-04 | Holes: 2.7183e-06 | Ext: 2.9551e-04 | ms/ep: 104.4 | LR: 2.86e-05 | ETA: 7.6min
[45630/50000] Loss: 1.0495e-02 | PDE: 9.6233e-04 | Holes: 2.7096e-06 | Ext: 2.9437e-04 | ms/ep: 104.2 | LR: 2.85e-05 | ETA: 7.6min
[45640/50000] Loss: 1.0491e-02 | PDE: 9.6275e-04 | Holes: 2.7100e-06 | Ext: 2.9379e-04 | ms/ep: 104.5 | LR: 2.85e-05 | ETA: 7.6min
[45650/50000] Loss: 1.0599e-02 | PDE: 1.0639e-03 | Holes: 2.8130e-06 | Ext: 2.8870e-04 | ms/ep: 104.4 | LR: 2.84e-05 | ETA: 7.6min
[45660/50000] Loss: 1.0554e-02 | PDE: 1.0206e-03 | Holes: 2.7566e-06 | Ext: 2.9407e-04 | ms/ep: 104.5 | LR: 2.83e-05 | ETA: 7.6min
[45670/50000] Loss: 1.0546e-02 | PDE: 1.0196e-03 | Holes: 2.7180e-06 | Ext: 2.9124e-04 | ms/ep: 104.4 | LR: 2.82e-05 | ETA: 7.5min
[45680/50000] Loss: 1.0499e-02 | PDE: 9.7779e-04 | Holes: 2.7379e-06 | Ext: 2.9597e-04 | ms/ep: 104.5 | LR: 2.81e-05 | ETA: 7.5min
[45690/50000] Loss: 1.0478e-02 | PDE: 9.6462e-04 | Holes: 2.7048e-06 | Ext: 2.9443e-04 | ms/ep: 104.6 | LR: 2.80e-05 | ETA: 7.5min
[45700/50000] Loss: 1.0470e-02 | PDE: 9.6119e-04 | Holes: 2.7145e-06 | Ext: 2.9325e-04 | ms/ep: 104.7 | LR: 2.80e-05 | ETA: 7.5min
[45710/50000] Loss: 1.0466e-02 | PDE: 9.6146e-04 | Holes: 2.7100e-06 | Ext: 2.9348e-04 | ms/ep: 104.4 | LR: 2.79e-05 | ETA: 7.5min
[45720/50000] Loss: 1.0461e-02 | PDE: 9.6008e-04 | Holes: 2.7042e-06 | Ext: 2.9311e-04 | ms/ep: 104.7 | LR: 2.78e-05 | ETA: 7.5min
[45730/50000] Loss: 1.0532e-02 | PDE: 1.0295e-03 | Holes: 2.7728e-06 | Ext: 2.8923e-04 | ms/ep: 104.5 | LR: 2.77e-05 | ETA: 7.4min
[45740/50000] Loss: 1.0551e-02 | PDE: 1.0394e-03 | Holes: 2.7955e-06 | Ext: 2.9645e-04 | ms/ep: 104.6 | LR: 2.76e-05 | ETA: 7.4min
[45750/50000] Loss: 1.0489e-02 | PDE: 9.9103e-04 | Holes: 2.7282e-06 | Ext: 2.9277e-04 | ms/ep: 104.6 | LR: 2.75e-05 | ETA: 7.4min
[45760/50000] Loss: 1.0468e-02 | PDE: 9.7266e-04 | Holes: 2.7549e-06 | Ext: 2.9583e-04 | ms/ep: 104.3 | LR: 2.75e-05 | ETA: 7.4min
[45770/50000] Loss: 1.0451e-02 | PDE: 9.6604e-04 | Holes: 2.7017e-06 | Ext: 2.9200e-04 | ms/ep: 104.5 | LR: 2.74e-05 | ETA: 7.4min
[45780/50000] Loss: 1.0440e-02 | PDE: 9.5871e-04 | Holes: 2.7025e-06 | Ext: 2.9339e-04 | ms/ep: 104.5 | LR: 2.73e-05 | ETA: 7.3min
[45790/50000] Loss: 1.0435e-02 | PDE: 9.5802e-04 | Holes: 2.7020e-06 | Ext: 2.9275e-04 | ms/ep: 104.4 | LR: 2.72e-05 | ETA: 7.3min
[45800/50000] Loss: 1.0431e-02 | PDE: 9.5886e-04 | Holes: 2.6989e-06 | Ext: 2.9159e-04 | ms/ep: 104.5 | LR: 2.71e-05 | ETA: 7.3min
[45810/50000] Loss: 1.0549e-02 | PDE: 1.0693e-03 | Holes: 2.8073e-06 | Ext: 2.8689e-04 | ms/ep: 104.5 | LR: 2.71e-05 | ETA: 7.3min
[45820/50000] Loss: 1.0471e-02 | PDE: 9.9492e-04 | Holes: 2.7379e-06 | Ext: 2.9317e-04 | ms/ep: 104.2 | LR: 2.70e-05 | ETA: 7.3min
[45830/50000] Loss: 1.0459e-02 | PDE: 9.9139e-04 | Holes: 2.7030e-06 | Ext: 2.9061e-04 | ms/ep: 108.7 | LR: 2.69e-05 | ETA: 7.6min
[45840/50000] Loss: 1.0443e-02 | PDE: 9.7600e-04 | Holes: 2.7318e-06 | Ext: 2.9507e-04 | ms/ep: 125.9 | LR: 2.68e-05 | ETA: 8.7min
[45850/50000] Loss: 1.0419e-02 | PDE: 9.6195e-04 | Holes: 2.6967e-06 | Ext: 2.9089e-04 | ms/ep: 121.0 | LR: 2.67e-05 | ETA: 8.4min
[45860/50000] Loss: 1.0410e-02 | PDE: 9.5692e-04 | Holes: 2.6990e-06 | Ext: 2.9262e-04 | ms/ep: 118.4 | LR: 2.67e-05 | ETA: 8.2min
[45870/50000] Loss: 1.0405e-02 | PDE: 9.5671e-04 | Holes: 2.6983e-06 | Ext: 2.9124e-04 | ms/ep: 123.5 | LR: 2.66e-05 | ETA: 8.5min
[45880/50000] Loss: 1.0421e-02 | PDE: 9.7515e-04 | Holes: 2.7128e-06 | Ext: 2.8898e-04 | ms/ep: 123.2 | LR: 2.65e-05 | ETA: 8.5min
[45890/50000] Loss: 1.0523e-02 | PDE: 1.0681e-03 | Holes: 2.8094e-06 | Ext: 2.8515e-04 | ms/ep: 113.9 | LR: 2.64e-05 | ETA: 7.8min
[45900/50000] Loss: 1.0447e-02 | PDE: 1.0035e-03 | Holes: 2.7132e-06 | Ext: 2.9441e-04 | ms/ep: 119.0 | LR: 2.63e-05 | ETA: 8.1min
[45910/50000] Loss: 1.0402e-02 | PDE: 9.6608e-04 | Holes: 2.7140e-06 | Ext: 2.8934e-04 | ms/ep: 106.9 | LR: 2.63e-05 | ETA: 7.3min
[45920/50000] Loss: 1.0395e-02 | PDE: 9.6183e-04 | Holes: 2.6961e-06 | Ext: 2.9230e-04 | ms/ep: 125.3 | LR: 2.62e-05 | ETA: 8.5min
[45930/50000] Loss: 1.0385e-02 | PDE: 9.5671e-04 | Holes: 2.6903e-06 | Ext: 2.9190e-04 | ms/ep: 122.1 | LR: 2.61e-05 | ETA: 8.3min
[45940/50000] Loss: 1.0398e-02 | PDE: 9.7085e-04 | Holes: 2.7008e-06 | Ext: 2.9302e-04 | ms/ep: 112.1 | LR: 2.60e-05 | ETA: 7.6min
[45950/50000] Loss: 1.0569e-02 | PDE: 1.1165e-03 | Holes: 2.8389e-06 | Ext: 2.9909e-04 | ms/ep: 125.2 | LR: 2.59e-05 | ETA: 8.4min
[45960/50000] Loss: 1.0434e-02 | PDE: 1.0116e-03 | Holes: 2.7054e-06 | Ext: 2.8776e-04 | ms/ep: 118.8 | LR: 2.59e-05 | ETA: 8.0min
[45970/50000] Loss: 1.0380e-02 | PDE: 9.6224e-04 | Holes: 2.7003e-06 | Ext: 2.9255e-04 | ms/ep: 117.5 | LR: 2.58e-05 | ETA: 7.9min
[45980/50000] Loss: 1.0373e-02 | PDE: 9.6246e-04 | Holes: 2.6999e-06 | Ext: 2.8915e-04 | ms/ep: 109.8 | LR: 2.57e-05 | ETA: 7.4min
[45990/50000] Loss: 1.0361e-02 | PDE: 9.5426e-04 | Holes: 2.6863e-06 | Ext: 2.8931e-04 | ms/ep: 112.2 | LR: 2.56e-05 | ETA: 7.5min
[46000/50000] Loss: 1.0355e-02 | PDE: 9.5240e-04 | Holes: 2.6862e-06 | Ext: 2.8973e-04 | ms/ep: 118.3 | LR: 2.56e-05 | ETA: 7.9min
[46010/50000] Loss: 1.0390e-02 | PDE: 9.8861e-04 | Holes: 2.7202e-06 | Ext: 2.8677e-04 | ms/ep: 122.6 | LR: 2.55e-05 | ETA: 8.2min
[46020/50000] Loss: 1.0530e-02 | PDE: 1.1149e-03 | Holes: 2.8316e-06 | Ext: 2.8822e-04 | ms/ep: 107.6 | LR: 2.54e-05 | ETA: 7.1min
[46030/50000] Loss: 1.0391e-02 | PDE: 9.8711e-04 | Holes: 2.7316e-06 | Ext: 2.9224e-04 | ms/ep: 104.6 | LR: 2.53e-05 | ETA: 6.9min
[46040/50000] Loss: 1.0363e-02 | PDE: 9.6368e-04 | Holes: 2.7557e-06 | Ext: 2.9239e-04 | ms/ep: 104.4 | LR: 2.52e-05 | ETA: 6.9min
[46050/50000] Loss: 1.0348e-02 | PDE: 9.5903e-04 | Holes: 2.6894e-06 | Ext: 2.8867e-04 | ms/ep: 104.3 | LR: 2.52e-05 | ETA: 6.9min
[46060/50000] Loss: 1.0338e-02 | PDE: 9.5296e-04 | Holes: 2.6841e-06 | Ext: 2.9026e-04 | ms/ep: 104.6 | LR: 2.51e-05 | ETA: 6.9min
[46070/50000] Loss: 1.0331e-02 | PDE: 9.5113e-04 | Holes: 2.6862e-06 | Ext: 2.8861e-04 | ms/ep: 104.5 | LR: 2.50e-05 | ETA: 6.8min
[46080/50000] Loss: 1.0326e-02 | PDE: 9.5001e-04 | Holes: 2.6802e-06 | Ext: 2.8922e-04 | ms/ep: 104.2 | LR: 2.49e-05 | ETA: 6.8min
[46090/50000] Loss: 1.0324e-02 | PDE: 9.5139e-04 | Holes: 2.6791e-06 | Ext: 2.8948e-04 | ms/ep: 104.4 | LR: 2.49e-05 | ETA: 6.8min
[46100/50000] Loss: 1.0440e-02 | PDE: 1.0529e-03 | Holes: 2.7509e-06 | Ext: 2.9477e-04 | ms/ep: 104.5 | LR: 2.48e-05 | ETA: 6.8min
[46110/50000] Loss: 1.0351e-02 | PDE: 9.8168e-04 | Holes: 2.7170e-06 | Ext: 2.8866e-04 | ms/ep: 104.3 | LR: 2.47e-05 | ETA: 6.8min
[46120/50000] Loss: 1.0334e-02 | PDE: 9.6906e-04 | Holes: 2.6884e-06 | Ext: 2.8994e-04 | ms/ep: 104.3 | LR: 2.46e-05 | ETA: 6.7min
[46130/50000] Loss: 1.0314e-02 | PDE: 9.5342e-04 | Holes: 2.6843e-06 | Ext: 2.8735e-04 | ms/ep: 104.6 | LR: 2.46e-05 | ETA: 6.7min
[46140/50000] Loss: 1.0308e-02 | PDE: 9.5147e-04 | Holes: 2.6756e-06 | Ext: 2.8893e-04 | ms/ep: 104.7 | LR: 2.45e-05 | ETA: 6.7min
[46150/50000] Loss: 1.0301e-02 | PDE: 9.4848e-04 | Holes: 2.6764e-06 | Ext: 2.8876e-04 | ms/ep: 104.5 | LR: 2.44e-05 | ETA: 6.7min
[46160/50000] Loss: 1.0297e-02 | PDE: 9.4838e-04 | Holes: 2.6761e-06 | Ext: 2.8769e-04 | ms/ep: 104.3 | LR: 2.43e-05 | ETA: 6.7min
[46170/50000] Loss: 1.0340e-02 | PDE: 9.9189e-04 | Holes: 2.7136e-06 | Ext: 2.8461e-04 | ms/ep: 104.6 | LR: 2.43e-05 | ETA: 6.7min
[46180/50000] Loss: 1.0361e-02 | PDE: 1.0103e-03 | Holes: 2.7220e-06 | Ext: 2.8607e-04 | ms/ep: 104.5 | LR: 2.42e-05 | ETA: 6.7min
[46190/50000] Loss: 1.0295e-02 | PDE: 9.5241e-04 | Holes: 2.6746e-06 | Ext: 2.8867e-04 | ms/ep: 104.5 | LR: 2.41e-05 | ETA: 6.6min
[46200/50000] Loss: 1.0286e-02 | PDE: 9.4890e-04 | Holes: 2.6730e-06 | Ext: 2.8876e-04 | ms/ep: 104.5 | LR: 2.40e-05 | ETA: 6.6min
[46210/50000] Loss: 1.0285e-02 | PDE: 9.5258e-04 | Holes: 2.6775e-06 | Ext: 2.8658e-04 | ms/ep: 104.3 | LR: 2.40e-05 | ETA: 6.6min
[46220/50000] Loss: 1.0276e-02 | PDE: 9.4699e-04 | Holes: 2.6703e-06 | Ext: 2.8794e-04 | ms/ep: 104.5 | LR: 2.39e-05 | ETA: 6.6min
[46230/50000] Loss: 1.0272e-02 | PDE: 9.4685e-04 | Holes: 2.6702e-06 | Ext: 2.8752e-04 | ms/ep: 104.3 | LR: 2.38e-05 | ETA: 6.6min
[46240/50000] Loss: 1.0268e-02 | PDE: 9.4631e-04 | Holes: 2.6681e-06 | Ext: 2.8756e-04 | ms/ep: 104.3 | LR: 2.37e-05 | ETA: 6.5min
[46250/50000] Loss: 1.0317e-02 | PDE: 9.9158e-04 | Holes: 2.6981e-06 | Ext: 2.9052e-04 | ms/ep: 104.5 | LR: 2.37e-05 | ETA: 6.5min
[46260/50000] Loss: 1.0364e-02 | PDE: 1.0421e-03 | Holes: 2.7366e-06 | Ext: 2.8914e-04 | ms/ep: 104.6 | LR: 2.36e-05 | ETA: 6.5min
[46270/50000] Loss: 1.0268e-02 | PDE: 9.5427e-04 | Holes: 2.6769e-06 | Ext: 2.8671e-04 | ms/ep: 104.5 | LR: 2.35e-05 | ETA: 6.5min
[46280/50000] Loss: 1.0261e-02 | PDE: 9.5068e-04 | Holes: 2.6721e-06 | Ext: 2.8554e-04 | ms/ep: 104.3 | LR: 2.35e-05 | ETA: 6.5min
[46290/50000] Loss: 1.0259e-02 | PDE: 9.5125e-04 | Holes: 2.6683e-06 | Ext: 2.8824e-04 | ms/ep: 104.6 | LR: 2.34e-05 | ETA: 6.5min
[46300/50000] Loss: 1.0250e-02 | PDE: 9.4748e-04 | Holes: 2.6688e-06 | Ext: 2.8552e-04 | ms/ep: 104.4 | LR: 2.33e-05 | ETA: 6.4min
[46310/50000] Loss: 1.0243e-02 | PDE: 9.4413e-04 | Holes: 2.6662e-06 | Ext: 2.8662e-04 | ms/ep: 104.5 | LR: 2.32e-05 | ETA: 6.4min
[46320/50000] Loss: 1.0242e-02 | PDE: 9.4632e-04 | Holes: 2.6634e-06 | Ext: 2.8703e-04 | ms/ep: 104.3 | LR: 2.32e-05 | ETA: 6.4min
[46330/50000] Loss: 1.0345e-02 | PDE: 1.0377e-03 | Holes: 2.7283e-06 | Ext: 2.9149e-04 | ms/ep: 104.8 | LR: 2.31e-05 | ETA: 6.4min
[46340/50000] Loss: 1.0254e-02 | PDE: 9.6417e-04 | Holes: 2.6868e-06 | Ext: 2.8559e-04 | ms/ep: 104.4 | LR: 2.30e-05 | ETA: 6.4min
[46350/50000] Loss: 1.0231e-02 | PDE: 9.4531e-04 | Holes: 2.6609e-06 | Ext: 2.8624e-04 | ms/ep: 104.5 | LR: 2.30e-05 | ETA: 6.4min
[46360/50000] Loss: 1.0230e-02 | PDE: 9.4712e-04 | Holes: 2.6630e-06 | Ext: 2.8600e-04 | ms/ep: 104.4 | LR: 2.29e-05 | ETA: 6.3min
[46370/50000] Loss: 1.0225e-02 | PDE: 9.4655e-04 | Holes: 2.6655e-06 | Ext: 2.8456e-04 | ms/ep: 104.4 | LR: 2.28e-05 | ETA: 6.3min
[46380/50000] Loss: 1.0217e-02 | PDE: 9.4220e-04 | Holes: 2.6613e-06 | Ext: 2.8538e-04 | ms/ep: 104.5 | LR: 2.27e-05 | ETA: 6.3min
[46390/50000] Loss: 1.0213e-02 | PDE: 9.4181e-04 | Holes: 2.6591e-06 | Ext: 2.8521e-04 | ms/ep: 104.5 | LR: 2.27e-05 | ETA: 6.3min
[46400/50000] Loss: 1.0215e-02 | PDE: 9.4670e-04 | Holes: 2.6597e-06 | Ext: 2.8631e-04 | ms/ep: 104.5 | LR: 2.26e-05 | ETA: 6.3min
[46410/50000] Loss: 1.0547e-02 | PDE: 1.2254e-03 | Holes: 2.9483e-06 | Ext: 2.9622e-04 | ms/ep: 104.4 | LR: 2.25e-05 | ETA: 6.2min
[46420/50000] Loss: 1.0245e-02 | PDE: 9.7665e-04 | Holes: 2.6532e-06 | Ext: 2.8316e-04 | ms/ep: 104.5 | LR: 2.25e-05 | ETA: 6.2min
[46430/50000] Loss: 1.0235e-02 | PDE: 9.7116e-04 | Holes: 2.6814e-06 | Ext: 2.8265e-04 | ms/ep: 104.5 | LR: 2.24e-05 | ETA: 6.2min
[46440/50000] Loss: 1.0205e-02 | PDE: 9.4718e-04 | Holes: 2.6692e-06 | Ext: 2.8588e-04 | ms/ep: 104.5 | LR: 2.23e-05 | ETA: 6.2min
[46450/50000] Loss: 1.0197e-02 | PDE: 9.4184e-04 | Holes: 2.6797e-06 | Ext: 2.8530e-04 | ms/ep: 104.5 | LR: 2.23e-05 | ETA: 6.2min
[46460/50000] Loss: 1.0192e-02 | PDE: 9.4141e-04 | Holes: 2.6718e-06 | Ext: 2.8414e-04 | ms/ep: 104.3 | LR: 2.22e-05 | ETA: 6.2min
[46470/50000] Loss: 1.0186e-02 | PDE: 9.3999e-04 | Holes: 2.6546e-06 | Ext: 2.8493e-04 | ms/ep: 104.6 | LR: 2.21e-05 | ETA: 6.2min
[46480/50000] Loss: 1.0182e-02 | PDE: 9.3961e-04 | Holes: 2.6522e-06 | Ext: 2.8410e-04 | ms/ep: 104.5 | LR: 2.21e-05 | ETA: 6.1min
[46490/50000] Loss: 1.0178e-02 | PDE: 9.3909e-04 | Holes: 2.6519e-06 | Ext: 2.8426e-04 | ms/ep: 104.6 | LR: 2.20e-05 | ETA: 6.1min
[46500/50000] Loss: 1.0174e-02 | PDE: 9.3886e-04 | Holes: 2.6515e-06 | Ext: 2.8413e-04 | ms/ep: 104.4 | LR: 2.19e-05 | ETA: 6.1min
[46510/50000] Loss: 1.0172e-02 | PDE: 9.3997e-04 | Holes: 2.6510e-06 | Ext: 2.8448e-04 | ms/ep: 104.5 | LR: 2.19e-05 | ETA: 6.1min
[46520/50000] Loss: 1.0338e-02 | PDE: 1.0859e-03 | Holes: 2.7458e-06 | Ext: 2.9070e-04 | ms/ep: 104.4 | LR: 2.18e-05 | ETA: 6.1min
[46530/50000] Loss: 1.0199e-02 | PDE: 9.6816e-04 | Holes: 2.7076e-06 | Ext: 2.8146e-04 | ms/ep: 104.5 | LR: 2.17e-05 | ETA: 6.0min
[46540/50000] Loss: 1.0203e-02 | PDE: 9.7634e-04 | Holes: 2.6608e-06 | Ext: 2.8628e-04 | ms/ep: 104.6 | LR: 2.17e-05 | ETA: 6.0min
[46550/50000] Loss: 1.0171e-02 | PDE: 9.5034e-04 | Holes: 2.6785e-06 | Ext: 2.8236e-04 | ms/ep: 104.3 | LR: 2.16e-05 | ETA: 6.0min
[46560/50000] Loss: 1.0155e-02 | PDE: 9.3856e-04 | Holes: 2.6471e-06 | Ext: 2.8422e-04 | ms/ep: 104.4 | LR: 2.15e-05 | ETA: 6.0min
[46570/50000] Loss: 1.0151e-02 | PDE: 9.3821e-04 | Holes: 2.6498e-06 | Ext: 2.8285e-04 | ms/ep: 104.3 | LR: 2.15e-05 | ETA: 6.0min
[46580/50000] Loss: 1.0148e-02 | PDE: 9.3765e-04 | Holes: 2.6470e-06 | Ext: 2.8372e-04 | ms/ep: 104.7 | LR: 2.14e-05 | ETA: 6.0min
[46590/50000] Loss: 1.0144e-02 | PDE: 9.3757e-04 | Holes: 2.6457e-06 | Ext: 2.8366e-04 | ms/ep: 104.3 | LR: 2.13e-05 | ETA: 5.9min
[46600/50000] Loss: 1.0159e-02 | PDE: 9.5297e-04 | Holes: 2.6540e-06 | Ext: 2.8498e-04 | ms/ep: 104.6 | LR: 2.13e-05 | ETA: 5.9min
[46610/50000] Loss: 1.0282e-02 | PDE: 1.0595e-03 | Holes: 2.7453e-06 | Ext: 2.8964e-04 | ms/ep: 104.4 | LR: 2.12e-05 | ETA: 5.9min
[46620/50000] Loss: 1.0173e-02 | PDE: 9.7353e-04 | Holes: 2.6543e-06 | Ext: 2.8070e-04 | ms/ep: 104.3 | LR: 2.11e-05 | ETA: 5.9min
[46630/50000] Loss: 1.0134e-02 | PDE: 9.3860e-04 | Holes: 2.6478e-06 | Ext: 2.8377e-04 | ms/ep: 104.6 | LR: 2.11e-05 | ETA: 5.9min
[46640/50000] Loss: 1.0131e-02 | PDE: 9.4036e-04 | Holes: 2.6488e-06 | Ext: 2.8194e-04 | ms/ep: 104.4 | LR: 2.10e-05 | ETA: 5.8min
[46650/50000] Loss: 1.0125e-02 | PDE: 9.3737e-04 | Holes: 2.6422e-06 | Ext: 2.8332e-04 | ms/ep: 117.3 | LR: 2.09e-05 | ETA: 6.5min
[46660/50000] Loss: 1.0119e-02 | PDE: 9.3514e-04 | Holes: 2.6406e-06 | Ext: 2.8230e-04 | ms/ep: 120.3 | LR: 2.09e-05 | ETA: 6.7min
[46670/50000] Loss: 1.0115e-02 | PDE: 9.3476e-04 | Holes: 2.6404e-06 | Ext: 2.8221e-04 | ms/ep: 110.4 | LR: 2.08e-05 | ETA: 6.1min
[46680/50000] Loss: 1.0111e-02 | PDE: 9.3459e-04 | Holes: 2.6387e-06 | Ext: 2.8210e-04 | ms/ep: 124.0 | LR: 2.07e-05 | ETA: 6.9min
[46690/50000] Loss: 1.0248e-02 | PDE: 1.0572e-03 | Holes: 2.7110e-06 | Ext: 2.8764e-04 | ms/ep: 122.5 | LR: 2.07e-05 | ETA: 6.8min
[46700/50000] Loss: 1.0167e-02 | PDE: 9.8492e-04 | Holes: 2.7924e-06 | Ext: 2.7972e-04 | ms/ep: 123.4 | LR: 2.06e-05 | ETA: 6.8min
[46710/50000] Loss: 1.0155e-02 | PDE: 9.7509e-04 | Holes: 2.6535e-06 | Ext: 2.8634e-04 | ms/ep: 110.2 | LR: 2.05e-05 | ETA: 6.0min
[46720/50000] Loss: 1.0115e-02 | PDE: 9.4532e-04 | Holes: 2.6525e-06 | Ext: 2.8384e-04 | ms/ep: 105.7 | LR: 2.05e-05 | ETA: 5.8min
[46730/50000] Loss: 1.0101e-02 | PDE: 9.3765e-04 | Holes: 2.6401e-06 | Ext: 2.8112e-04 | ms/ep: 109.8 | LR: 2.04e-05 | ETA: 6.0min
[46740/50000] Loss: 1.0093e-02 | PDE: 9.3337e-04 | Holes: 2.6463e-06 | Ext: 2.8146e-04 | ms/ep: 117.8 | LR: 2.03e-05 | ETA: 6.4min
[46750/50000] Loss: 1.0089e-02 | PDE: 9.3293e-04 | Holes: 2.6372e-06 | Ext: 2.8196e-04 | ms/ep: 120.5 | LR: 2.03e-05 | ETA: 6.5min
[46760/50000] Loss: 1.0085e-02 | PDE: 9.3263e-04 | Holes: 2.6355e-06 | Ext: 2.8103e-04 | ms/ep: 123.4 | LR: 2.02e-05 | ETA: 6.7min
[46770/50000] Loss: 1.0081e-02 | PDE: 9.3204e-04 | Holes: 2.6347e-06 | Ext: 2.8121e-04 | ms/ep: 108.5 | LR: 2.02e-05 | ETA: 5.8min
[46780/50000] Loss: 1.0077e-02 | PDE: 9.3189e-04 | Holes: 2.6347e-06 | Ext: 2.8080e-04 | ms/ep: 104.3 | LR: 2.01e-05 | ETA: 5.6min
[46790/50000] Loss: 1.0074e-02 | PDE: 9.3158e-04 | Holes: 2.6327e-06 | Ext: 2.8078e-04 | ms/ep: 113.2 | LR: 2.00e-05 | ETA: 6.1min
[46800/50000] Loss: 1.0070e-02 | PDE: 9.3136e-04 | Holes: 2.6315e-06 | Ext: 2.8064e-04 | ms/ep: 115.4 | LR: 2.00e-05 | ETA: 6.2min
[46810/50000] Loss: 1.0067e-02 | PDE: 9.3123e-04 | Holes: 2.6306e-06 | Ext: 2.8066e-04 | ms/ep: 112.0 | LR: 1.99e-05 | ETA: 6.0min
[46820/50000] Loss: 1.0089e-02 | PDE: 9.5272e-04 | Holes: 2.6411e-06 | Ext: 2.8279e-04 | ms/ep: 118.8 | LR: 1.98e-05 | ETA: 6.3min
[46830/50000] Loss: 1.0194e-02 | PDE: 1.0511e-03 | Holes: 2.7293e-06 | Ext: 2.8493e-04 | ms/ep: 115.2 | LR: 1.98e-05 | ETA: 6.1min
[46840/50000] Loss: 1.0076e-02 | PDE: 9.4493e-04 | Holes: 2.6464e-06 | Ext: 2.8194e-04 | ms/ep: 126.2 | LR: 1.97e-05 | ETA: 6.6min
[46850/50000] Loss: 1.0073e-02 | PDE: 9.4714e-04 | Holes: 2.6486e-06 | Ext: 2.7855e-04 | ms/ep: 120.1 | LR: 1.97e-05 | ETA: 6.3min
[46860/50000] Loss: 1.0054e-02 | PDE: 9.3202e-04 | Holes: 2.6375e-06 | Ext: 2.7981e-04 | ms/ep: 120.4 | LR: 1.96e-05 | ETA: 6.3min
[46870/50000] Loss: 1.0051e-02 | PDE: 9.3233e-04 | Holes: 2.6274e-06 | Ext: 2.8114e-04 | ms/ep: 126.4 | LR: 1.95e-05 | ETA: 6.6min
[46880/50000] Loss: 1.0044e-02 | PDE: 9.2983e-04 | Holes: 2.6298e-06 | Ext: 2.7965e-04 | ms/ep: 110.6 | LR: 1.95e-05 | ETA: 5.8min
[46890/50000] Loss: 1.0041e-02 | PDE: 9.2932e-04 | Holes: 2.6254e-06 | Ext: 2.8000e-04 | ms/ep: 117.6 | LR: 1.94e-05 | ETA: 6.1min
[46900/50000] Loss: 1.0037e-02 | PDE: 9.2922e-04 | Holes: 2.6250e-06 | Ext: 2.7939e-04 | ms/ep: 104.4 | LR: 1.94e-05 | ETA: 5.4min
[46910/50000] Loss: 1.0033e-02 | PDE: 9.2863e-04 | Holes: 2.6247e-06 | Ext: 2.7955e-04 | ms/ep: 104.8 | LR: 1.93e-05 | ETA: 5.4min
[46920/50000] Loss: 1.0030e-02 | PDE: 9.2853e-04 | Holes: 2.6239e-06 | Ext: 2.7960e-04 | ms/ep: 104.6 | LR: 1.92e-05 | ETA: 5.4min
[46930/50000] Loss: 1.0038e-02 | PDE: 9.3784e-04 | Holes: 2.6273e-06 | Ext: 2.8079e-04 | ms/ep: 104.6 | LR: 1.92e-05 | ETA: 5.4min
[46940/50000] Loss: 1.0247e-02 | PDE: 1.1191e-03 | Holes: 2.7620e-06 | Ext: 2.8746e-04 | ms/ep: 105.7 | LR: 1.91e-05 | ETA: 5.4min
[46950/50000] Loss: 1.0059e-02 | PDE: 9.6331e-04 | Holes: 2.6309e-06 | Ext: 2.7778e-04 | ms/ep: 105.2 | LR: 1.91e-05 | ETA: 5.3min
[46960/50000] Loss: 1.0028e-02 | PDE: 9.3714e-04 | Holes: 2.6256e-06 | Ext: 2.7861e-04 | ms/ep: 129.0 | LR: 1.90e-05 | ETA: 6.5min
[46970/50000] Loss: 1.0018e-02 | PDE: 9.3067e-04 | Holes: 2.6237e-06 | Ext: 2.8010e-04 | ms/ep: 118.7 | LR: 1.89e-05 | ETA: 6.0min
[46980/50000] Loss: 1.0013e-02 | PDE: 9.2994e-04 | Holes: 2.6240e-06 | Ext: 2.7815e-04 | ms/ep: 122.6 | LR: 1.89e-05 | ETA: 6.2min
[46990/50000] Loss: 1.0008e-02 | PDE: 9.2773e-04 | Holes: 2.6200e-06 | Ext: 2.7933e-04 | ms/ep: 104.4 | LR: 1.88e-05 | ETA: 5.2min
[47000/50000] Loss: 1.0003e-02 | PDE: 9.2645e-04 | Holes: 2.6189e-06 | Ext: 2.7852e-04 | ms/ep: 104.4 | LR: 1.88e-05 | ETA: 5.2min
[47010/50000] Loss: 1.0000e-02 | PDE: 9.2680e-04 | Holes: 2.6181e-06 | Ext: 2.7806e-04 | ms/ep: 119.0 | LR: 1.87e-05 | ETA: 5.9min
[47020/50000] Loss: 1.0001e-02 | PDE: 9.3139e-04 | Holes: 2.6228e-06 | Ext: 2.7725e-04 | ms/ep: 125.9 | LR: 1.87e-05 | ETA: 6.3min
[47030/50000] Loss: 1.0162e-02 | PDE: 1.0817e-03 | Holes: 2.7414e-06 | Ext: 2.7253e-04 | ms/ep: 120.5 | LR: 1.86e-05 | ETA: 6.0min
[47040/50000] Loss: 1.0040e-02 | PDE: 9.6656e-04 | Holes: 2.6504e-06 | Ext: 2.8212e-04 | ms/ep: 116.6 | LR: 1.85e-05 | ETA: 5.8min
[47050/50000] Loss: 1.0008e-02 | PDE: 9.4514e-04 | Holes: 2.6183e-06 | Ext: 2.7633e-04 | ms/ep: 104.4 | LR: 1.85e-05 | ETA: 5.1min
[47060/50000] Loss: 9.9890e-03 | PDE: 9.2936e-04 | Holes: 2.6181e-06 | Ext: 2.7895e-04 | ms/ep: 104.6 | LR: 1.84e-05 | ETA: 5.1min
[47070/50000] Loss: 9.9825e-03 | PDE: 9.2744e-04 | Holes: 2.6172e-06 | Ext: 2.7721e-04 | ms/ep: 123.5 | LR: 1.84e-05 | ETA: 6.0min
[47080/50000] Loss: 9.9781e-03 | PDE: 9.2569e-04 | Holes: 2.6153e-06 | Ext: 2.7838e-04 | ms/ep: 121.0 | LR: 1.83e-05 | ETA: 5.9min
[47090/50000] Loss: 9.9733e-03 | PDE: 9.2447e-04 | Holes: 2.6128e-06 | Ext: 2.7772e-04 | ms/ep: 119.8 | LR: 1.83e-05 | ETA: 5.8min
[47100/50000] Loss: 9.9696e-03 | PDE: 9.2411e-04 | Holes: 2.6119e-06 | Ext: 2.7761e-04 | ms/ep: 113.3 | LR: 1.82e-05 | ETA: 5.5min
[47110/50000] Loss: 9.9733e-03 | PDE: 9.2977e-04 | Holes: 2.6135e-06 | Ext: 2.7852e-04 | ms/ep: 110.2 | LR: 1.81e-05 | ETA: 5.3min
[47120/50000] Loss: 1.0262e-02 | PDE: 1.1810e-03 | Holes: 2.7799e-06 | Ext: 2.8651e-04 | ms/ep: 122.8 | LR: 1.81e-05 | ETA: 5.9min
[47130/50000] Loss: 1.0026e-02 | PDE: 9.8361e-04 | Holes: 2.6421e-06 | Ext: 2.7518e-04 | ms/ep: 123.0 | LR: 1.80e-05 | ETA: 5.9min
[47140/50000] Loss: 9.9647e-03 | PDE: 9.2880e-04 | Holes: 2.6117e-06 | Ext: 2.7772e-04 | ms/ep: 120.1 | LR: 1.80e-05 | ETA: 5.7min
[47150/50000] Loss: 9.9572e-03 | PDE: 9.2519e-04 | Holes: 2.6111e-06 | Ext: 2.7809e-04 | ms/ep: 105.7 | LR: 1.79e-05 | ETA: 5.0min
[47160/50000] Loss: 9.9540e-03 | PDE: 9.2616e-04 | Holes: 2.6127e-06 | Ext: 2.7621e-04 | ms/ep: 104.4 | LR: 1.79e-05 | ETA: 4.9min
[47170/50000] Loss: 9.9485e-03 | PDE: 9.2342e-04 | Holes: 2.6093e-06 | Ext: 2.7742e-04 | ms/ep: 104.6 | LR: 1.78e-05 | ETA: 4.9min
[47180/50000] Loss: 9.9440e-03 | PDE: 9.2261e-04 | Holes: 2.6079e-06 | Ext: 2.7635e-04 | ms/ep: 104.5 | LR: 1.77e-05 | ETA: 4.9min
[47190/50000] Loss: 9.9402e-03 | PDE: 9.2188e-04 | Holes: 2.6055e-06 | Ext: 2.7656e-04 | ms/ep: 107.1 | LR: 1.77e-05 | ETA: 5.0min
[47200/50000] Loss: 9.9373e-03 | PDE: 9.2195e-04 | Holes: 2.6058e-06 | Ext: 2.7676e-04 | ms/ep: 124.7 | LR: 1.76e-05 | ETA: 5.8min
[47210/50000] Loss: 9.9403e-03 | PDE: 9.2715e-04 | Holes: 2.6070e-06 | Ext: 2.7749e-04 | ms/ep: 118.7 | LR: 1.76e-05 | ETA: 5.5min
[47220/50000] Loss: 1.0112e-02 | PDE: 1.0790e-03 | Holes: 2.6960e-06 | Ext: 2.8299e-04 | ms/ep: 118.2 | LR: 1.75e-05 | ETA: 5.5min
[47230/50000] Loss: 9.9693e-03 | PDE: 9.5919e-04 | Holes: 2.6376e-06 | Ext: 2.7317e-04 | ms/ep: 116.5 | LR: 1.75e-05 | ETA: 5.4min
[47240/50000] Loss: 9.9451e-03 | PDE: 9.3934e-04 | Holes: 2.6096e-06 | Ext: 2.7811e-04 | ms/ep: 116.0 | LR: 1.74e-05 | ETA: 5.3min
[47250/50000] Loss: 9.9254e-03 | PDE: 9.2487e-04 | Holes: 2.6102e-06 | Ext: 2.7505e-04 | ms/ep: 122.3 | LR: 1.74e-05 | ETA: 5.6min
[47260/50000] Loss: 9.9207e-03 | PDE: 9.2283e-04 | Holes: 2.6022e-06 | Ext: 2.7653e-04 | ms/ep: 125.1 | LR: 1.73e-05 | ETA: 5.7min
[47270/50000] Loss: 9.9146e-03 | PDE: 9.2064e-04 | Holes: 2.6033e-06 | Ext: 2.7533e-04 | ms/ep: 117.7 | LR: 1.73e-05 | ETA: 5.4min
[47280/50000] Loss: 9.9117e-03 | PDE: 9.2092e-04 | Holes: 2.6024e-06 | Ext: 2.7517e-04 | ms/ep: 118.6 | LR: 1.72e-05 | ETA: 5.4min
[47290/50000] Loss: 9.9115e-03 | PDE: 9.2377e-04 | Holes: 2.6036e-06 | Ext: 2.7449e-04 | ms/ep: 116.5 | LR: 1.72e-05 | ETA: 5.3min
[47300/50000] Loss: 9.9942e-03 | PDE: 1.0032e-03 | Holes: 2.6611e-06 | Ext: 2.7131e-04 | ms/ep: 114.4 | LR: 1.71e-05 | ETA: 5.1min
[47310/50000] Loss: 9.9135e-03 | PDE: 9.2881e-04 | Holes: 2.6019e-06 | Ext: 2.7640e-04 | ms/ep: 110.0 | LR: 1.71e-05 | ETA: 4.9min
[47320/50000] Loss: 9.9025e-03 | PDE: 9.2291e-04 | Holes: 2.5981e-06 | Ext: 2.7433e-04 | ms/ep: 127.7 | LR: 1.70e-05 | ETA: 5.7min
[47330/50000] Loss: 9.8990e-03 | PDE: 9.2236e-04 | Holes: 2.6003e-06 | Ext: 2.7590e-04 | ms/ep: 119.7 | LR: 1.69e-05 | ETA: 5.3min
[47340/50000] Loss: 9.8913e-03 | PDE: 9.1826e-04 | Holes: 2.5961e-06 | Ext: 2.7502e-04 | ms/ep: 116.9 | LR: 1.69e-05 | ETA: 5.2min
[47350/50000] Loss: 9.8897e-03 | PDE: 9.1986e-04 | Holes: 2.5981e-06 | Ext: 2.7422e-04 | ms/ep: 127.8 | LR: 1.68e-05 | ETA: 5.6min
[47360/50000] Loss: 9.8851e-03 | PDE: 9.1840e-04 | Holes: 2.5966e-06 | Ext: 2.7451e-04 | ms/ep: 113.6 | LR: 1.68e-05 | ETA: 5.0min
[47370/50000] Loss: 9.8840e-03 | PDE: 9.2045e-04 | Holes: 2.5971e-06 | Ext: 2.7384e-04 | ms/ep: 119.5 | LR: 1.67e-05 | ETA: 5.2min
[47380/50000] Loss: 9.9871e-03 | PDE: 1.0190e-03 | Holes: 2.6669e-06 | Ext: 2.7019e-04 | ms/ep: 105.2 | LR: 1.67e-05 | ETA: 4.6min
[47390/50000] Loss: 9.9073e-03 | PDE: 9.4363e-04 | Holes: 2.6089e-06 | Ext: 2.7661e-04 | ms/ep: 104.2 | LR: 1.66e-05 | ETA: 4.5min
[47400/50000] Loss: 9.8894e-03 | PDE: 9.3273e-04 | Holes: 2.5971e-06 | Ext: 2.7314e-04 | ms/ep: 119.2 | LR: 1.66e-05 | ETA: 5.2min
[47410/50000] Loss: 9.8752e-03 | PDE: 9.2183e-04 | Holes: 2.5957e-06 | Ext: 2.7546e-04 | ms/ep: 127.1 | LR: 1.65e-05 | ETA: 5.5min
[47420/50000] Loss: 9.8690e-03 | PDE: 9.1976e-04 | Holes: 2.5958e-06 | Ext: 2.7372e-04 | ms/ep: 106.8 | LR: 1.65e-05 | ETA: 4.6min
[47430/50000] Loss: 9.8635e-03 | PDE: 9.1689e-04 | Holes: 2.5914e-06 | Ext: 2.7449e-04 | ms/ep: 105.3 | LR: 1.64e-05 | ETA: 4.5min
[47440/50000] Loss: 9.8590e-03 | PDE: 9.1587e-04 | Holes: 2.5905e-06 | Ext: 2.7385e-04 | ms/ep: 104.4 | LR: 1.64e-05 | ETA: 4.5min
[47450/50000] Loss: 9.8561e-03 | PDE: 9.1621e-04 | Holes: 2.5904e-06 | Ext: 2.7361e-04 | ms/ep: 105.3 | LR: 1.63e-05 | ETA: 4.5min
[47460/50000] Loss: 9.8548e-03 | PDE: 9.1796e-04 | Holes: 2.5913e-06 | Ext: 2.7297e-04 | ms/ep: 105.5 | LR: 1.63e-05 | ETA: 4.5min
[47470/50000] Loss: 9.9203e-03 | PDE: 9.8178e-04 | Holes: 2.6353e-06 | Ext: 2.7009e-04 | ms/ep: 105.1 | LR: 1.62e-05 | ETA: 4.4min
[47480/50000] Loss: 9.8608e-03 | PDE: 9.2726e-04 | Holes: 2.5930e-06 | Ext: 2.7359e-04 | ms/ep: 106.3 | LR: 1.62e-05 | ETA: 4.5min
[47490/50000] Loss: 9.8463e-03 | PDE: 9.1721e-04 | Holes: 2.5887e-06 | Ext: 2.7286e-04 | ms/ep: 106.4 | LR: 1.61e-05 | ETA: 4.5min
[47500/50000] Loss: 9.8469e-03 | PDE: 9.2067e-04 | Holes: 2.5908e-06 | Ext: 2.7424e-04 | ms/ep: 104.4 | LR: 1.61e-05 | ETA: 4.3min
[47510/50000] Loss: 9.8374e-03 | PDE: 9.1487e-04 | Holes: 2.5863e-06 | Ext: 2.7293e-04 | ms/ep: 110.7 | LR: 1.60e-05 | ETA: 4.6min
[47520/50000] Loss: 9.8338e-03 | PDE: 9.1416e-04 | Holes: 2.5851e-06 | Ext: 2.7305e-04 | ms/ep: 120.4 | LR: 1.60e-05 | ETA: 5.0min
[47530/50000] Loss: 9.8310e-03 | PDE: 9.1426e-04 | Holes: 2.5848e-06 | Ext: 2.7352e-04 | ms/ep: 111.1 | LR: 1.59e-05 | ETA: 4.6min
[47540/50000] Loss: 9.8273e-03 | PDE: 9.1374e-04 | Holes: 2.5832e-06 | Ext: 2.7318e-04 | ms/ep: 116.7 | LR: 1.59e-05 | ETA: 4.8min
[47550/50000] Loss: 9.8287e-03 | PDE: 9.1737e-04 | Holes: 2.5839e-06 | Ext: 2.7380e-04 | ms/ep: 111.7 | LR: 1.59e-05 | ETA: 4.6min
[47560/50000] Loss: 9.9837e-03 | PDE: 1.0561e-03 | Holes: 2.6589e-06 | Ext: 2.7883e-04 | ms/ep: 104.3 | LR: 1.58e-05 | ETA: 4.2min
[47570/50000] Loss: 9.8518e-03 | PDE: 9.4390e-04 | Holes: 2.6139e-06 | Ext: 2.7017e-04 | ms/ep: 104.1 | LR: 1.58e-05 | ETA: 4.2min
[47580/50000] Loss: 9.8353e-03 | PDE: 9.3131e-04 | Holes: 2.5886e-06 | Ext: 2.7425e-04 | ms/ep: 104.1 | LR: 1.57e-05 | ETA: 4.2min
[47590/50000] Loss: 9.8152e-03 | PDE: 9.1577e-04 | Holes: 2.5847e-06 | Ext: 2.7168e-04 | ms/ep: 107.7 | LR: 1.57e-05 | ETA: 4.3min
[47600/50000] Loss: 9.8108e-03 | PDE: 9.1401e-04 | Holes: 2.5797e-06 | Ext: 2.7291e-04 | ms/ep: 129.1 | LR: 1.56e-05 | ETA: 5.2min
[47610/50000] Loss: 9.8058e-03 | PDE: 9.1271e-04 | Holes: 2.5817e-06 | Ext: 2.7204e-04 | ms/ep: 107.0 | LR: 1.56e-05 | ETA: 4.3min
[47620/50000] Loss: 9.8016e-03 | PDE: 9.1146e-04 | Holes: 2.5787e-06 | Ext: 2.7208e-04 | ms/ep: 124.7 | LR: 1.55e-05 | ETA: 4.9min
[47630/50000] Loss: 9.7985e-03 | PDE: 9.1125e-04 | Holes: 2.5773e-06 | Ext: 2.7215e-04 | ms/ep: 104.3 | LR: 1.55e-05 | ETA: 4.1min
[47640/50000] Loss: 9.7971e-03 | PDE: 9.1252e-04 | Holes: 2.5772e-06 | Ext: 2.7255e-04 | ms/ep: 124.6 | LR: 1.54e-05 | ETA: 4.9min
[47650/50000] Loss: 9.8773e-03 | PDE: 9.8575e-04 | Holes: 2.6129e-06 | Ext: 2.7595e-04 | ms/ep: 123.1 | LR: 1.54e-05 | ETA: 4.8min
[47660/50000] Loss: 9.8120e-03 | PDE: 9.3212e-04 | Holes: 2.5928e-06 | Ext: 2.7119e-04 | ms/ep: 111.8 | LR: 1.53e-05 | ETA: 4.4min
[47670/50000] Loss: 9.7916e-03 | PDE: 9.1394e-04 | Holes: 2.5773e-06 | Ext: 2.7289e-04 | ms/ep: 119.7 | LR: 1.53e-05 | ETA: 4.7min
[47680/50000] Loss: 9.7920e-03 | PDE: 9.1848e-04 | Holes: 2.5762e-06 | Ext: 2.7092e-04 | ms/ep: 108.6 | LR: 1.52e-05 | ETA: 4.2min
[47690/50000] Loss: 9.7815e-03 | PDE: 9.1086e-04 | Holes: 2.5736e-06 | Ext: 2.7211e-04 | ms/ep: 104.2 | LR: 1.52e-05 | ETA: 4.0min
[47700/50000] Loss: 9.7781e-03 | PDE: 9.1106e-04 | Holes: 2.5754e-06 | Ext: 2.7112e-04 | ms/ep: 110.8 | LR: 1.52e-05 | ETA: 4.2min
[47710/50000] Loss: 9.7735e-03 | PDE: 9.0923e-04 | Holes: 2.5724e-06 | Ext: 2.7139e-04 | ms/ep: 124.7 | LR: 1.51e-05 | ETA: 4.8min
[47720/50000] Loss: 9.7704e-03 | PDE: 9.0910e-04 | Holes: 2.5714e-06 | Ext: 2.7132e-04 | ms/ep: 118.7 | LR: 1.51e-05 | ETA: 4.5min
[47730/50000] Loss: 9.7673e-03 | PDE: 9.0897e-04 | Holes: 2.5711e-06 | Ext: 2.7130e-04 | ms/ep: 105.2 | LR: 1.50e-05 | ETA: 4.0min
[47740/50000] Loss: 9.7671e-03 | PDE: 9.1128e-04 | Holes: 2.5711e-06 | Ext: 2.7165e-04 | ms/ep: 105.4 | LR: 1.50e-05 | ETA: 4.0min
[47750/50000] Loss: 9.8851e-03 | PDE: 1.0179e-03 | Holes: 2.6237e-06 | Ext: 2.7598e-04 | ms/ep: 121.7 | LR: 1.49e-05 | ETA: 4.6min
[47760/50000] Loss: 9.7863e-03 | PDE: 9.3459e-04 | Holes: 2.5932e-06 | Ext: 2.6896e-04 | ms/ep: 106.9 | LR: 1.49e-05 | ETA: 4.0min
[47770/50000] Loss: 9.7688e-03 | PDE: 9.1982e-04 | Holes: 2.5753e-06 | Ext: 2.7226e-04 | ms/ep: 104.3 | LR: 1.49e-05 | ETA: 3.9min
[47780/50000] Loss: 9.7586e-03 | PDE: 9.1403e-04 | Holes: 2.5704e-06 | Ext: 2.6981e-04 | ms/ep: 104.3 | LR: 1.48e-05 | ETA: 3.9min
[47790/50000] Loss: 9.7505e-03 | PDE: 9.0869e-04 | Holes: 2.5669e-06 | Ext: 2.7107e-04 | ms/ep: 104.6 | LR: 1.48e-05 | ETA: 3.9min
[47800/50000] Loss: 9.7467e-03 | PDE: 9.0836e-04 | Holes: 2.5691e-06 | Ext: 2.7015e-04 | ms/ep: 104.1 | LR: 1.47e-05 | ETA: 3.8min
[47810/50000] Loss: 9.7423e-03 | PDE: 9.0681e-04 | Holes: 2.5660e-06 | Ext: 2.7040e-04 | ms/ep: 104.4 | LR: 1.47e-05 | ETA: 3.8min
[47820/50000] Loss: 9.7392e-03 | PDE: 9.0663e-04 | Holes: 2.5650e-06 | Ext: 2.7029e-04 | ms/ep: 104.3 | LR: 1.46e-05 | ETA: 3.8min
[47830/50000] Loss: 9.7361e-03 | PDE: 9.0648e-04 | Holes: 2.5647e-06 | Ext: 2.7027e-04 | ms/ep: 104.4 | LR: 1.46e-05 | ETA: 3.8min
[47840/50000] Loss: 9.7358e-03 | PDE: 9.0857e-04 | Holes: 2.5644e-06 | Ext: 2.7063e-04 | ms/ep: 104.4 | LR: 1.46e-05 | ETA: 3.8min
[47850/50000] Loss: 9.8697e-03 | PDE: 1.0296e-03 | Holes: 2.6229e-06 | Ext: 2.7527e-04 | ms/ep: 104.5 | LR: 1.45e-05 | ETA: 3.7min
[47860/50000] Loss: 9.7661e-03 | PDE: 9.4196e-04 | Holes: 2.5967e-06 | Ext: 2.6753e-04 | ms/ep: 104.1 | LR: 1.45e-05 | ETA: 3.7min
[47870/50000] Loss: 9.7457e-03 | PDE: 9.2511e-04 | Holes: 2.5744e-06 | Ext: 2.7124e-04 | ms/ep: 104.5 | LR: 1.44e-05 | ETA: 3.7min
[47880/50000] Loss: 9.7245e-03 | PDE: 9.0845e-04 | Holes: 2.5627e-06 | Ext: 2.6898e-04 | ms/ep: 104.4 | LR: 1.44e-05 | ETA: 3.7min
[47890/50000] Loss: 9.7207e-03 | PDE: 9.0726e-04 | Holes: 2.5604e-06 | Ext: 2.6998e-04 | ms/ep: 104.1 | LR: 1.43e-05 | ETA: 3.7min
[47900/50000] Loss: 9.7151e-03 | PDE: 9.0508e-04 | Holes: 2.5615e-06 | Ext: 2.6923e-04 | ms/ep: 104.2 | LR: 1.43e-05 | ETA: 3.6min
[47910/50000] Loss: 9.7119e-03 | PDE: 9.0464e-04 | Holes: 2.5599e-06 | Ext: 2.6961e-04 | ms/ep: 104.5 | LR: 1.43e-05 | ETA: 3.6min
[47920/50000] Loss: 9.7085e-03 | PDE: 9.0435e-04 | Holes: 2.5589e-06 | Ext: 2.6906e-04 | ms/ep: 110.7 | LR: 1.42e-05 | ETA: 3.8min
[47930/50000] Loss: 9.7053e-03 | PDE: 9.0403e-04 | Holes: 2.5585e-06 | Ext: 2.6902e-04 | ms/ep: 115.6 | LR: 1.42e-05 | ETA: 4.0min
[47940/50000] Loss: 9.7022e-03 | PDE: 9.0390e-04 | Holes: 2.5580e-06 | Ext: 2.6884e-04 | ms/ep: 116.9 | LR: 1.41e-05 | ETA: 4.0min
[47950/50000] Loss: 9.7022e-03 | PDE: 9.0676e-04 | Holes: 2.5598e-06 | Ext: 2.6811e-04 | ms/ep: 111.4 | LR: 1.41e-05 | ETA: 3.8min
[47960/50000] Loss: 9.8303e-03 | PDE: 1.0287e-03 | Holes: 2.6360e-06 | Ext: 2.6415e-04 | ms/ep: 104.4 | LR: 1.41e-05 | ETA: 3.5min
[47970/50000] Loss: 9.7371e-03 | PDE: 9.3970e-04 | Holes: 2.5775e-06 | Ext: 2.7178e-04 | ms/ep: 104.3 | LR: 1.40e-05 | ETA: 3.5min
[47980/50000] Loss: 9.7142e-03 | PDE: 9.2478e-04 | Holes: 2.5686e-06 | Ext: 2.6745e-04 | ms/ep: 104.2 | LR: 1.40e-05 | ETA: 3.5min
[47990/50000] Loss: 9.6896e-03 | PDE: 9.0411e-04 | Holes: 2.5555e-06 | Ext: 2.6938e-04 | ms/ep: 104.4 | LR: 1.39e-05 | ETA: 3.5min
[48000/50000] Loss: 9.6868e-03 | PDE: 9.0481e-04 | Holes: 2.5574e-06 | Ext: 2.6836e-04 | ms/ep: 104.2 | LR: 1.39e-05 | ETA: 3.5min
[48010/50000] Loss: 9.6813e-03 | PDE: 9.0197e-04 | Holes: 2.5542e-06 | Ext: 2.6856e-04 | ms/ep: 104.4 | LR: 1.39e-05 | ETA: 3.5min
[48020/50000] Loss: 9.6784e-03 | PDE: 9.0209e-04 | Holes: 2.5529e-06 | Ext: 2.6810e-04 | ms/ep: 104.3 | LR: 1.38e-05 | ETA: 3.4min
[48030/50000] Loss: 9.6751e-03 | PDE: 9.0156e-04 | Holes: 2.5515e-06 | Ext: 2.6834e-04 | ms/ep: 104.4 | LR: 1.38e-05 | ETA: 3.4min
[48040/50000] Loss: 9.6719e-03 | PDE: 9.0130e-04 | Holes: 2.5511e-06 | Ext: 2.6805e-04 | ms/ep: 104.4 | LR: 1.37e-05 | ETA: 3.4min
[48050/50000] Loss: 9.6688e-03 | PDE: 9.0116e-04 | Holes: 2.5505e-06 | Ext: 2.6783e-04 | ms/ep: 104.3 | LR: 1.37e-05 | ETA: 3.4min
[48060/50000] Loss: 9.6662e-03 | PDE: 9.0151e-04 | Holes: 2.5507e-06 | Ext: 2.6753e-04 | ms/ep: 104.3 | LR: 1.37e-05 | ETA: 3.4min
[48070/50000] Loss: 9.6879e-03 | PDE: 9.2475e-04 | Holes: 2.5646e-06 | Ext: 2.6568e-04 | ms/ep: 104.5 | LR: 1.36e-05 | ETA: 3.4min
[48080/50000] Loss: 9.7294e-03 | PDE: 9.6389e-04 | Holes: 2.6070e-06 | Ext: 2.6385e-04 | ms/ep: 104.4 | LR: 1.36e-05 | ETA: 3.3min
[48090/50000] Loss: 9.6754e-03 | PDE: 9.1736e-04 | Holes: 2.5584e-06 | Ext: 2.6776e-04 | ms/ep: 104.3 | LR: 1.36e-05 | ETA: 3.3min
[48100/50000] Loss: 9.6646e-03 | PDE: 9.0919e-04 | Holes: 2.5593e-06 | Ext: 2.6836e-04 | ms/ep: 104.4 | LR: 1.35e-05 | ETA: 3.3min
[48110/50000] Loss: 9.6533e-03 | PDE: 9.0180e-04 | Holes: 2.5462e-06 | Ext: 2.6687e-04 | ms/ep: 104.2 | LR: 1.35e-05 | ETA: 3.3min
[48120/50000] Loss: 9.6502e-03 | PDE: 9.0100e-04 | Holes: 2.5450e-06 | Ext: 2.6778e-04 | ms/ep: 104.4 | LR: 1.34e-05 | ETA: 3.3min
[48130/50000] Loss: 9.6453e-03 | PDE: 8.9942e-04 | Holes: 2.5451e-06 | Ext: 2.6705e-04 | ms/ep: 104.3 | LR: 1.34e-05 | ETA: 3.3min
[48140/50000] Loss: 9.6422e-03 | PDE: 8.9905e-04 | Holes: 2.5446e-06 | Ext: 2.6737e-04 | ms/ep: 104.4 | LR: 1.34e-05 | ETA: 3.2min
[48150/50000] Loss: 9.6390e-03 | PDE: 8.9875e-04 | Holes: 2.5441e-06 | Ext: 2.6692e-04 | ms/ep: 104.7 | LR: 1.33e-05 | ETA: 3.2min
[48160/50000] Loss: 9.6359e-03 | PDE: 8.9847e-04 | Holes: 2.5436e-06 | Ext: 2.6683e-04 | ms/ep: 104.3 | LR: 1.33e-05 | ETA: 3.2min
[48170/50000] Loss: 9.6328e-03 | PDE: 8.9829e-04 | Holes: 2.5430e-06 | Ext: 2.6673e-04 | ms/ep: 104.5 | LR: 1.33e-05 | ETA: 3.2min
[48180/50000] Loss: 9.6304e-03 | PDE: 8.9874e-04 | Holes: 2.5428e-06 | Ext: 2.6634e-04 | ms/ep: 104.3 | LR: 1.32e-05 | ETA: 3.2min
[48190/50000] Loss: 9.6538e-03 | PDE: 9.2363e-04 | Holes: 2.5577e-06 | Ext: 2.6451e-04 | ms/ep: 104.2 | LR: 1.32e-05 | ETA: 3.1min
[48200/50000] Loss: 9.6829e-03 | PDE: 9.5133e-04 | Holes: 2.5902e-06 | Ext: 2.6304e-04 | ms/ep: 104.4 | LR: 1.32e-05 | ETA: 3.1min
[48210/50000] Loss: 9.6356e-03 | PDE: 9.1073e-04 | Holes: 2.5478e-06 | Ext: 2.6678e-04 | ms/ep: 104.3 | LR: 1.31e-05 | ETA: 3.1min
[48220/50000] Loss: 9.6245e-03 | PDE: 9.0215e-04 | Holes: 2.5480e-06 | Ext: 2.6724e-04 | ms/ep: 104.4 | LR: 1.31e-05 | ETA: 3.1min
[48230/50000] Loss: 9.6180e-03 | PDE: 8.9947e-04 | Holes: 2.5383e-06 | Ext: 2.6573e-04 | ms/ep: 104.1 | LR: 1.31e-05 | ETA: 3.1min
[48240/50000] Loss: 9.6140e-03 | PDE: 8.9783e-04 | Holes: 2.5372e-06 | Ext: 2.6661e-04 | ms/ep: 104.5 | LR: 1.30e-05 | ETA: 3.1min
[48250/50000] Loss: 9.6097e-03 | PDE: 8.9678e-04 | Holes: 2.5383e-06 | Ext: 2.6593e-04 | ms/ep: 104.4 | LR: 1.30e-05 | ETA: 3.0min
[48260/50000] Loss: 9.6064e-03 | PDE: 8.9608e-04 | Holes: 2.5367e-06 | Ext: 2.6621e-04 | ms/ep: 104.4 | LR: 1.30e-05 | ETA: 3.0min
[48270/50000] Loss: 9.6032e-03 | PDE: 8.9580e-04 | Holes: 2.5360e-06 | Ext: 2.6591e-04 | ms/ep: 104.4 | LR: 1.29e-05 | ETA: 3.0min
[48280/50000] Loss: 9.6002e-03 | PDE: 8.9554e-04 | Holes: 2.5357e-06 | Ext: 2.6582e-04 | ms/ep: 104.5 | LR: 1.29e-05 | ETA: 3.0min
[48290/50000] Loss: 9.5971e-03 | PDE: 8.9530e-04 | Holes: 2.5350e-06 | Ext: 2.6573e-04 | ms/ep: 104.4 | LR: 1.29e-05 | ETA: 3.0min
[48300/50000] Loss: 9.5945e-03 | PDE: 8.9531e-04 | Holes: 2.5340e-06 | Ext: 2.6582e-04 | ms/ep: 104.4 | LR: 1.28e-05 | ETA: 3.0min
[48310/50000] Loss: 9.6167e-03 | PDE: 9.1731e-04 | Holes: 2.5415e-06 | Ext: 2.6756e-04 | ms/ep: 104.3 | LR: 1.28e-05 | ETA: 2.9min
[48320/50000] Loss: 9.6547e-03 | PDE: 9.5179e-04 | Holes: 2.5863e-06 | Ext: 2.6900e-04 | ms/ep: 104.2 | LR: 1.28e-05 | ETA: 2.9min
[48330/50000] Loss: 9.6014e-03 | PDE: 9.0716e-04 | Holes: 2.5339e-06 | Ext: 2.6648e-04 | ms/ep: 104.3 | LR: 1.27e-05 | ETA: 2.9min
[48340/50000] Loss: 9.6001e-03 | PDE: 9.0954e-04 | Holes: 2.5480e-06 | Ext: 2.6458e-04 | ms/ep: 104.1 | LR: 1.27e-05 | ETA: 2.9min
[48350/50000] Loss: 9.5840e-03 | PDE: 8.9700e-04 | Holes: 2.5331e-06 | Ext: 2.6578e-04 | ms/ep: 104.5 | LR: 1.27e-05 | ETA: 2.9min
[48360/50000] Loss: 9.5773e-03 | PDE: 8.9371e-04 | Holes: 2.5312e-06 | Ext: 2.6537e-04 | ms/ep: 104.5 | LR: 1.26e-05 | ETA: 2.9min
[48370/50000] Loss: 9.5747e-03 | PDE: 8.9398e-04 | Holes: 2.5323e-06 | Ext: 2.6484e-04 | ms/ep: 104.3 | LR: 1.26e-05 | ETA: 2.8min
[48380/50000] Loss: 9.5713e-03 | PDE: 8.9325e-04 | Holes: 2.5289e-06 | Ext: 2.6517e-04 | ms/ep: 104.6 | LR: 1.26e-05 | ETA: 2.8min
[48390/50000] Loss: 9.5682e-03 | PDE: 8.9300e-04 | Holes: 2.5282e-06 | Ext: 2.6471e-04 | ms/ep: 104.1 | LR: 1.25e-05 | ETA: 2.8min
[48400/50000] Loss: 9.5652e-03 | PDE: 8.9262e-04 | Holes: 2.5278e-06 | Ext: 2.6475e-04 | ms/ep: 104.5 | LR: 1.25e-05 | ETA: 2.8min
[48410/50000] Loss: 9.5622e-03 | PDE: 8.9240e-04 | Holes: 2.5274e-06 | Ext: 2.6468e-04 | ms/ep: 104.4 | LR: 1.25e-05 | ETA: 2.8min
[48420/50000] Loss: 9.5592e-03 | PDE: 8.9219e-04 | Holes: 2.5267e-06 | Ext: 2.6448e-04 | ms/ep: 104.2 | LR: 1.24e-05 | ETA: 2.7min
[48430/50000] Loss: 9.5564e-03 | PDE: 8.9216e-04 | Holes: 2.5263e-06 | Ext: 2.6423e-04 | ms/ep: 104.5 | LR: 1.24e-05 | ETA: 2.7min
[48440/50000] Loss: 9.5565e-03 | PDE: 8.9506e-04 | Holes: 2.5279e-06 | Ext: 2.6356e-04 | ms/ep: 104.4 | LR: 1.24e-05 | ETA: 2.7min
[48450/50000] Loss: 9.6608e-03 | PDE: 9.9508e-04 | Holes: 2.5858e-06 | Ext: 2.6007e-04 | ms/ep: 104.5 | LR: 1.23e-05 | ETA: 2.7min
[48460/50000] Loss: 9.5822e-03 | PDE: 9.2064e-04 | Holes: 2.5368e-06 | Ext: 2.6662e-04 | ms/ep: 104.3 | LR: 1.23e-05 | ETA: 2.7min
[48470/50000] Loss: 9.5648e-03 | PDE: 9.0898e-04 | Holes: 2.5444e-06 | Ext: 2.6250e-04 | ms/ep: 104.4 | LR: 1.23e-05 | ETA: 2.7min
[48480/50000] Loss: 9.5456e-03 | PDE: 8.9374e-04 | Holes: 2.5240e-06 | Ext: 2.6485e-04 | ms/ep: 104.4 | LR: 1.23e-05 | ETA: 2.6min
[48490/50000] Loss: 9.5406e-03 | PDE: 8.9205e-04 | Holes: 2.5239e-06 | Ext: 2.6383e-04 | ms/ep: 104.5 | LR: 1.22e-05 | ETA: 2.6min
[48500/50000] Loss: 9.5364e-03 | PDE: 8.9033e-04 | Holes: 2.5217e-06 | Ext: 2.6394e-04 | ms/ep: 104.5 | LR: 1.22e-05 | ETA: 2.6min
[48510/50000] Loss: 9.5334e-03 | PDE: 8.9017e-04 | Holes: 2.5209e-06 | Ext: 2.6359e-04 | ms/ep: 104.1 | LR: 1.22e-05 | ETA: 2.6min
[48520/50000] Loss: 9.5305e-03 | PDE: 8.8989e-04 | Holes: 2.5202e-06 | Ext: 2.6382e-04 | ms/ep: 104.4 | LR: 1.21e-05 | ETA: 2.6min
[48530/50000] Loss: 9.5273e-03 | PDE: 8.8955e-04 | Holes: 2.5197e-06 | Ext: 2.6349e-04 | ms/ep: 104.1 | LR: 1.21e-05 | ETA: 2.6min
[48540/50000] Loss: 9.5244e-03 | PDE: 8.8935e-04 | Holes: 2.5191e-06 | Ext: 2.6336e-04 | ms/ep: 104.5 | LR: 1.21e-05 | ETA: 2.5min
[48550/50000] Loss: 9.5215e-03 | PDE: 8.8915e-04 | Holes: 2.5185e-06 | Ext: 2.6323e-04 | ms/ep: 104.3 | LR: 1.21e-05 | ETA: 2.5min
[48560/50000] Loss: 9.5195e-03 | PDE: 8.8996e-04 | Holes: 2.5188e-06 | Ext: 2.6280e-04 | ms/ep: 104.2 | LR: 1.20e-05 | ETA: 2.5min
[48570/50000] Loss: 9.6005e-03 | PDE: 9.6873e-04 | Holes: 2.5627e-06 | Ext: 2.5962e-04 | ms/ep: 104.1 | LR: 1.20e-05 | ETA: 2.5min
[48580/50000] Loss: 9.5646e-03 | PDE: 9.3401e-04 | Holes: 2.5364e-06 | Ext: 2.6511e-04 | ms/ep: 104.1 | LR: 1.20e-05 | ETA: 2.5min
[48590/50000] Loss: 9.5399e-03 | PDE: 9.1391e-04 | Holes: 2.5568e-06 | Ext: 2.6184e-04 | ms/ep: 104.7 | LR: 1.19e-05 | ETA: 2.5min
[48600/50000] Loss: 9.5096e-03 | PDE: 8.8899e-04 | Holes: 2.5208e-06 | Ext: 2.6342e-04 | ms/ep: 104.2 | LR: 1.19e-05 | ETA: 2.4min
[48610/50000] Loss: 9.5062e-03 | PDE: 8.8876e-04 | Holes: 2.5153e-06 | Ext: 2.6337e-04 | ms/ep: 104.4 | LR: 1.19e-05 | ETA: 2.4min
[48620/50000] Loss: 9.5031e-03 | PDE: 8.8871e-04 | Holes: 2.5163e-06 | Ext: 2.6251e-04 | ms/ep: 104.5 | LR: 1.19e-05 | ETA: 2.4min
[48630/50000] Loss: 9.4992e-03 | PDE: 8.8728e-04 | Holes: 2.5138e-06 | Ext: 2.6281e-04 | ms/ep: 104.2 | LR: 1.18e-05 | ETA: 2.4min
[48640/50000] Loss: 9.4961e-03 | PDE: 8.8689e-04 | Holes: 2.5122e-06 | Ext: 2.6261e-04 | ms/ep: 104.5 | LR: 1.18e-05 | ETA: 2.4min
[48650/50000] Loss: 9.4931e-03 | PDE: 8.8669e-04 | Holes: 2.5121e-06 | Ext: 2.6241e-04 | ms/ep: 104.4 | LR: 1.18e-05 | ETA: 2.3min
[48660/50000] Loss: 9.4902e-03 | PDE: 8.8642e-04 | Holes: 2.5119e-06 | Ext: 2.6237e-04 | ms/ep: 104.2 | LR: 1.18e-05 | ETA: 2.3min
[48670/50000] Loss: 9.4873e-03 | PDE: 8.8620e-04 | Holes: 2.5109e-06 | Ext: 2.6228e-04 | ms/ep: 104.1 | LR: 1.17e-05 | ETA: 2.3min
[48680/50000] Loss: 9.4844e-03 | PDE: 8.8599e-04 | Holes: 2.5102e-06 | Ext: 2.6212e-04 | ms/ep: 104.4 | LR: 1.17e-05 | ETA: 2.3min
[48690/50000] Loss: 9.4815e-03 | PDE: 8.8577e-04 | Holes: 2.5096e-06 | Ext: 2.6202e-04 | ms/ep: 104.5 | LR: 1.17e-05 | ETA: 2.3min
[48700/50000] Loss: 9.4787e-03 | PDE: 8.8570e-04 | Holes: 2.5092e-06 | Ext: 2.6181e-04 | ms/ep: 104.2 | LR: 1.17e-05 | ETA: 2.3min
[48710/50000] Loss: 9.4810e-03 | PDE: 8.9058e-04 | Holes: 2.5120e-06 | Ext: 2.6093e-04 | ms/ep: 104.5 | LR: 1.16e-05 | ETA: 2.2min
[48720/50000] Loss: 9.6771e-03 | PDE: 1.0758e-03 | Holes: 2.6236e-06 | Ext: 2.5622e-04 | ms/ep: 104.2 | LR: 1.16e-05 | ETA: 2.2min
[48730/50000] Loss: 9.5207e-03 | PDE: 9.2750e-04 | Holes: 2.5602e-06 | Ext: 2.6484e-04 | ms/ep: 104.4 | LR: 1.16e-05 | ETA: 2.2min
[48740/50000] Loss: 9.4704e-03 | PDE: 8.8640e-04 | Holes: 2.5033e-06 | Ext: 2.6208e-04 | ms/ep: 104.6 | LR: 1.16e-05 | ETA: 2.2min
[48750/50000] Loss: 9.4726e-03 | PDE: 8.9138e-04 | Holes: 2.5132e-06 | Ext: 2.6082e-04 | ms/ep: 104.3 | LR: 1.15e-05 | ETA: 2.2min
[48760/50000] Loss: 9.4640e-03 | PDE: 8.8548e-04 | Holes: 2.5089e-06 | Ext: 2.6182e-04 | ms/ep: 104.5 | LR: 1.15e-05 | ETA: 2.2min
[48770/50000] Loss: 9.4594e-03 | PDE: 8.8383e-04 | Holes: 2.5078e-06 | Ext: 2.6151e-04 | ms/ep: 104.5 | LR: 1.15e-05 | ETA: 2.1min
[48780/50000] Loss: 9.4566e-03 | PDE: 8.8379e-04 | Holes: 2.5047e-06 | Ext: 2.6129e-04 | ms/ep: 104.4 | LR: 1.15e-05 | ETA: 2.1min
[48790/50000] Loss: 9.4536e-03 | PDE: 8.8336e-04 | Holes: 2.5029e-06 | Ext: 2.6134e-04 | ms/ep: 104.4 | LR: 1.14e-05 | ETA: 2.1min
[48800/50000] Loss: 9.4507e-03 | PDE: 8.8315e-04 | Holes: 2.5025e-06 | Ext: 2.6107e-04 | ms/ep: 104.1 | LR: 1.14e-05 | ETA: 2.1min
[48810/50000] Loss: 9.4478e-03 | PDE: 8.8289e-04 | Holes: 2.5025e-06 | Ext: 2.6101e-04 | ms/ep: 104.2 | LR: 1.14e-05 | ETA: 2.1min
[48820/50000] Loss: 9.4449e-03 | PDE: 8.8266e-04 | Holes: 2.5015e-06 | Ext: 2.6097e-04 | ms/ep: 104.4 | LR: 1.14e-05 | ETA: 2.1min
[48830/50000] Loss: 9.4421e-03 | PDE: 8.8244e-04 | Holes: 2.5007e-06 | Ext: 2.6082e-04 | ms/ep: 104.2 | LR: 1.13e-05 | ETA: 2.0min
[48840/50000] Loss: 9.4395e-03 | PDE: 8.8265e-04 | Holes: 2.5008e-06 | Ext: 2.6048e-04 | ms/ep: 104.4 | LR: 1.13e-05 | ETA: 2.0min
[48850/50000] Loss: 9.4516e-03 | PDE: 8.9681e-04 | Holes: 2.5089e-06 | Ext: 2.5910e-04 | ms/ep: 104.6 | LR: 1.13e-05 | ETA: 2.0min
[48860/50000] Loss: 9.5487e-03 | PDE: 9.8873e-04 | Holes: 2.5785e-06 | Ext: 2.5615e-04 | ms/ep: 104.3 | LR: 1.13e-05 | ETA: 2.0min
[48870/50000] Loss: 9.4518e-03 | PDE: 9.0060e-04 | Holes: 2.5123e-06 | Ext: 2.6134e-04 | ms/ep: 104.2 | LR: 1.12e-05 | ETA: 2.0min
[48880/50000] Loss: 9.4324e-03 | PDE: 8.8361e-04 | Holes: 2.5120e-06 | Ext: 2.6126e-04 | ms/ep: 104.1 | LR: 1.12e-05 | ETA: 1.9min
[48890/50000] Loss: 9.4294e-03 | PDE: 8.8480e-04 | Holes: 2.4956e-06 | Ext: 2.5977e-04 | ms/ep: 104.6 | LR: 1.12e-05 | ETA: 1.9min
[48900/50000] Loss: 9.4241e-03 | PDE: 8.8180e-04 | Holes: 2.4978e-06 | Ext: 2.6059e-04 | ms/ep: 104.4 | LR: 1.12e-05 | ETA: 1.9min
[48910/50000] Loss: 9.4203e-03 | PDE: 8.8082e-04 | Holes: 2.4998e-06 | Ext: 2.6006e-04 | ms/ep: 104.4 | LR: 1.12e-05 | ETA: 1.9min
[48920/50000] Loss: 9.4172e-03 | PDE: 8.8032e-04 | Holes: 2.4949e-06 | Ext: 2.6021e-04 | ms/ep: 104.4 | LR: 1.11e-05 | ETA: 1.9min
[48930/50000] Loss: 9.4143e-03 | PDE: 8.8017e-04 | Holes: 2.4940e-06 | Ext: 2.5987e-04 | ms/ep: 104.4 | LR: 1.11e-05 | ETA: 1.9min
[48940/50000] Loss: 9.4115e-03 | PDE: 8.7981e-04 | Holes: 2.4940e-06 | Ext: 2.5993e-04 | ms/ep: 104.5 | LR: 1.11e-05 | ETA: 1.8min
[48950/50000] Loss: 9.4086e-03 | PDE: 8.7961e-04 | Holes: 2.4935e-06 | Ext: 2.5986e-04 | ms/ep: 104.4 | LR: 1.11e-05 | ETA: 1.8min
[48960/50000] Loss: 9.4057e-03 | PDE: 8.7937e-04 | Holes: 2.4925e-06 | Ext: 2.5970e-04 | ms/ep: 104.4 | LR: 1.11e-05 | ETA: 1.8min
[48970/50000] Loss: 9.4029e-03 | PDE: 8.7916e-04 | Holes: 2.4920e-06 | Ext: 2.5966e-04 | ms/ep: 104.2 | LR: 1.10e-05 | ETA: 1.8min
[48980/50000] Loss: 9.4027e-03 | PDE: 8.8106e-04 | Holes: 2.4915e-06 | Ext: 2.6011e-04 | ms/ep: 104.1 | LR: 1.10e-05 | ETA: 1.8min
[48990/50000] Loss: 9.6232e-03 | PDE: 1.0822e-03 | Holes: 2.5757e-06 | Ext: 2.6582e-04 | ms/ep: 104.1 | LR: 1.10e-05 | ETA: 1.8min
[49000/50000] Loss: 9.4529e-03 | PDE: 9.3071e-04 | Holes: 2.5587e-06 | Ext: 2.5631e-04 | ms/ep: 104.1 | LR: 1.10e-05 | ETA: 1.7min
[49010/50000] Loss: 9.3996e-03 | PDE: 8.8509e-04 | Holes: 2.4931e-06 | Ext: 2.5934e-04 | ms/ep: 104.0 | LR: 1.10e-05 | ETA: 1.7min
[49020/50000] Loss: 9.3975e-03 | PDE: 8.8512e-04 | Holes: 2.4971e-06 | Ext: 2.5994e-04 | ms/ep: 104.1 | LR: 1.09e-05 | ETA: 1.7min
[49030/50000] Loss: 9.3892e-03 | PDE: 8.7984e-04 | Holes: 2.4923e-06 | Ext: 2.5921e-04 | ms/ep: 104.2 | LR: 1.09e-05 | ETA: 1.7min
[49040/50000] Loss: 9.3853e-03 | PDE: 8.7853e-04 | Holes: 2.4909e-06 | Ext: 2.5888e-04 | ms/ep: 104.4 | LR: 1.09e-05 | ETA: 1.7min
[49050/50000] Loss: 9.3815e-03 | PDE: 8.7725e-04 | Holes: 2.4887e-06 | Ext: 2.5914e-04 | ms/ep: 104.4 | LR: 1.09e-05 | ETA: 1.7min
[49060/50000] Loss: 9.3785e-03 | PDE: 8.7699e-04 | Holes: 2.4859e-06 | Ext: 2.5888e-04 | ms/ep: 104.2 | LR: 1.09e-05 | ETA: 1.6min
[49070/50000] Loss: 9.3756e-03 | PDE: 8.7674e-04 | Holes: 2.4864e-06 | Ext: 2.5877e-04 | ms/ep: 104.1 | LR: 1.08e-05 | ETA: 1.6min
[49080/50000] Loss: 9.3729e-03 | PDE: 8.7651e-04 | Holes: 2.4861e-06 | Ext: 2.5869e-04 | ms/ep: 104.4 | LR: 1.08e-05 | ETA: 1.6min
[49090/50000] Loss: 9.3701e-03 | PDE: 8.7629e-04 | Holes: 2.4850e-06 | Ext: 2.5857e-04 | ms/ep: 104.4 | LR: 1.08e-05 | ETA: 1.6min
[49100/50000] Loss: 9.3673e-03 | PDE: 8.7607e-04 | Holes: 2.4841e-06 | Ext: 2.5846e-04 | ms/ep: 104.3 | LR: 1.08e-05 | ETA: 1.6min
[49110/50000] Loss: 9.3645e-03 | PDE: 8.7585e-04 | Holes: 2.4835e-06 | Ext: 2.5837e-04 | ms/ep: 104.1 | LR: 1.08e-05 | ETA: 1.5min
[49120/50000] Loss: 9.3617e-03 | PDE: 8.7563e-04 | Holes: 2.4830e-06 | Ext: 2.5829e-04 | ms/ep: 104.2 | LR: 1.08e-05 | ETA: 1.5min
[49130/50000] Loss: 9.3590e-03 | PDE: 8.7547e-04 | Holes: 2.4821e-06 | Ext: 2.5830e-04 | ms/ep: 104.4 | LR: 1.07e-05 | ETA: 1.5min
[49140/50000] Loss: 9.3648e-03 | PDE: 8.8271e-04 | Holes: 2.4834e-06 | Ext: 2.5925e-04 | ms/ep: 104.2 | LR: 1.07e-05 | ETA: 1.5min
[49150/50000] Loss: 9.5961e-03 | PDE: 1.0920e-03 | Holes: 2.5884e-06 | Ext: 2.6493e-04 | ms/ep: 104.4 | LR: 1.07e-05 | ETA: 1.5min
[49160/50000] Loss: 9.3792e-03 | PDE: 9.0010e-04 | Holes: 2.5008e-06 | Ext: 2.5743e-04 | ms/ep: 104.3 | LR: 1.07e-05 | ETA: 1.5min
[49170/50000] Loss: 9.3662e-03 | PDE: 8.8895e-04 | Holes: 2.5272e-06 | Ext: 2.5691e-04 | ms/ep: 104.3 | LR: 1.07e-05 | ETA: 1.4min
[49180/50000] Loss: 9.3481e-03 | PDE: 8.7499e-04 | Holes: 2.5021e-06 | Ext: 2.5800e-04 | ms/ep: 104.5 | LR: 1.07e-05 | ETA: 1.4min
[49190/50000] Loss: 9.3450e-03 | PDE: 8.7511e-04 | Holes: 2.4897e-06 | Ext: 2.5823e-04 | ms/ep: 104.3 | LR: 1.06e-05 | ETA: 1.4min
[49200/50000] Loss: 9.3408e-03 | PDE: 8.7414e-04 | Holes: 2.4825e-06 | Ext: 2.5759e-04 | ms/ep: 104.5 | LR: 1.06e-05 | ETA: 1.4min
[49210/50000] Loss: 9.3376e-03 | PDE: 8.7348e-04 | Holes: 2.4774e-06 | Ext: 2.5763e-04 | ms/ep: 104.2 | LR: 1.06e-05 | ETA: 1.4min
[49220/50000] Loss: 9.3349e-03 | PDE: 8.7325e-04 | Holes: 2.4763e-06 | Ext: 2.5755e-04 | ms/ep: 104.3 | LR: 1.06e-05 | ETA: 1.4min
[49230/50000] Loss: 9.3321e-03 | PDE: 8.7305e-04 | Holes: 2.4760e-06 | Ext: 2.5738e-04 | ms/ep: 104.5 | LR: 1.06e-05 | ETA: 1.3min
[49240/50000] Loss: 9.3293e-03 | PDE: 8.7282e-04 | Holes: 2.4756e-06 | Ext: 2.5729e-04 | ms/ep: 104.2 | LR: 1.06e-05 | ETA: 1.3min
[49250/50000] Loss: 9.3266e-03 | PDE: 8.7258e-04 | Holes: 2.4750e-06 | Ext: 2.5722e-04 | ms/ep: 104.4 | LR: 1.05e-05 | ETA: 1.3min
[49260/50000] Loss: 9.3238e-03 | PDE: 8.7236e-04 | Holes: 2.4746e-06 | Ext: 2.5713e-04 | ms/ep: 104.3 | LR: 1.05e-05 | ETA: 1.3min
[49270/50000] Loss: 9.3211e-03 | PDE: 8.7214e-04 | Holes: 2.4738e-06 | Ext: 2.5707e-04 | ms/ep: 104.4 | LR: 1.05e-05 | ETA: 1.3min
[49280/50000] Loss: 9.3184e-03 | PDE: 8.7195e-04 | Holes: 2.4731e-06 | Ext: 2.5702e-04 | ms/ep: 104.3 | LR: 1.05e-05 | ETA: 1.3min
[49290/50000] Loss: 9.3187e-03 | PDE: 8.7434e-04 | Holes: 2.4728e-06 | Ext: 2.5749e-04 | ms/ep: 104.3 | LR: 1.05e-05 | ETA: 1.2min
[49300/50000] Loss: 9.5119e-03 | PDE: 1.0514e-03 | Holes: 2.5434e-06 | Ext: 2.6258e-04 | ms/ep: 104.3 | LR: 1.05e-05 | ETA: 1.2min
[49310/50000] Loss: 9.3683e-03 | PDE: 9.2380e-04 | Holes: 2.5344e-06 | Ext: 2.5369e-04 | ms/ep: 106.8 | LR: 1.05e-05 | ETA: 1.2min
[49320/50000] Loss: 9.3206e-03 | PDE: 8.8296e-04 | Holes: 2.4825e-06 | Ext: 2.5688e-04 | ms/ep: 107.5 | LR: 1.05e-05 | ETA: 1.2min
[49330/50000] Loss: 9.3125e-03 | PDE: 8.7744e-04 | Holes: 2.4764e-06 | Ext: 2.5725e-04 | ms/ep: 128.4 | LR: 1.04e-05 | ETA: 1.4min
[49340/50000] Loss: 9.3035e-03 | PDE: 8.7132e-04 | Holes: 2.4710e-06 | Ext: 2.5632e-04 | ms/ep: 127.0 | LR: 1.04e-05 | ETA: 1.4min
[49350/50000] Loss: 9.3005e-03 | PDE: 8.7059e-04 | Holes: 2.4714e-06 | Ext: 2.5635e-04 | ms/ep: 108.4 | LR: 1.04e-05 | ETA: 1.2min
[49360/50000] Loss: 9.2974e-03 | PDE: 8.7014e-04 | Holes: 2.4686e-06 | Ext: 2.5644e-04 | ms/ep: 127.1 | LR: 1.04e-05 | ETA: 1.4min
[49370/50000] Loss: 9.2945e-03 | PDE: 8.6993e-04 | Holes: 2.4675e-06 | Ext: 2.5615e-04 | ms/ep: 113.8 | LR: 1.04e-05 | ETA: 1.2min
[49380/50000] Loss: 9.2917e-03 | PDE: 8.6959e-04 | Holes: 2.4674e-06 | Ext: 2.5619e-04 | ms/ep: 107.6 | LR: 1.04e-05 | ETA: 1.1min
[49390/50000] Loss: 9.2889e-03 | PDE: 8.6937e-04 | Holes: 2.4668e-06 | Ext: 2.5599e-04 | ms/ep: 108.1 | LR: 1.04e-05 | ETA: 1.1min
[49400/50000] Loss: 9.2862e-03 | PDE: 8.6915e-04 | Holes: 2.4663e-06 | Ext: 2.5589e-04 | ms/ep: 111.5 | LR: 1.04e-05 | ETA: 1.1min
[49410/50000] Loss: 9.2835e-03 | PDE: 8.6898e-04 | Holes: 2.4656e-06 | Ext: 2.5575e-04 | ms/ep: 108.7 | LR: 1.03e-05 | ETA: 1.1min
[49420/50000] Loss: 9.2810e-03 | PDE: 8.6909e-04 | Holes: 2.4651e-06 | Ext: 2.5549e-04 | ms/ep: 114.1 | LR: 1.03e-05 | ETA: 1.1min
[49430/50000] Loss: 9.2853e-03 | PDE: 8.7579e-04 | Holes: 2.4683e-06 | Ext: 2.5458e-04 | ms/ep: 106.3 | LR: 1.03e-05 | ETA: 1.0min
[49440/50000] Loss: 9.4633e-03 | PDE: 1.0450e-03 | Holes: 2.5562e-06 | Ext: 2.5036e-04 | ms/ep: 105.4 | LR: 1.03e-05 | ETA: 1.0min
[49450/50000] Loss: 9.3119e-03 | PDE: 9.0202e-04 | Holes: 2.4930e-06 | Ext: 2.5805e-04 | ms/ep: 106.6 | LR: 1.03e-05 | ETA: 1.0min
[49460/50000] Loss: 9.2758e-03 | PDE: 8.7167e-04 | Holes: 2.4672e-06 | Ext: 2.5596e-04 | ms/ep: 106.3 | LR: 1.03e-05 | ETA: 1.0min
[49470/50000] Loss: 9.2745e-03 | PDE: 8.7405e-04 | Holes: 2.4632e-06 | Ext: 2.5464e-04 | ms/ep: 105.7 | LR: 1.03e-05 | ETA: 0.9min
[49480/50000] Loss: 9.2657e-03 | PDE: 8.6767e-04 | Holes: 2.4645e-06 | Ext: 2.5562e-04 | ms/ep: 104.2 | LR: 1.03e-05 | ETA: 0.9min
[49490/50000] Loss: 9.2630e-03 | PDE: 8.6761e-04 | Holes: 2.4645e-06 | Ext: 2.5527e-04 | ms/ep: 104.3 | LR: 1.03e-05 | ETA: 0.9min
[49500/50000] Loss: 9.2596e-03 | PDE: 8.6682e-04 | Holes: 2.4599e-06 | Ext: 2.5511e-04 | ms/ep: 104.5 | LR: 1.02e-05 | ETA: 0.9min
[49510/50000] Loss: 9.2569e-03 | PDE: 8.6660e-04 | Holes: 2.4588e-06 | Ext: 2.5502e-04 | ms/ep: 104.4 | LR: 1.02e-05 | ETA: 0.9min
[49520/50000] Loss: 9.2542e-03 | PDE: 8.6638e-04 | Holes: 2.4587e-06 | Ext: 2.5496e-04 | ms/ep: 104.9 | LR: 1.02e-05 | ETA: 0.8min
[49530/50000] Loss: 9.2514e-03 | PDE: 8.6616e-04 | Holes: 2.4582e-06 | Ext: 2.5479e-04 | ms/ep: 104.5 | LR: 1.02e-05 | ETA: 0.8min
[49540/50000] Loss: 9.2487e-03 | PDE: 8.6595e-04 | Holes: 2.4578e-06 | Ext: 2.5471e-04 | ms/ep: 104.4 | LR: 1.02e-05 | ETA: 0.8min
[49550/50000] Loss: 9.2460e-03 | PDE: 8.6570e-04 | Holes: 2.4568e-06 | Ext: 2.5463e-04 | ms/ep: 104.5 | LR: 1.02e-05 | ETA: 0.8min
[49560/50000] Loss: 9.2441e-03 | PDE: 8.6608e-04 | Holes: 2.4560e-06 | Ext: 2.5485e-04 | ms/ep: 106.2 | LR: 1.02e-05 | ETA: 0.8min
[49570/50000] Loss: 9.3411e-03 | PDE: 9.5628e-04 | Holes: 2.4886e-06 | Ext: 2.5835e-04 | ms/ep: 105.8 | LR: 1.02e-05 | ETA: 0.8min
[49580/50000] Loss: 9.3134e-03 | PDE: 9.3582e-04 | Holes: 2.5045e-06 | Ext: 2.5179e-04 | ms/ep: 104.2 | LR: 1.02e-05 | ETA: 0.7min
[49590/50000] Loss: 9.2736e-03 | PDE: 8.9990e-04 | Holes: 2.4910e-06 | Ext: 2.5507e-04 | ms/ep: 105.3 | LR: 1.02e-05 | ETA: 0.7min
[49600/50000] Loss: 9.2439e-03 | PDE: 8.7355e-04 | Holes: 2.4753e-06 | Ext: 2.5463e-04 | ms/ep: 105.2 | LR: 1.02e-05 | ETA: 0.7min
[49610/50000] Loss: 9.2344e-03 | PDE: 8.6742e-04 | Holes: 2.4617e-06 | Ext: 2.5388e-04 | ms/ep: 110.1 | LR: 1.01e-05 | ETA: 0.7min
[49620/50000] Loss: 9.2289e-03 | PDE: 8.6453e-04 | Holes: 2.4591e-06 | Ext: 2.5408e-04 | ms/ep: 111.8 | LR: 1.01e-05 | ETA: 0.7min
[49630/50000] Loss: 9.2259e-03 | PDE: 8.6398e-04 | Holes: 2.4549e-06 | Ext: 2.5432e-04 | ms/ep: 109.9 | LR: 1.01e-05 | ETA: 0.7min
[49640/50000] Loss: 9.2228e-03 | PDE: 8.6372e-04 | Holes: 2.4514e-06 | Ext: 2.5395e-04 | ms/ep: 104.6 | LR: 1.01e-05 | ETA: 0.6min
[49650/50000] Loss: 9.2200e-03 | PDE: 8.6337e-04 | Holes: 2.4507e-06 | Ext: 2.5388e-04 | ms/ep: 104.2 | LR: 1.01e-05 | ETA: 0.6min
[49660/50000] Loss: 9.2173e-03 | PDE: 8.6317e-04 | Holes: 2.4505e-06 | Ext: 2.5378e-04 | ms/ep: 104.5 | LR: 1.01e-05 | ETA: 0.6min
[49670/50000] Loss: 9.2146e-03 | PDE: 8.6293e-04 | Holes: 2.4500e-06 | Ext: 2.5369e-04 | ms/ep: 104.5 | LR: 1.01e-05 | ETA: 0.6min
[49680/50000] Loss: 9.2119e-03 | PDE: 8.6277e-04 | Holes: 2.4495e-06 | Ext: 2.5351e-04 | ms/ep: 104.7 | LR: 1.01e-05 | ETA: 0.6min
[49690/50000] Loss: 9.2092e-03 | PDE: 8.6251e-04 | Holes: 2.4488e-06 | Ext: 2.5347e-04 | ms/ep: 104.7 | LR: 1.01e-05 | ETA: 0.5min
[49700/50000] Loss: 9.2065e-03 | PDE: 8.6228e-04 | Holes: 2.4480e-06 | Ext: 2.5339e-04 | ms/ep: 104.4 | LR: 1.01e-05 | ETA: 0.5min
[49710/50000] Loss: 9.2038e-03 | PDE: 8.6207e-04 | Holes: 2.4474e-06 | Ext: 2.5329e-04 | ms/ep: 104.4 | LR: 1.01e-05 | ETA: 0.5min
[49720/50000] Loss: 9.2012e-03 | PDE: 8.6188e-04 | Holes: 2.4469e-06 | Ext: 2.5315e-04 | ms/ep: 104.5 | LR: 1.01e-05 | ETA: 0.5min
[49730/50000] Loss: 9.2010e-03 | PDE: 8.6435e-04 | Holes: 2.4479e-06 | Ext: 2.5247e-04 | ms/ep: 104.5 | LR: 1.01e-05 | ETA: 0.5min
[49740/50000] Loss: 9.5841e-03 | PDE: 1.2262e-03 | Holes: 2.6204e-06 | Ext: 2.4579e-04 | ms/ep: 104.4 | LR: 1.01e-05 | ETA: 0.5min
[49750/50000] Loss: 9.2304e-03 | PDE: 8.9390e-04 | Holes: 2.4964e-06 | Ext: 2.5283e-04 | ms/ep: 104.5 | LR: 1.01e-05 | ETA: 0.4min
[49760/50000] Loss: 9.2162e-03 | PDE: 8.8348e-04 | Holes: 2.4693e-06 | Ext: 2.5331e-04 | ms/ep: 104.4 | LR: 1.01e-05 | ETA: 0.4min
[49770/50000] Loss: 9.1935e-03 | PDE: 8.6479e-04 | Holes: 2.4530e-06 | Ext: 2.5316e-04 | ms/ep: 104.5 | LR: 1.01e-05 | ETA: 0.4min
[49780/50000] Loss: 9.1888e-03 | PDE: 8.6124e-04 | Holes: 2.4731e-06 | Ext: 2.5310e-04 | ms/ep: 104.5 | LR: 1.00e-05 | ETA: 0.4min
[49790/50000] Loss: 9.1849e-03 | PDE: 8.6054e-04 | Holes: 2.4567e-06 | Ext: 2.5301e-04 | ms/ep: 104.6 | LR: 1.00e-05 | ETA: 0.4min
[49800/50000] Loss: 9.1813e-03 | PDE: 8.5999e-04 | Holes: 2.4431e-06 | Ext: 2.5291e-04 | ms/ep: 104.6 | LR: 1.00e-05 | ETA: 0.3min
[49810/50000] Loss: 9.1787e-03 | PDE: 8.5975e-04 | Holes: 2.4413e-06 | Ext: 2.5275e-04 | ms/ep: 104.2 | LR: 1.00e-05 | ETA: 0.3min
[49820/50000] Loss: 9.1761e-03 | PDE: 8.5955e-04 | Holes: 2.4411e-06 | Ext: 2.5256e-04 | ms/ep: 104.5 | LR: 1.00e-05 | ETA: 0.3min
[49830/50000] Loss: 9.1735e-03 | PDE: 8.5934e-04 | Holes: 2.4405e-06 | Ext: 2.5242e-04 | ms/ep: 104.4 | LR: 1.00e-05 | ETA: 0.3min
[49840/50000] Loss: 9.1709e-03 | PDE: 8.5907e-04 | Holes: 2.4400e-06 | Ext: 2.5238e-04 | ms/ep: 104.6 | LR: 1.00e-05 | ETA: 0.3min
[49850/50000] Loss: 9.1683e-03 | PDE: 8.5888e-04 | Holes: 2.4394e-06 | Ext: 2.5223e-04 | ms/ep: 111.4 | LR: 1.00e-05 | ETA: 0.3min
[49860/50000] Loss: 9.1657e-03 | PDE: 8.5869e-04 | Holes: 2.4388e-06 | Ext: 2.5211e-04 | ms/ep: 116.0 | LR: 1.00e-05 | ETA: 0.3min
[49870/50000] Loss: 9.1630e-03 | PDE: 8.5845e-04 | Holes: 2.4383e-06 | Ext: 2.5208e-04 | ms/ep: 104.7 | LR: 1.00e-05 | ETA: 0.2min
[49880/50000] Loss: 9.1604e-03 | PDE: 8.5825e-04 | Holes: 2.4377e-06 | Ext: 2.5197e-04 | ms/ep: 105.7 | LR: 1.00e-05 | ETA: 0.2min
[49890/50000] Loss: 9.1578e-03 | PDE: 8.5806e-04 | Holes: 2.4372e-06 | Ext: 2.5185e-04 | ms/ep: 105.2 | LR: 1.00e-05 | ETA: 0.2min
[49900/50000] Loss: 9.1551e-03 | PDE: 8.5784e-04 | Holes: 2.4365e-06 | Ext: 2.5176e-04 | ms/ep: 104.4 | LR: 1.00e-05 | ETA: 0.2min
[49910/50000] Loss: 9.1526e-03 | PDE: 8.5774e-04 | Holes: 2.4362e-06 | Ext: 2.5159e-04 | ms/ep: 106.6 | LR: 1.00e-05 | ETA: 0.2min
[49920/50000] Loss: 9.1534e-03 | PDE: 8.6102e-04 | Holes: 2.4383e-06 | Ext: 2.5095e-04 | ms/ep: 105.1 | LR: 1.00e-05 | ETA: 0.1min
[49930/50000] Loss: 9.3241e-03 | PDE: 1.0241e-03 | Holes: 2.5287e-06 | Ext: 2.4702e-04 | ms/ep: 104.4 | LR: 1.00e-05 | ETA: 0.1min
[49940/50000] Loss: 9.1961e-03 | PDE: 9.0068e-04 | Holes: 2.4732e-06 | Ext: 2.5449e-04 | ms/ep: 104.4 | LR: 1.00e-05 | ETA: 0.1min
[49950/50000] Loss: 9.1634e-03 | PDE: 8.7566e-04 | Holes: 2.4436e-06 | Ext: 2.5129e-04 | ms/ep: 104.5 | LR: 1.00e-05 | ETA: 0.1min
[49960/50000] Loss: 9.1438e-03 | PDE: 8.5979e-04 | Holes: 2.4354e-06 | Ext: 2.5134e-04 | ms/ep: 104.3 | LR: 1.00e-05 | ETA: 0.1min
[49970/50000] Loss: 9.1381e-03 | PDE: 8.5694e-04 | Holes: 2.4322e-06 | Ext: 2.5162e-04 | ms/ep: 104.4 | LR: 1.00e-05 | ETA: 0.1min
[49980/50000] Loss: 9.1359e-03 | PDE: 8.5735e-04 | Holes: 2.4338e-06 | Ext: 2.5097e-04 | ms/ep: 104.4 | LR: 1.00e-05 | ETA: 0.0min
[49990/50000] Loss: 9.1322e-03 | PDE: 8.5588e-04 | Holes: 2.4308e-06 | Ext: 2.5127e-04 | ms/ep: 104.5 | LR: 1.00e-05 | ETA: 0.0min
[50000/50000] Loss: 9.1296e-03 | PDE: 8.5577e-04 | Holes: 2.4303e-06 | Ext: 2.5090e-04 | ms/ep: 104.5 | LR: 1.00e-05 | ETA: 0.0min
================================================================================
Treinamento concluído em 5391.36s (89.86 min).
Velocidade Média: 111.66 ms/época (9.0 iterações/s)
================================================================================
Traceback (most recent call last):
  File "/home/warley/vault/research/eu/./paper2_heat_irregular_domain/src/train_heat_holes_2d.py", line 334, in <module>
    u_val_yy = torch.autograd.grad(u_val_y, y_val, torch.ones_like(u_val_y), create_graph=False)[0]
               ^^^^^^^^^^^^^^^^^^^^^^^^^^^^^^^^^^^^^^^^^^^^^^^^^^^^^^^^^^^^^^^^^^^^^^^^^^^^^^^^^
  File "/home/warley/.venv/pinn-gpu/lib/python3.11/site-packages/torch/autograd/__init__.py", line 496, in grad
    result = _engine_run_backward(
             ^^^^^^^^^^^^^^^^^^^^^
  File "/home/warley/.venv/pinn-gpu/lib/python3.11/site-packages/torch/autograd/graph.py", line 825, in _engine_run_backward
    return Variable._execution_engine.run_backward(  # Calls into the C++ engine to run the backward pass
           ^^^^^^^^^^^^^^^^^^^^^^^^^^^^^^^^^^^^^^^^^^^^^^^^^^^^^^^^^^^^^^^^^^^^^^^^^^^^^^^^^^^^^^^^^^^^^^
RuntimeError: Trying to backward through the graph a second time (or directly access saved tensors after they have already been freed). Saved intermediate values of the graph are freed when you call .backward() or autograd.grad(). Specify retain_graph=True if you need to backward through the graph a second time or if you need to access saved tensors after calling backward.
